country,iso3,date,temperature_c,precipitation_mm
Burkina Faso,BFA,2015-01-01,21.99,0.0
Burkina Faso,BFA,2015-02-01,27.28,0.17
Burkina Faso,BFA,2015-03-01,28.93,0.41
Burkina Faso,BFA,2015-04-01,31.21,0.01
Burkina Faso,BFA,2015-05-01,33.69,0.74
Burkina Faso,BFA,2015-06-01,30.25,4.8
Burkina Faso,BFA,2015-07-01,28.36,7.65
Burkina Faso,BFA,2015-08-01,26.01,11.02
Burkina Faso,BFA,2015-09-01,26.6,5.73
Burkina Faso,BFA,2015-10-01,27.59,1.99
Burkina Faso,BFA,2015-11-01,23.94,0.13
Burkina Faso,BFA,2015-12-01,18.91,0.0
Burkina Faso,BFA,2016-01-01,20.74,0.0
Burkina Faso,BFA,2016-02-01,23.73,0.0
Burkina Faso,BFA,2016-03-01,30.42,0.16
Burkina Faso,BFA,2016-04-01,33.37,1.17
Burkina Faso,BFA,2016-05-01,32.87,1.23
Burkina Faso,BFA,2016-06-01,29.6,4.3
Burkina Faso,BFA,2016-07-01,26.73,9.27
Burkina Faso,BFA,2016-08-01,26.43,8.33
Burkina Faso,BFA,2016-09-01,26.45,4.31
Burkina Faso,BFA,2016-10-01,27.62,0.68
Burkina Faso,BFA,2016-11-01,26.21,0.0
Burkina Faso,BFA,2016-12-01,23.8,0.0
Burkina Faso,BFA,2017-01-01,23.34,0.0
Burkina Faso,BFA,2017-02-01,26.65,0.0
Burkina Faso,BFA,2017-03-01,30.22,0.04
Burkina Faso,BFA,2017-04-01,32.43,0.96
Burkina Faso,BFA,2017-05-01,31.66,7.16
Burkina Faso,BFA,2017-06-01,28.91,4.67
Burkina Faso,BFA,2017-07-01,27.36,4.89
Burkina Faso,BFA,2017-08-01,26.66,7.14
Burkina Faso,BFA,2017-09-01,27.1,4.76
Burkina Faso,BFA,2017-10-01,27.16,0.37
Burkina Faso,BFA,2017-11-01,24.81,0.0
Burkina Faso,BFA,2017-12-01,23.04,0.0
Burkina Faso,BFA,2018-01-01,22.22,0.0
Burkina Faso,BFA,2018-02-01,27.04,0.33
Burkina Faso,BFA,2018-03-01,31.17,0.08
Burkina Faso,BFA,2018-04-01,32.93,0.25
Burkina Faso,BFA,2018-05-01,32.02,2.24
Burkina Faso,BFA,2018-06-01,29.13,2.89
Burkina Faso,BFA,2018-07-01,27.29,5.16
Burkina Faso,BFA,2018-08-01,25.84,10.15
Burkina Faso,BFA,2018-09-01,26.11,5.4
Burkina Faso,BFA,2018-10-01,27.33,2.34
Burkina Faso,BFA,2018-11-01,25.58,0.0
Burkina Faso,BFA,2018-12-01,21.93,0.0
Burkina Faso,BFA,2019-01-01,22.73,0.0
Burkina Faso,BFA,2019-02-01,25.33,0.0
Burkina Faso,BFA,2019-03-01,30.0,0.13
Burkina Faso,BFA,2019-04-01,32.4,1.62
Burkina Faso,BFA,2019-05-01,30.47,3.62
Burkina Faso,BFA,2019-06-01,30.27,2.82
Burkina Faso,BFA,2019-07-01,27.26,5.33
Burkina Faso,BFA,2019-08-01,26.13,8.27
Burkina Faso,BFA,2019-09-01,27.0,3.67
Burkina Faso,BFA,2019-10-01,26.78,3.42
Burkina Faso,BFA,2019-11-01,26.03,0.0
Burkina Faso,BFA,2019-12-01,22.65,0.0
Burkina Faso,BFA,2020-01-01,22.52,0.0
Burkina Faso,BFA,2020-02-01,25.22,0.0
Burkina Faso,BFA,2020-03-01,30.84,0.03
Burkina Faso,BFA,2020-04-01,32.51,0.68
Burkina Faso,BFA,2020-05-01,32.83,0.87
Burkina Faso,BFA,2020-06-01,29.47,4.94
Burkina Faso,BFA,2020-07-01,27.48,6.49
Burkina Faso,BFA,2020-08-01,26.01,10.57
Burkina Faso,BFA,2020-09-01,26.09,7.02
Burkina Faso,BFA,2020-10-01,25.84,1.66
Burkina Faso,BFA,2020-11-01,23.16,0.0
Burkina Faso,BFA,2020-12-01,23.84,0.0
Burkina Faso,BFA,2021-01-01,23.25,0.0
Burkina Faso,BFA,2021-02-01,25.42,0.0
Burkina Faso,BFA,2021-03-01,30.2,0.03
Burkina Faso,BFA,2021-04-01,32.85,0.1
Burkina Faso,BFA,2021-05-01,32.97,1.84
Burkina Faso,BFA,2021-06-01,30.04,4.34
Burkina Faso,BFA,2021-07-01,27.69,4.4
Burkina Faso,BFA,2021-08-01,26.25,8.43
Burkina Faso,BFA,2021-09-01,26.68,3.31
Burkina Faso,BFA,2021-10-01,28.19,1.77
Burkina Faso,BFA,2021-11-01,26.8,0.0
Burkina Faso,BFA,2021-12-01,23.68,0.0
Burkina Faso,BFA,2022-01-01,22.55,0.0
Burkina Faso,BFA,2022-02-01,25.87,0.0
Burkina Faso,BFA,2022-03-01,31.09,0.12
Burkina Faso,BFA,2022-04-01,32.45,0.65
Burkina Faso,BFA,2022-05-01,31.91,1.81
Burkina Faso,BFA,2022-06-01,29.19,4.41
Burkina Faso,BFA,2022-07-01,27.19,7.83
Burkina Faso,BFA,2022-08-01,26.04,11.0
Burkina Faso,BFA,2022-09-01,26.15,9.2
Burkina Faso,BFA,2022-10-01,26.12,0.79
Burkina Faso,BFA,2022-11-01,22.96,0.05
Burkina Faso,BFA,2022-12-01,21.19,0.0
Burkina Faso,BFA,2023-01-01,22.19,0.0
Burkina Faso,BFA,2023-02-01,25.8,0.0
Burkina Faso,BFA,2023-03-01,30.0,0.47
Burkina Faso,BFA,2023-04-01,32.35,0.39
Burkina Faso,BFA,2023-05-01,31.09,3.4
Burkina Faso,BFA,2023-06-01,28.61,6.4
Burkina Faso,BFA,2023-07-01,27.9,6.89
Burkina Faso,BFA,2023-08-01,26.7,8.35
Burkina Faso,BFA,2023-09-01,27.1,7.29
Burkina Faso,BFA,2023-10-01,27.95,1.65
Burkina Faso,BFA,2023-11-01,26.9,0.01
Burkina Faso,BFA,2023-12-01,22.0,0.0
Burkina Faso,BFA,2024-01-01,23.14,0.0
Burkina Faso,BFA,2024-02-01,26.27,0.0
Burkina Faso,BFA,2024-03-01,31.47,0.09
Burkina Faso,BFA,2024-04-01,34.24,0.1
Burkina Faso,BFA,2024-05-01,33.75,1.9
Burkina Faso,BFA,2024-06-01,31.22,2.13
Burkina Faso,BFA,2024-07-01,27.76,9.91
Burkina Faso,BFA,2024-08-01,26.29,9.34
Burkina Faso,BFA,2024-09-01,26.56,6.4
Burkina Faso,BFA,2024-10-01,26.85,2.53
Burkina Faso,BFA,2024-11-01,22.09,0.0
Burkina Faso,BFA,2024-12-01,20.53,0.0
Burkina Faso,BFA,2025-01-01,22.94,0.0
Burkina Faso,BFA,2025-02-01,26.4,0.0
Burkina Faso,BFA,2025-03-01,32.37,0.24
Burkina Faso,BFA,2025-04-01,34.04,0.87
Burkina Faso,BFA,2025-05-01,31.42,2.77
Burkina Faso,BFA,2025-06-01,29.98,4.11
Burkina Faso,BFA,2025-07-01,27.46,6.81
Burkina Faso,BFA,2025-08-01,26.34,7.69
Burkina Faso,BFA,2025-09-01,26.76,5.66
Burkina Faso,BFA,2025-10-01,27.15,2.18
Burkina Faso,BFA,2025-11-01,25.56,0.04
Burkina Faso,BFA,2025-12-01,24.95,0.02
Burkina Faso,BFA,2026-01-01,24.24,0.0
Burkina Faso,BFA,2026-02-01,26.67,0.0
Burkina Faso,BFA,2026-03-01,30.61,0.67
Burkina Faso,BFA,2026-04-01,31.75,0.65
Burkina Faso,BFA,2026-05-01,33.45,1.43
Burkina Faso,BFA,2026-06-01,29.62,7.37
Burkina Faso,BFA,2026-07-01,28.42,4.83
Burkina Faso,BFA,2026-08-01,27.39,7.17
Burkina Faso,BFA,2026-09-01,,
Burkina Faso,BFA,2026-10-01,,
Cote d'Ivoire,CIV,2015-01-01,25.16,0.21
Cote d'Ivoire,CIV,2015-02-01,27.54,3.26
Cote d'Ivoire,CIV,2015-03-01,27.63,4.01
Cote d'Ivoire,CIV,2015-04-01,27.03,4.18
Cote d'Ivoire,CIV,2015-05-01,26.66,4.1
Cote d'Ivoire,CIV,2015-06-01,25.44,6.69
Cote d'Ivoire,CIV,2015-07-01,25.34,2.86
Cote d'Ivoire,CIV,2015-08-01,25.86,2.3
Cote d'Ivoire,CIV,2015-09-01,26.87,3.44
Cote d'Ivoire,CIV,2015-10-01,26.08,6.59
Cote d'Ivoire,CIV,2015-11-01,25.89,3.14
Cote d'Ivoire,CIV,2015-12-01,24.57,0.14
Cote d'Ivoire,CIV,2016-01-01,27.18,0.11
Cote d'Ivoire,CIV,2016-02-01,29.14,0.51
Cote d'Ivoire,CIV,2016-03-01,29.44,2.91
Cote d'Ivoire,CIV,2016-04-01,29.01,2.51
Cote d'Ivoire,CIV,2016-05-01,28.19,4.65
Cote d'Ivoire,CIV,2016-06-01,25.79,5.88
Cote d'Ivoire,CIV,2016-07-01,25.82,2.34
Cote d'Ivoire,CIV,2016-08-01,26.23,3.68
Cote d'Ivoire,CIV,2016-09-01,25.73,5.01
Cote d'Ivoire,CIV,2016-10-01,26.46,4.78
Cote d'Ivoire,CIV,2016-11-01,27.06,2.08
Cote d'Ivoire,CIV,2016-12-01,26.94,0.77
Cote d'Ivoire,CIV,2017-01-01,28.32,0.4
Cote d'Ivoire,CIV,2017-02-01,28.82,1.82
Cote d'Ivoire,CIV,2017-03-01,28.76,2.06
Cote d'Ivoire,CIV,2017-04-01,28.47,3.11
Cote d'Ivoire,CIV,2017-05-01,27.8,4.02
Cote d'Ivoire,CIV,2017-06-01,25.71,7.28
Cote d'Ivoire,CIV,2017-07-01,25.33,2.8
Cote d'Ivoire,CIV,2017-08-01,26.16,2.29
Cote d'Ivoire,CIV,2017-09-01,26.51,4.28
Cote d'Ivoire,CIV,2017-10-01,26.29,4.33
Cote d'Ivoire,CIV,2017-11-01,26.39,2.23
Cote d'Ivoire,CIV,2017-12-01,27.42,0.35
Cote d'Ivoire,CIV,2018-01-01,27.86,0.08
Cote d'Ivoire,CIV,2018-02-01,29.6,3.71
Cote d'Ivoire,CIV,2018-03-01,27.34,4.56
Cote d'Ivoire,CIV,2018-04-01,27.25,3.65
Cote d'Ivoire,CIV,2018-05-01,26.6,5.06
Cote d'Ivoire,CIV,2018-06-01,25.53,7.16
Cote d'Ivoire,CIV,2018-07-01,24.82,4.16
Cote d'Ivoire,CIV,2018-08-01,25.23,4.71
Cote d'Ivoire,CIV,2018-09-01,25.03,5.44
Cote d'Ivoire,CIV,2018-10-01,25.68,4.7
Cote d'Ivoire,CIV,2018-11-01,26.25,2.01
Cote d'Ivoire,CIV,2018-12-01,26.66,0.17
Cote d'Ivoire,CIV,2019-01-01,28.06,0.34
Cote d'Ivoire,CIV,2019-02-01,28.69,2.08
Cote d'Ivoire,CIV,2019-03-01,28.97,2.63
Cote d'Ivoire,CIV,2019-04-01,27.78,6.19
Cote d'Ivoire,CIV,2019-05-01,27.29,3.21
Cote d'Ivoire,CIV,2019-06-01,26.05,5.66
Cote d'Ivoire,CIV,2019-07-01,25.45,4.44
Cote d'Ivoire,CIV,2019-08-01,25.68,3.51
Cote d'Ivoire,CIV,2019-09-01,25.5,8.36
Cote d'Ivoire,CIV,2019-10-01,25.53,8.28
Cote d'Ivoire,CIV,2019-11-01,26.23,2.35
Cote d'Ivoire,CIV,2019-12-01,26.04,0.49
Cote d'Ivoire,CIV,2020-01-01,26.63,0.04
Cote d'Ivoire,CIV,2020-02-01,29.19,0.48
Cote d'Ivoire,CIV,2020-03-01,28.48,4.71
Cote d'Ivoire,CIV,2020-04-01,27.74,3.47
Cote d'Ivoire,CIV,2020-05-01,27.23,5.44
Cote d'Ivoire,CIV,2020-06-01,25.79,7.49
Cote d'Ivoire,CIV,2020-07-01,24.88,3.75
Cote d'Ivoire,CIV,2020-08-01,25.33,1.94
Cote d'Ivoire,CIV,2020-09-01,25.88,5.13
Cote d'Ivoire,CIV,2020-10-01,25.61,6.47
Cote d'Ivoire,CIV,2020-11-01,26.32,1.64
Cote d'Ivoire,CIV,2020-12-01,27.48,1.37
Cote d'Ivoire,CIV,2021-01-01,28.31,0.89
Cote d'Ivoire,CIV,2021-02-01,29.18,1.88
Cote d'Ivoire,CIV,2021-03-01,28.22,2.99
Cote d'Ivoire,CIV,2021-04-01,27.64,4.7
Cote d'Ivoire,CIV,2021-05-01,27.82,2.93
Cote d'Ivoire,CIV,2021-06-01,26.24,7.52
Cote d'Ivoire,CIV,2021-07-01,24.88,4.57
Cote d'Ivoire,CIV,2021-08-01,25.32,5.65
Cote d'Ivoire,CIV,2021-09-01,25.47,7.91
Cote d'Ivoire,CIV,2021-10-01,25.9,4.83
Cote d'Ivoire,CIV,2021-11-01,25.96,3.16
Cote d'Ivoire,CIV,2021-12-01,26.33,0.41
Cote d'Ivoire,CIV,2022-01-01,26.3,0.58
Cote d'Ivoire,CIV,2022-02-01,29.31,0.66
Cote d'Ivoire,CIV,2022-03-01,28.71,2.9
Cote d'Ivoire,CIV,2022-04-01,27.21,6.1
Cote d'Ivoire,CIV,2022-05-01,26.06,7.21
Cote d'Ivoire,CIV,2022-06-01,25.31,8.44
Cote d'Ivoire,CIV,2022-07-01,24.74,4.57
Cote d'Ivoire,CIV,2022-08-01,24.61,4.93
Cote d'Ivoire,CIV,2022-09-01,24.78,12.15
Cote d'Ivoire,CIV,2022-10-01,25.64,5.08
Cote d'Ivoire,CIV,2022-11-01,25.64,2.43
Cote d'Ivoire,CIV,2022-12-01,24.8,0.45
Cote d'Ivoire,CIV,2023-01-01,25.84,0.26
Cote d'Ivoire,CIV,2023-02-01,28.44,0.77
Cote d'Ivoire,CIV,2023-03-01,27.54,6.84
Cote d'Ivoire,CIV,2023-04-01,27.15,3.93
Cote d'Ivoire,CIV,2023-05-01,26.81,5.71
Cote d'Ivoire,CIV,2023-06-01,25.49,12.8
Cote d'Ivoire,CIV,2023-07-01,25.69,6.33
Cote d'Ivoire,CIV,2023-08-01,25.34,2.5
Cote d'Ivoire,CIV,2023-09-01,25.9,3.66
Cote d'Ivoire,CIV,2023-10-01,26.02,4.74
Cote d'Ivoire,CIV,2023-11-01,26.4,4.25
Cote d'Ivoire,CIV,2023-12-01,25.52,0.49
Cote d'Ivoire,CIV,2024-01-01,28.08,0.47
Cote d'Ivoire,CIV,2024-02-01,29.92,0.24
Cote d'Ivoire,CIV,2024-03-01,28.92,6.09
Cote d'Ivoire,CIV,2024-04-01,28.57,3.34
Cote d'Ivoire,CIV,2024-05-01,28.31,2.73
Cote d'Ivoire,CIV,2024-06-01,26.74,5.23
Cote d'Ivoire,CIV,2024-07-01,26.6,1.88
Cote d'Ivoire,CIV,2024-08-01,27.12,2.58
Cote d'Ivoire,CIV,2024-09-01,27.34,2.75
Cote d'Ivoire,CIV,2024-10-01,26.33,8.21
Cote d'Ivoire,CIV,2024-11-01,26.65,0.82
Cote d'Ivoire,CIV,2024-12-01,27.56,0.07
Cote d'Ivoire,CIV,2025-01-01,28.94,0.23
Cote d'Ivoire,CIV,2025-02-01,30.04,0.96
Cote d'Ivoire,CIV,2025-03-01,29.37,2.59
Cote d'Ivoire,CIV,2025-04-01,29.47,2.21
Cote d'Ivoire,CIV,2025-05-01,28.6,3.52
Cote d'Ivoire,CIV,2025-06-01,26.94,5.23
Cote d'Ivoire,CIV,2025-07-01,26.94,1.18
Cote d'Ivoire,CIV,2025-08-01,27.63,1.53
Cote d'Ivoire,CIV,2025-09-01,26.97,5.91
Cote d'Ivoire,CIV,2025-10-01,26.11,5.42
Cote d'Ivoire,CIV,2025-11-01,26.92,2.41
Cote d'Ivoire,CIV,2025-12-01,27.71,1.29
Cote d'Ivoire,CIV,2026-01-01,28.69,0.77
Cote d'Ivoire,CIV,2026-02-01,29.13,2.91
Cote d'Ivoire,CIV,2026-03-01,27.82,5.8
Cote d'Ivoire,CIV,2026-04-01,28.2,2.21
Cote d'Ivoire,CIV,2026-05-01,28.11,4.06
Cote d'Ivoire,CIV,2026-06-01,26.22,18.39
Cote d'Ivoire,CIV,2026-07-01,25.77,1.77
Cote d'Ivoire,CIV,2026-08-01,26.3,1.81
Cote d'Ivoire,CIV,2026-09-01,,
Cote d'Ivoire,CIV,2026-10-01,,
Cameroon,CMR,2015-01-01,23.22,0.08
Cameroon,CMR,2015-02-01,24.44,0.74
Cameroon,CMR,2015-03-01,24.56,2.86
Cameroon,CMR,2015-04-01,24.12,6.29
Cameroon,CMR,2015-05-01,24.2,5.65
Cameroon,CMR,2015-06-01,23.19,4.31
Cameroon,CMR,2015-07-01,23.05,3.09
Cameroon,CMR,2015-08-01,23.14,2.7
Cameroon,CMR,2015-09-01,23.27,5.5
Cameroon,CMR,2015-10-01,23.38,7.82
Cameroon,CMR,2015-11-01,24.09,4.97
Cameroon,CMR,2015-12-01,23.45,0.32
Cameroon,CMR,2016-01-01,25.18,0.36
Cameroon,CMR,2016-02-01,26.53,0.17
Cameroon,CMR,2016-03-01,25.08,5.81
Cameroon,CMR,2016-04-01,24.91,6.15
Cameroon,CMR,2016-05-01,24.22,5.32
Cameroon,CMR,2016-06-01,23.2,5.47
Cameroon,CMR,2016-07-01,22.96,2.85
Cameroon,CMR,2016-08-01,22.8,6.7
Cameroon,CMR,2016-09-01,22.86,6.19
Cameroon,CMR,2016-10-01,23.65,7.84
Cameroon,CMR,2016-11-01,24.17,3.56
Cameroon,CMR,2016-12-01,24.09,0.39
Cameroon,CMR,2017-01-01,24.34,0.27
Cameroon,CMR,2017-02-01,25.18,0.31
Cameroon,CMR,2017-03-01,24.72,3.38
Cameroon,CMR,2017-04-01,24.74,6.6
Cameroon,CMR,2017-05-01,24.37,6.38
Cameroon,CMR,2017-06-01,23.62,3.64
Cameroon,CMR,2017-07-01,22.86,4.27
Cameroon,CMR,2017-08-01,22.72,4.02
Cameroon,CMR,2017-09-01,22.85,6.26
Cameroon,CMR,2017-10-01,23.51,6.83
Cameroon,CMR,2017-11-01,23.78,5.12
Cameroon,CMR,2017-12-01,24.29,0.28
Cameroon,CMR,2018-01-01,23.83,0.15
Cameroon,CMR,2018-02-01,25.05,3.34
Cameroon,CMR,2018-03-01,24.22,2.47
Cameroon,CMR,2018-04-01,24.03,4.36
Cameroon,CMR,2018-05-01,23.97,4.17
Cameroon,CMR,2018-06-01,23.56,4.24
Cameroon,CMR,2018-07-01,23.16,3.78
Cameroon,CMR,2018-08-01,22.77,4.14
Cameroon,CMR,2018-09-01,23.18,5.21
Cameroon,CMR,2018-10-01,23.59,8.72
Cameroon,CMR,2018-11-01,24.18,3.83
Cameroon,CMR,2018-12-01,24.22,0.11
Cameroon,CMR,2019-01-01,25.17,0.27
Cameroon,CMR,2019-02-01,25.42,0.83
Cameroon,CMR,2019-03-01,25.39,2.06
Cameroon,CMR,2019-04-01,25.5,1.71
Cameroon,CMR,2019-05-01,25.72,1.14
Cameroon,CMR,2019-06-01,24.92,0.68
Cameroon,CMR,2019-07-01,23.62,5.1
Cameroon,CMR,2019-08-01,22.59,6.27
Cameroon,CMR,2019-09-01,23.12,6.58
Cameroon,CMR,2019-10-01,22.83,8.67
Cameroon,CMR,2019-11-01,24.08,2.71
Cameroon,CMR,2019-12-01,24.72,0.02
Cameroon,CMR,2020-01-01,25.26,0.02
Cameroon,CMR,2020-02-01,27.36,0.19
Cameroon,CMR,2020-03-01,25.23,9.12
Cameroon,CMR,2020-04-01,24.47,5.2
Cameroon,CMR,2020-05-01,24.45,5.9
Cameroon,CMR,2020-06-01,23.57,5.12
Cameroon,CMR,2020-07-01,22.49,4.93
Cameroon,CMR,2020-08-01,22.59,5.64
Cameroon,CMR,2020-09-01,22.56,7.39
Cameroon,CMR,2020-10-01,22.93,5.17
Cameroon,CMR,2020-11-01,23.9,1.69
Cameroon,CMR,2020-12-01,24.31,0.39
Cameroon,CMR,2021-01-01,24.85,0.18
Cameroon,CMR,2021-02-01,25.41,0.06
Cameroon,CMR,2021-03-01,25.11,2.71
Cameroon,CMR,2021-04-01,24.74,3.72
Cameroon,CMR,2021-05-01,23.99,8.07
Cameroon,CMR,2021-06-01,23.66,6.75
Cameroon,CMR,2021-07-01,22.81,3.05
Cameroon,CMR,2021-08-01,22.91,4.0
Cameroon,CMR,2021-09-01,22.82,7.54
Cameroon,CMR,2021-10-01,23.42,6.26
Cameroon,CMR,2021-11-01,24.05,5.43
Cameroon,CMR,2021-12-01,24.14,1.04
Cameroon,CMR,2022-01-01,24.25,0.14
Cameroon,CMR,2022-02-01,25.38,0.23
Cameroon,CMR,2022-03-01,25.22,2.03
Cameroon,CMR,2022-04-01,24.49,3.72
Cameroon,CMR,2022-05-01,24.17,4.64
Cameroon,CMR,2022-06-01,23.44,3.66
Cameroon,CMR,2022-07-01,22.64,6.26
Cameroon,CMR,2022-08-01,22.42,7.36
Cameroon,CMR,2022-09-01,22.66,15.77
Cameroon,CMR,2022-10-01,23.21,9.64
Cameroon,CMR,2022-11-01,23.69,1.81
Cameroon,CMR,2022-12-01,23.28,0.51
Cameroon,CMR,2023-01-01,23.89,0.08
Cameroon,CMR,2023-02-01,24.66,0.4
Cameroon,CMR,2023-03-01,23.96,3.65
Cameroon,CMR,2023-04-01,24.39,4.66
Cameroon,CMR,2023-05-01,24.7,2.96
Cameroon,CMR,2023-06-01,23.34,4.18
Cameroon,CMR,2023-07-01,24.0,3.0
Cameroon,CMR,2023-08-01,23.63,3.57
Cameroon,CMR,2023-09-01,23.51,4.04
Cameroon,CMR,2023-10-01,24.58,6.54
Cameroon,CMR,2023-11-01,24.29,3.68
Cameroon,CMR,2023-12-01,25.36,0.23
Cameroon,CMR,2024-01-01,25.92,0.01
Cameroon,CMR,2024-02-01,27.67,0.19
Cameroon,CMR,2024-03-01,26.9,2.2
Cameroon,CMR,2024-04-01,25.38,5.56
Cameroon,CMR,2024-05-01,25.19,3.69
Cameroon,CMR,2024-06-01,24.67,2.61
Cameroon,CMR,2024-07-01,23.58,2.2
Cameroon,CMR,2024-08-01,23.54,2.73
Cameroon,CMR,2024-09-01,23.63,6.12
Cameroon,CMR,2024-10-01,23.86,7.34
Cameroon,CMR,2024-11-01,25.14,1.05
Cameroon,CMR,2024-12-01,27.24,0.07
Cameroon,CMR,2025-01-01,27.14,0.26
Cameroon,CMR,2025-02-01,27.59,0.54
Cameroon,CMR,2025-03-01,26.24,3.15
Cameroon,CMR,2025-04-01,26.33,3.53
Cameroon,CMR,2025-05-01,25.27,3.49
Cameroon,CMR,2025-06-01,24.18,3.44
Cameroon,CMR,2025-07-01,22.93,4.24
Cameroon,CMR,2025-08-01,23.4,1.85
Cameroon,CMR,2025-09-01,23.36,5.49
Cameroon,CMR,2025-10-01,23.25,5.94
Cameroon,CMR,2025-11-01,24.96,2.27
Cameroon,CMR,2025-12-01,26.53,0.51
Cameroon,CMR,2026-01-01,27.16,0.32
Cameroon,CMR,2026-02-01,26.64,1.19
Cameroon,CMR,2026-03-01,26.84,2.22
Cameroon,CMR,2026-04-01,25.34,6.62
Cameroon,CMR,2026-05-01,25.24,4.43
Cameroon,CMR,2026-06-01,25.07,1.56
Cameroon,CMR,2026-07-01,24.56,3.0
Cameroon,CMR,2026-08-01,24.41,3.65
Cameroon,CMR,2026-09-01,,
Cameroon,CMR,2026-10-01,,
Democratic Republic of Congo,COD,2015-01-01,24.94,3.52
Democratic Republic of Congo,COD,2015-02-01,25.02,4.72
Democratic Republic of Congo,COD,2015-03-01,25.5,5.52
Democratic Republic of Congo,COD,2015-04-01,25.28,4.1
Democratic Republic of Congo,COD,2015-05-01,25.63,4.2
Democratic Republic of Congo,COD,2015-06-01,24.35,0.04
Democratic Republic of Congo,COD,2015-07-01,25.25,0.0
Democratic Republic of Congo,COD,2015-08-01,26.22,0.05
Democratic Republic of Congo,COD,2015-09-01,27.57,1.08
Democratic Republic of Congo,COD,2015-10-01,26.98,2.18
Democratic Republic of Congo,COD,2015-11-01,25.17,10.69
Democratic Republic of Congo,COD,2015-12-01,25.03,9.17
Democratic Republic of Congo,COD,2016-01-01,25.82,3.31
Democratic Republic of Congo,COD,2016-02-01,25.9,8.39
Democratic Republic of Congo,COD,2016-03-01,26.08,6.55
Democratic Republic of Congo,COD,2016-04-01,25.71,8.99
Democratic Republic of Congo,COD,2016-05-01,25.14,3.36
Democratic Republic of Congo,COD,2016-06-01,23.67,0.41
Democratic Republic of Congo,COD,2016-07-01,23.06,0.1
Democratic Republic of Congo,COD,2016-08-01,24.46,0.89
Democratic Republic of Congo,COD,2016-09-01,25.77,1.0
Democratic Republic of Congo,COD,2016-10-01,25.9,4.06
Democratic Republic of Congo,COD,2016-11-01,25.5,10.7
Democratic Republic of Congo,COD,2016-12-01,25.2,7.22
Democratic Republic of Congo,COD,2017-01-01,25.14,5.21
Democratic Republic of Congo,COD,2017-02-01,25.31,5.31
Democratic Republic of Congo,COD,2017-03-01,25.62,4.97
Democratic Republic of Congo,COD,2017-04-01,25.83,7.59
Democratic Republic of Congo,COD,2017-05-01,25.29,8.89
Democratic Republic of Congo,COD,2017-06-01,24.29,0.38
Democratic Republic of Congo,COD,2017-07-01,23.11,0.05
Democratic Republic of Congo,COD,2017-08-01,23.71,0.27
Democratic Republic of Congo,COD,2017-09-01,25.28,3.63
Democratic Republic of Congo,COD,2017-10-01,25.23,6.33
Democratic Republic of Congo,COD,2017-11-01,24.54,11.29
Democratic Republic of Congo,COD,2017-12-01,24.95,8.72
Democratic Republic of Congo,COD,2018-01-01,24.55,8.17
Democratic Republic of Congo,COD,2018-02-01,25.42,5.09
Democratic Republic of Congo,COD,2018-03-01,24.92,2.99
Democratic Republic of Congo,COD,2018-04-01,24.9,6.21
Democratic Republic of Congo,COD,2018-05-01,25.12,12.38
Democratic Republic of Congo,COD,2018-06-01,23.73,0.17
Democratic Republic of Congo,COD,2018-07-01,23.39,0.23
Democratic Republic of Congo,COD,2018-08-01,24.0,0.45
Democratic Republic of Congo,COD,2018-09-01,25.13,1.96
Democratic Republic of Congo,COD,2018-10-01,25.36,9.84
Democratic Republic of Congo,COD,2018-11-01,25.49,9.31
Democratic Republic of Congo,COD,2018-12-01,24.72,16.26
Democratic Republic of Congo,COD,2019-01-01,24.86,3.17
Democratic Republic of Congo,COD,2019-02-01,25.69,1.73
Democratic Republic of Congo,COD,2019-03-01,25.95,1.69
Democratic Republic of Congo,COD,2019-04-01,26.3,2.7
Democratic Republic of Congo,COD,2019-05-01,25.93,2.04
Democratic Republic of Congo,COD,2019-06-01,24.32,0.12
Democratic Republic of Congo,COD,2019-07-01,24.68,0.55
Democratic Republic of Congo,COD,2019-08-01,25.66,0.2
Democratic Republic of Congo,COD,2019-09-01,26.19,3.16
Democratic Republic of Congo,COD,2019-10-01,25.12,7.65
Democratic Republic of Congo,COD,2019-11-01,25.24,8.5
Democratic Republic of Congo,COD,2019-12-01,24.84,12.37
Democratic Republic of Congo,COD,2020-01-01,25.79,11.36
Democratic Republic of Congo,COD,2020-02-01,25.84,10.4
Democratic Republic of Congo,COD,2020-03-01,25.52,7.4
Democratic Republic of Congo,COD,2020-04-01,25.53,8.75
Democratic Republic of Congo,COD,2020-05-01,25.31,6.9
Democratic Republic of Congo,COD,2020-06-01,23.57,1.46
Democratic Republic of Congo,COD,2020-07-01,22.92,0.15
Democratic Republic of Congo,COD,2020-08-01,23.75,0.66
Democratic Republic of Congo,COD,2020-09-01,24.86,1.22
Democratic Republic of Congo,COD,2020-10-01,25.11,7.02
Democratic Republic of Congo,COD,2020-11-01,24.77,18.1
Democratic Republic of Congo,COD,2020-12-01,24.55,12.8
Democratic Republic of Congo,COD,2021-01-01,24.79,7.24
Democratic Republic of Congo,COD,2021-02-01,25.06,6.99
Democratic Republic of Congo,COD,2021-03-01,24.86,6.69
Democratic Republic of Congo,COD,2021-04-01,25.35,7.72
Democratic Republic of Congo,COD,2021-05-01,24.58,4.22
Democratic Republic of Congo,COD,2021-06-01,24.22,0.45
Democratic Republic of Congo,COD,2021-07-01,23.42,0.06
Democratic Republic of Congo,COD,2021-08-01,24.66,0.83
Democratic Republic of Congo,COD,2021-09-01,25.21,2.19
Democratic Republic of Congo,COD,2021-10-01,25.38,4.77
Democratic Republic of Congo,COD,2021-11-01,25.25,7.17
Democratic Republic of Congo,COD,2021-12-01,25.51,7.01
Democratic Republic of Congo,COD,2022-01-01,24.9,8.95
Democratic Republic of Congo,COD,2022-02-01,25.27,7.91
Democratic Republic of Congo,COD,2022-03-01,25.39,13.35
Democratic Republic of Congo,COD,2022-04-01,25.15,7.71
Democratic Republic of Congo,COD,2022-05-01,25.02,3.95
Democratic Republic of Congo,COD,2022-06-01,23.16,0.06
Democratic Republic of Congo,COD,2022-07-01,23.26,0.21
Democratic Republic of Congo,COD,2022-08-01,23.55,0.09
Democratic Republic of Congo,COD,2022-09-01,25.42,1.05
Democratic Republic of Congo,COD,2022-10-01,25.7,3.72
Democratic Republic of Congo,COD,2022-11-01,24.56,10.88
Democratic Republic of Congo,COD,2022-12-01,24.62,5.85
Democratic Republic of Congo,COD,2023-01-01,24.73,5.84
Democratic Republic of Congo,COD,2023-02-01,25.89,5.53
Democratic Republic of Congo,COD,2023-03-01,25.02,8.91
Democratic Republic of Congo,COD,2023-04-01,25.21,9.05
Democratic Republic of Congo,COD,2023-05-01,25.34,4.46
Democratic Republic of Congo,COD,2023-06-01,23.92,0.44
Democratic Republic of Congo,COD,2023-07-01,23.57,0.09
Democratic Republic of Congo,COD,2023-08-01,24.6,0.07
Democratic Republic of Congo,COD,2023-09-01,25.86,0.81
Democratic Republic of Congo,COD,2023-10-01,26.22,4.01
Democratic Republic of Congo,COD,2023-11-01,25.31,4.88
Democratic Republic of Congo,COD,2023-12-01,25.41,6.08
Democratic Republic of Congo,COD,2024-01-01,25.97,3.11
Democratic Republic of Congo,COD,2024-02-01,26.53,4.71
Democratic Republic of Congo,COD,2024-03-01,26.84,5.08
Democratic Republic of Congo,COD,2024-04-01,26.24,9.06
Democratic Republic of Congo,COD,2024-05-01,26.27,2.14
Democratic Republic of Congo,COD,2024-06-01,24.6,0.27
Democratic Republic of Congo,COD,2024-07-01,24.11,0.02
Democratic Republic of Congo,COD,2024-08-01,25.38,0.06
Democratic Republic of Congo,COD,2024-09-01,27.44,1.95
Democratic Republic of Congo,COD,2024-10-01,26.38,4.36
Democratic Republic of Congo,COD,2024-11-01,25.49,7.87
Democratic Republic of Congo,COD,2024-12-01,25.84,4.94
Democratic Republic of Congo,COD,2025-01-01,25.9,4.93
Democratic Republic of Congo,COD,2025-02-01,26.63,3.79
Democratic Republic of Congo,COD,2025-03-01,26.91,3.68
Democratic Republic of Congo,COD,2025-04-01,26.1,10.73
Democratic Republic of Congo,COD,2025-05-01,25.67,12.97
Democratic Republic of Congo,COD,2025-06-01,24.91,1.24
Democratic Republic of Congo,COD,2025-07-01,23.33,0.05
Democratic Republic of Congo,COD,2025-08-01,23.01,0.02
Democratic Republic of Congo,COD,2025-09-01,25.75,0.64
Democratic Republic of Congo,COD,2025-10-01,25.68,5.07
Democratic Republic of Congo,COD,2025-11-01,25.51,7.29
Democratic Republic of Congo,COD,2025-12-01,25.03,5.78
Democratic Republic of Congo,COD,2026-01-01,25.45,10.25
Democratic Republic of Congo,COD,2026-02-01,25.26,4.81
Democratic Republic of Congo,COD,2026-03-01,25.78,4.58
Democratic Republic of Congo,COD,2026-04-01,25.66,5.49
Democratic Republic of Congo,COD,2026-05-01,25.78,2.62
Democratic Republic of Congo,COD,2026-06-01,24.6,0.11
Democratic Republic of Congo,COD,2026-07-01,23.89,0.06
Democratic Republic of Congo,COD,2026-08-01,26.34,0.11
Democratic Republic of Congo,COD,2026-09-01,,
Democratic Republic of Congo,COD,2026-10-01,,
Ethiopia,ETH,2015-01-01,14.21,0.13
Ethiopia,ETH,2015-02-01,16.86,0.3
Ethiopia,ETH,2015-03-01,18.0,0.62
Ethiopia,ETH,2015-04-01,19.3,0.24
Ethiopia,ETH,2015-05-01,18.21,4.59
Ethiopia,ETH,2015-06-01,17.65,5.24
Ethiopia,ETH,2015-07-01,16.65,7.56
Ethiopia,ETH,2015-08-01,15.99,9.1
Ethiopia,ETH,2015-09-01,15.92,2.57
Ethiopia,ETH,2015-10-01,15.36,0.26
Ethiopia,ETH,2015-11-01,14.94,0.6
Ethiopia,ETH,2015-12-01,15.12,0.91
Ethiopia,ETH,2016-01-01,16.01,1.02
Ethiopia,ETH,2016-02-01,17.5,0.69
Ethiopia,ETH,2016-03-01,18.92,1.42
Ethiopia,ETH,2016-04-01,18.4,4.07
Ethiopia,ETH,2016-05-01,16.8,5.37
Ethiopia,ETH,2016-06-01,17.14,3.41
Ethiopia,ETH,2016-07-01,15.83,7.67
Ethiopia,ETH,2016-08-01,15.44,9.6
Ethiopia,ETH,2016-09-01,15.25,6.49
Ethiopia,ETH,2016-10-01,13.79,1.5
Ethiopia,ETH,2016-11-01,13.31,0.23
Ethiopia,ETH,2016-12-01,12.96,0.07
Ethiopia,ETH,2017-01-01,13.46,0.0
Ethiopia,ETH,2017-02-01,16.08,3.86
Ethiopia,ETH,2017-03-01,17.24,2.07
Ethiopia,ETH,2017-04-01,17.65,0.83
Ethiopia,ETH,2017-05-01,17.29,4.81
Ethiopia,ETH,2017-06-01,18.48,2.69
Ethiopia,ETH,2017-07-01,16.1,10.39
Ethiopia,ETH,2017-08-01,15.8,9.65
Ethiopia,ETH,2017-09-01,15.22,8.38
Ethiopia,ETH,2017-10-01,14.31,1.26
Ethiopia,ETH,2017-11-01,13.48,0.3
Ethiopia,ETH,2017-12-01,12.65,0.05
Ethiopia,ETH,2018-01-01,15.06,0.04
Ethiopia,ETH,2018-02-01,16.45,1.62
Ethiopia,ETH,2018-03-01,17.67,0.51
Ethiopia,ETH,2018-04-01,17.11,4.2
Ethiopia,ETH,2018-05-01,17.59,2.22
Ethiopia,ETH,2018-06-01,17.02,6.23
Ethiopia,ETH,2018-07-01,15.77,6.96
Ethiopia,ETH,2018-08-01,15.38,10.53
Ethiopia,ETH,2018-09-01,14.93,1.91
Ethiopia,ETH,2018-10-01,14.81,0.86
Ethiopia,ETH,2018-11-01,14.03,0.9
Ethiopia,ETH,2018-12-01,14.67,0.04
Ethiopia,ETH,2019-01-01,14.92,0.0
Ethiopia,ETH,2019-02-01,17.72,0.41
Ethiopia,ETH,2019-03-01,18.07,1.87
Ethiopia,ETH,2019-04-01,17.34,4.48
Ethiopia,ETH,2019-05-01,18.29,1.16
Ethiopia,ETH,2019-06-01,17.95,5.45
Ethiopia,ETH,2019-07-01,16.35,6.86
Ethiopia,ETH,2019-08-01,15.51,10.0
Ethiopia,ETH,2019-09-01,15.58,12.34
Ethiopia,ETH,2019-10-01,13.4,0.92
Ethiopia,ETH,2019-11-01,14.08,1.16
Ethiopia,ETH,2019-12-01,14.51,0.32
Ethiopia,ETH,2020-01-01,15.72,0.08
Ethiopia,ETH,2020-02-01,17.29,0.34
Ethiopia,ETH,2020-03-01,19.18,1.5
Ethiopia,ETH,2020-04-01,17.86,6.64
Ethiopia,ETH,2020-05-01,16.95,4.37
Ethiopia,ETH,2020-06-01,17.09,6.21
Ethiopia,ETH,2020-07-01,15.35,13.84
Ethiopia,ETH,2020-08-01,15.35,14.41
Ethiopia,ETH,2020-09-01,15.35,7.61
Ethiopia,ETH,2020-10-01,13.7,1.75
Ethiopia,ETH,2020-11-01,13.22,0.18
Ethiopia,ETH,2020-12-01,13.44,0.11
Ethiopia,ETH,2021-01-01,14.43,1.12
Ethiopia,ETH,2021-02-01,16.27,0.93
Ethiopia,ETH,2021-03-01,17.62,0.23
Ethiopia,ETH,2021-04-01,17.93,3.13
Ethiopia,ETH,2021-05-01,17.16,3.26
Ethiopia,ETH,2021-06-01,17.74,4.81
Ethiopia,ETH,2021-07-01,15.58,6.85
Ethiopia,ETH,2021-08-01,15.8,10.06
Ethiopia,ETH,2021-09-01,15.53,5.72
Ethiopia,ETH,2021-10-01,14.15,2.44
Ethiopia,ETH,2021-11-01,13.71,1.75
Ethiopia,ETH,2021-12-01,13.33,0.88
Ethiopia,ETH,2022-01-01,14.65,1.03
Ethiopia,ETH,2022-02-01,16.35,0.97
Ethiopia,ETH,2022-03-01,17.6,0.89
Ethiopia,ETH,2022-04-01,18.09,3.27
Ethiopia,ETH,2022-05-01,19.6,0.24
Ethiopia,ETH,2022-06-01,17.69,5.81
Ethiopia,ETH,2022-07-01,15.5,9.11
Ethiopia,ETH,2022-08-01,15.27,6.56
Ethiopia,ETH,2022-09-01,15.39,4.6
Ethiopia,ETH,2022-10-01,14.31,2.05
Ethiopia,ETH,2022-11-01,13.66,0.26
Ethiopia,ETH,2022-12-01,14.31,0.6
Ethiopia,ETH,2023-01-01,14.46,0.08
Ethiopia,ETH,2023-02-01,16.18,0.27
Ethiopia,ETH,2023-03-01,17.22,2.95
Ethiopia,ETH,2023-04-01,16.85,7.2
Ethiopia,ETH,2023-05-01,17.0,4.51
Ethiopia,ETH,2023-06-01,17.04,5.53
Ethiopia,ETH,2023-07-01,16.68,9.8
Ethiopia,ETH,2023-08-01,16.23,8.46
Ethiopia,ETH,2023-09-01,16.23,3.94
Ethiopia,ETH,2023-10-01,15.49,1.89
Ethiopia,ETH,2023-11-01,14.18,1.32
Ethiopia,ETH,2023-12-01,15.26,0.27
Ethiopia,ETH,2024-01-01,16.79,0.58
Ethiopia,ETH,2024-02-01,17.41,2.69
Ethiopia,ETH,2024-03-01,17.66,3.24
Ethiopia,ETH,2024-04-01,18.52,3.3
Ethiopia,ETH,2024-05-01,19.24,1.35
Ethiopia,ETH,2024-06-01,18.44,7.9
Ethiopia,ETH,2024-07-01,16.31,14.2
Ethiopia,ETH,2024-08-01,15.62,9.72
Ethiopia,ETH,2024-09-01,15.88,6.74
Ethiopia,ETH,2024-10-01,14.92,3.49
Ethiopia,ETH,2024-11-01,13.57,0.62
Ethiopia,ETH,2024-12-01,13.06,0.04
Ethiopia,ETH,2025-01-01,15.21,0.01
Ethiopia,ETH,2025-02-01,16.98,0.05
Ethiopia,ETH,2025-03-01,17.93,2.34
Ethiopia,ETH,2025-04-01,18.25,1.64
Ethiopia,ETH,2025-05-01,18.91,3.75
Ethiopia,ETH,2025-06-01,19.15,4.56
Ethiopia,ETH,2025-07-01,16.52,12.27
Ethiopia,ETH,2025-08-01,15.59,13.74
Ethiopia,ETH,2025-09-01,15.49,9.9
Ethiopia,ETH,2025-10-01,14.06,1.85
Ethiopia,ETH,2025-11-01,13.13,0.26
Ethiopia,ETH,2025-12-01,14.85,0.63
Ethiopia,ETH,2026-01-01,15.23,0.38
Ethiopia,ETH,2026-02-01,17.85,0.34
Ethiopia,ETH,2026-03-01,17.36,4.63
Ethiopia,ETH,2026-04-01,17.01,2.32
Ethiopia,ETH,2026-05-01,18.64,1.32
Ethiopia,ETH,2026-06-01,19.35,1.2
Ethiopia,ETH,2026-07-01,18.03,8.98
Ethiopia,ETH,2026-08-01,16.55,9.36
Ethiopia,ETH,2026-09-01,,
Ethiopia,ETH,2026-10-01,,
Ghana,GHA,2015-01-01,26.89,0.63
Ghana,GHA,2015-02-01,27.62,2.43
Ghana,GHA,2015-03-01,27.9,4.93
Ghana,GHA,2015-04-01,27.53,3.07
Ghana,GHA,2015-05-01,27.49,3.39
Ghana,GHA,2015-06-01,25.67,7.26
Ghana,GHA,2015-07-01,24.78,2.48
Ghana,GHA,2015-08-01,24.59,0.79
Ghana,GHA,2015-09-01,25.21,1.31
Ghana,GHA,2015-10-01,26.44,4.95
Ghana,GHA,2015-11-01,27.15,2.42
Ghana,GHA,2015-12-01,27.21,0.43
Ghana,GHA,2016-01-01,27.59,0.3
Ghana,GHA,2016-02-01,28.1,0.62
Ghana,GHA,2016-03-01,28.58,4.53
Ghana,GHA,2016-04-01,28.21,3.45
Ghana,GHA,2016-05-01,27.32,6.33
Ghana,GHA,2016-06-01,25.84,6.33
Ghana,GHA,2016-07-01,24.6,2.14
Ghana,GHA,2016-08-01,24.38,1.34
Ghana,GHA,2016-09-01,25.36,5.2
Ghana,GHA,2016-10-01,26.41,5.64
Ghana,GHA,2016-11-01,27.4,2.11
Ghana,GHA,2016-12-01,27.45,1.14
Ghana,GHA,2017-01-01,27.34,0.95
Ghana,GHA,2017-02-01,27.71,1.27
Ghana,GHA,2017-03-01,27.82,3.77
Ghana,GHA,2017-04-01,27.79,4.95
Ghana,GHA,2017-05-01,27.49,6.57
Ghana,GHA,2017-06-01,26.07,7.8
Ghana,GHA,2017-07-01,24.78,3.44
Ghana,GHA,2017-08-01,23.89,2.12
Ghana,GHA,2017-09-01,24.89,2.29
Ghana,GHA,2017-10-01,26.48,2.56
Ghana,GHA,2017-11-01,27.0,3.12
Ghana,GHA,2017-12-01,27.34,1.24
Ghana,GHA,2018-01-01,27.02,0.23
Ghana,GHA,2018-02-01,27.93,2.89
Ghana,GHA,2018-03-01,27.53,3.35
Ghana,GHA,2018-04-01,27.57,2.86
Ghana,GHA,2018-05-01,26.76,8.63
Ghana,GHA,2018-06-01,26.17,5.12
Ghana,GHA,2018-07-01,24.85,3.49
Ghana,GHA,2018-08-01,24.38,1.34
Ghana,GHA,2018-09-01,25.43,4.22
Ghana,GHA,2018-10-01,26.39,4.93
Ghana,GHA,2018-11-01,27.4,2.21
Ghana,GHA,2018-12-01,27.96,0.69
Ghana,GHA,2019-01-01,27.95,1.25
Ghana,GHA,2019-02-01,28.26,2.9
Ghana,GHA,2019-03-01,28.22,4.3
Ghana,GHA,2019-04-01,28.04,5.71
Ghana,GHA,2019-05-01,27.56,7.72
Ghana,GHA,2019-06-01,25.86,5.21
Ghana,GHA,2019-07-01,24.93,4.08
Ghana,GHA,2019-08-01,24.46,1.1
Ghana,GHA,2019-09-01,25.35,5.19
Ghana,GHA,2019-10-01,26.02,8.45
Ghana,GHA,2019-11-01,27.5,2.37
Ghana,GHA,2019-12-01,27.96,1.14
Ghana,GHA,2020-01-01,27.96,0.24
Ghana,GHA,2020-02-01,28.84,0.19
Ghana,GHA,2020-03-01,27.99,3.46
Ghana,GHA,2020-04-01,27.73,4.45
Ghana,GHA,2020-05-01,27.58,8.38
Ghana,GHA,2020-06-01,26.03,8.95
Ghana,GHA,2020-07-01,24.38,1.38
Ghana,GHA,2020-08-01,23.78,0.36
Ghana,GHA,2020-09-01,24.95,4.06
Ghana,GHA,2020-10-01,26.12,6.29
Ghana,GHA,2020-11-01,27.07,3.13
Ghana,GHA,2020-12-01,27.36,1.5
Ghana,GHA,2021-01-01,27.23,2.59
Ghana,GHA,2021-02-01,27.85,1.9
Ghana,GHA,2021-03-01,27.29,5.2
Ghana,GHA,2021-04-01,27.76,3.81
Ghana,GHA,2021-05-01,27.26,3.55
Ghana,GHA,2021-06-01,26.68,5.46
Ghana,GHA,2021-07-01,25.01,3.13
Ghana,GHA,2021-08-01,25.13,4.0
Ghana,GHA,2021-09-01,25.49,6.89
Ghana,GHA,2021-10-01,26.33,8.13
Ghana,GHA,2021-11-01,26.96,3.72
Ghana,GHA,2021-12-01,27.51,0.76
Ghana,GHA,2022-01-01,27.26,1.2
Ghana,GHA,2022-02-01,27.5,2.0
Ghana,GHA,2022-03-01,27.68,4.42
Ghana,GHA,2022-04-01,27.32,8.16
Ghana,GHA,2022-05-01,27.16,9.4
Ghana,GHA,2022-06-01,26.02,11.64
Ghana,GHA,2022-07-01,24.7,1.7
Ghana,GHA,2022-08-01,23.61,2.24
Ghana,GHA,2022-09-01,24.9,4.84
Ghana,GHA,2022-10-01,26.14,5.5
Ghana,GHA,2022-11-01,26.84,3.01
Ghana,GHA,2022-12-01,26.77,1.58
Ghana,GHA,2023-01-01,27.28,0.98
Ghana,GHA,2023-02-01,27.79,1.13
Ghana,GHA,2023-03-01,27.78,5.25
Ghana,GHA,2023-04-01,27.65,7.41
Ghana,GHA,2023-05-01,27.7,6.17
Ghana,GHA,2023-06-01,26.02,7.4
Ghana,GHA,2023-07-01,25.47,8.3
Ghana,GHA,2023-08-01,25.03,2.0
Ghana,GHA,2023-09-01,25.71,4.75
Ghana,GHA,2023-10-01,26.73,5.38
Ghana,GHA,2023-11-01,27.32,5.82
Ghana,GHA,2023-12-01,27.93,0.73
Ghana,GHA,2024-01-01,28.24,1.25
Ghana,GHA,2024-02-01,28.46,1.63
Ghana,GHA,2024-03-01,28.38,6.84
Ghana,GHA,2024-04-01,28.66,5.06
Ghana,GHA,2024-05-01,28.2,7.57
Ghana,GHA,2024-06-01,26.59,9.01
Ghana,GHA,2024-07-01,24.98,1.71
Ghana,GHA,2024-08-01,24.45,1.09
Ghana,GHA,2024-09-01,25.33,2.25
Ghana,GHA,2024-10-01,26.38,8.58
Ghana,GHA,2024-11-01,27.33,1.98
Ghana,GHA,2024-12-01,27.85,0.26
Ghana,GHA,2025-01-01,27.75,1.34
Ghana,GHA,2025-02-01,27.84,3.43
Ghana,GHA,2025-03-01,28.03,4.87
Ghana,GHA,2025-04-01,27.86,4.93
Ghana,GHA,2025-05-01,27.5,7.13
Ghana,GHA,2025-06-01,26.54,10.67
Ghana,GHA,2025-07-01,24.38,0.98
Ghana,GHA,2025-08-01,23.88,1.45
Ghana,GHA,2025-09-01,25.18,4.29
Ghana,GHA,2025-10-01,26.16,6.84
Ghana,GHA,2025-11-01,26.92,4.85
Ghana,GHA,2025-12-01,27.19,3.38
Ghana,GHA,2026-01-01,27.32,1.63
Ghana,GHA,2026-02-01,27.32,4.35
Ghana,GHA,2026-03-01,27.5,4.59
Ghana,GHA,2026-04-01,27.88,5.67
Ghana,GHA,2026-05-01,27.71,10.24
Ghana,GHA,2026-06-01,26.6,16.74
Ghana,GHA,2026-07-01,25.11,2.1
Ghana,GHA,2026-08-01,24.51,2.5
Ghana,GHA,2026-09-01,,
Ghana,GHA,2026-10-01,,
Guinea,GIN,2015-01-01,26.79,0.0
Guinea,GIN,2015-02-01,27.04,0.0
Guinea,GIN,2015-03-01,26.92,0.0
Guinea,GIN,2015-04-01,27.06,0.07
Guinea,GIN,2015-05-01,27.44,9.5
Guinea,GIN,2015-06-01,26.71,17.73
Guinea,GIN,2015-07-01,26.35,50.06
Guinea,GIN,2015-08-01,26.28,33.89
Guinea,GIN,2015-09-01,26.28,23.75
Guinea,GIN,2015-10-01,27.04,8.41
Guinea,GIN,2015-11-01,27.81,1.22
Guinea,GIN,2015-12-01,27.12,0.0
Guinea,GIN,2016-01-01,27.59,0.02
Guinea,GIN,2016-02-01,27.56,0.0
Guinea,GIN,2016-03-01,27.96,0.0
Guinea,GIN,2016-04-01,27.61,0.77
Guinea,GIN,2016-05-01,27.12,2.03
Guinea,GIN,2016-06-01,26.71,44.54
Guinea,GIN,2016-07-01,26.07,82.27
Guinea,GIN,2016-08-01,25.95,36.21
Guinea,GIN,2016-09-01,26.23,40.79
Guinea,GIN,2016-10-01,27.12,5.01
Guinea,GIN,2016-11-01,27.81,2.0
Guinea,GIN,2016-12-01,27.62,0.0
Guinea,GIN,2017-01-01,27.64,0.0
Guinea,GIN,2017-02-01,27.49,0.0
Guinea,GIN,2017-03-01,27.13,0.04
Guinea,GIN,2017-04-01,27.71,0.52
Guinea,GIN,2017-05-01,27.85,6.2
Guinea,GIN,2017-06-01,27.2,18.67
Guinea,GIN,2017-07-01,26.42,43.83
Guinea,GIN,2017-08-01,26.28,51.14
Guinea,GIN,2017-09-01,26.71,12.06
Guinea,GIN,2017-10-01,27.22,3.9
Guinea,GIN,2017-11-01,27.51,5.73
Guinea,GIN,2017-12-01,27.14,0.0
Guinea,GIN,2018-01-01,26.53,0.0
Guinea,GIN,2018-02-01,26.4,0.11
Guinea,GIN,2018-03-01,26.45,0.06
Guinea,GIN,2018-04-01,26.96,0.0
Guinea,GIN,2018-05-01,27.11,0.31
Guinea,GIN,2018-06-01,26.67,10.56
Guinea,GIN,2018-07-01,26.1,24.9
Guinea,GIN,2018-08-01,25.87,47.08
Guinea,GIN,2018-09-01,26.26,27.54
Guinea,GIN,2018-10-01,27.04,9.91
Guinea,GIN,2018-11-01,27.59,5.05
Guinea,GIN,2018-12-01,27.44,0.01
Guinea,GIN,2019-01-01,27.43,0.0
Guinea,GIN,2019-02-01,27.58,0.0
Guinea,GIN,2019-03-01,27.4,0.0
Guinea,GIN,2019-04-01,27.65,0.18
Guinea,GIN,2019-05-01,27.76,0.17
Guinea,GIN,2019-06-01,27.47,6.09
Guinea,GIN,2019-07-01,26.47,55.02
Guinea,GIN,2019-08-01,26.06,61.07
Guinea,GIN,2019-09-01,26.54,12.84
Guinea,GIN,2019-10-01,27.09,10.83
Guinea,GIN,2019-11-01,27.63,4.96
Guinea,GIN,2019-12-01,27.95,0.0
Guinea,GIN,2020-01-01,27.54,0.01
Guinea,GIN,2020-02-01,28.37,0.0
Guinea,GIN,2020-03-01,28.36,0.02
Guinea,GIN,2020-04-01,28.43,1.77
Guinea,GIN,2020-05-01,27.85,9.68
Guinea,GIN,2020-06-01,27.41,4.14
Guinea,GIN,2020-07-01,26.4,37.44
Guinea,GIN,2020-08-01,25.95,18.43
Guinea,GIN,2020-09-01,26.4,6.24
Guinea,GIN,2020-10-01,27.35,7.3
Guinea,GIN,2020-11-01,28.28,0.13
Guinea,GIN,2020-12-01,28.65,0.0
Guinea,GIN,2021-01-01,28.34,0.0
Guinea,GIN,2021-02-01,27.98,0.0
Guinea,GIN,2021-03-01,27.49,0.0
Guinea,GIN,2021-04-01,27.85,0.16
Guinea,GIN,2021-05-01,27.43,5.91
Guinea,GIN,2021-06-01,27.27,15.1
Guinea,GIN,2021-07-01,26.49,64.32
Guinea,GIN,2021-08-01,26.34,61.45
Guinea,GIN,2021-09-01,26.74,23.67
Guinea,GIN,2021-10-01,27.33,15.83
Guinea,GIN,2021-11-01,27.85,0.95
Guinea,GIN,2021-12-01,28.31,0.0
Guinea,GIN,2022-01-01,28.26,0.0
Guinea,GIN,2022-02-01,27.79,0.0
Guinea,GIN,2022-03-01,27.38,0.0
Guinea,GIN,2022-04-01,27.09,0.04
Guinea,GIN,2022-05-01,28.08,2.43
Guinea,GIN,2022-06-01,27.17,6.03
Guinea,GIN,2022-07-01,26.44,35.46
Guinea,GIN,2022-08-01,26.12,30.69
Guinea,GIN,2022-09-01,26.35,17.46
Guinea,GIN,2022-10-01,27.1,10.4
Guinea,GIN,2022-11-01,27.64,1.83
Guinea,GIN,2022-12-01,27.84,0.22
Guinea,GIN,2023-01-01,27.44,0.0
Guinea,GIN,2023-02-01,27.62,0.0
Guinea,GIN,2023-03-01,27.03,0.31
Guinea,GIN,2023-04-01,28.1,0.39
Guinea,GIN,2023-05-01,28.01,19.24
Guinea,GIN,2023-06-01,27.37,13.51
Guinea,GIN,2023-07-01,27.04,25.85
Guinea,GIN,2023-08-01,26.88,19.73
Guinea,GIN,2023-09-01,27.25,16.62
Guinea,GIN,2023-10-01,27.45,15.87
Guinea,GIN,2023-11-01,28.08,2.4
Guinea,GIN,2023-12-01,27.68,0.07
Guinea,GIN,2024-01-01,28.37,0.0
Guinea,GIN,2024-02-01,28.92,0.0
Guinea,GIN,2024-03-01,28.39,0.0
Guinea,GIN,2024-04-01,28.38,0.17
Guinea,GIN,2024-05-01,28.97,4.37
Guinea,GIN,2024-06-01,27.87,16.75
Guinea,GIN,2024-07-01,26.89,29.63
Guinea,GIN,2024-08-01,26.65,24.03
Guinea,GIN,2024-09-01,26.6,21.66
Guinea,GIN,2024-10-01,27.2,10.06
Guinea,GIN,2024-11-01,28.56,0.6
Guinea,GIN,2024-12-01,27.89,0.0
Guinea,GIN,2025-01-01,28.37,0.15
Guinea,GIN,2025-02-01,27.98,0.0
Guinea,GIN,2025-03-01,27.09,0.05
Guinea,GIN,2025-04-01,28.08,0.26
Guinea,GIN,2025-05-01,28.33,0.31
Guinea,GIN,2025-06-01,28.12,2.61
Guinea,GIN,2025-07-01,26.49,43.09
Guinea,GIN,2025-08-01,26.36,45.32
Guinea,GIN,2025-09-01,26.73,20.1
Guinea,GIN,2025-10-01,27.59,2.0
Guinea,GIN,2025-11-01,27.94,1.7
Guinea,GIN,2025-12-01,27.81,0.0
Guinea,GIN,2026-01-01,28.45,0.0
Guinea,GIN,2026-02-01,28.04,0.0
Guinea,GIN,2026-03-01,27.73,0.0
Guinea,GIN,2026-04-01,27.4,0.0
Guinea,GIN,2026-05-01,28.4,0.37
Guinea,GIN,2026-06-01,28.12,4.5
Guinea,GIN,2026-07-01,27.71,1.29
Guinea,GIN,2026-08-01,27.41,0.97
Guinea,GIN,2026-09-01,,
Guinea,GIN,2026-10-01,,
Kenya,KEN,2015-01-01,21.52,0.23
Kenya,KEN,2015-02-01,21.99,1.86
Kenya,KEN,2015-03-01,21.65,0.81
Kenya,KEN,2015-04-01,21.24,2.84
Kenya,KEN,2015-05-01,19.88,1.2
Kenya,KEN,2015-06-01,19.25,0.83
Kenya,KEN,2015-07-01,19.33,0.37
Kenya,KEN,2015-08-01,19.77,0.28
Kenya,KEN,2015-09-01,21.06,0.16
Kenya,KEN,2015-10-01,21.6,0.94
Kenya,KEN,2015-11-01,20.7,2.92
Kenya,KEN,2015-12-01,20.07,2.83
Kenya,KEN,2016-01-01,20.52,2.21
Kenya,KEN,2016-02-01,21.4,1.05
Kenya,KEN,2016-03-01,23.24,0.88
Kenya,KEN,2016-04-01,21.21,2.71
Kenya,KEN,2016-05-01,19.86,1.35
Kenya,KEN,2016-06-01,19.14,0.74
Kenya,KEN,2016-07-01,19.02,0.13
Kenya,KEN,2016-08-01,19.16,0.29
Kenya,KEN,2016-09-01,20.1,0.33
Kenya,KEN,2016-10-01,21.38,0.47
Kenya,KEN,2016-11-01,20.11,3.19
Kenya,KEN,2016-12-01,20.29,0.69
Kenya,KEN,2017-01-01,21.55,0.18
Kenya,KEN,2017-02-01,21.98,0.55
Kenya,KEN,2017-03-01,23.14,0.44
Kenya,KEN,2017-04-01,21.45,1.38
Kenya,KEN,2017-05-01,19.5,2.84
Kenya,KEN,2017-06-01,19.67,0.26
Kenya,KEN,2017-07-01,19.34,0.53
Kenya,KEN,2017-08-01,19.66,0.38
Kenya,KEN,2017-09-01,20.34,0.52
Kenya,KEN,2017-10-01,21.57,1.05
Kenya,KEN,2017-11-01,20.0,2.27
Kenya,KEN,2017-12-01,20.85,0.38
Kenya,KEN,2018-01-01,21.99,0.24
Kenya,KEN,2018-02-01,22.27,0.23
Kenya,KEN,2018-03-01,19.4,6.48
Kenya,KEN,2018-04-01,18.83,6.99
Kenya,KEN,2018-05-01,17.89,2.91
Kenya,KEN,2018-06-01,17.68,0.87
Kenya,KEN,2018-07-01,17.52,0.43
Kenya,KEN,2018-08-01,18.84,0.51
Kenya,KEN,2018-09-01,20.47,0.3
Kenya,KEN,2018-10-01,20.78,1.08
Kenya,KEN,2018-11-01,21.0,1.41
Kenya,KEN,2018-12-01,20.07,2.81
Kenya,KEN,2019-01-01,20.91,0.67
Kenya,KEN,2019-02-01,22.45,0.18
Kenya,KEN,2019-03-01,23.56,0.29
Kenya,KEN,2019-04-01,22.85,1.18
Kenya,KEN,2019-05-01,20.09,1.53
Kenya,KEN,2019-06-01,19.03,1.84
Kenya,KEN,2019-07-01,19.6,0.49
Kenya,KEN,2019-08-01,20.03,0.39
Kenya,KEN,2019-09-01,20.98,0.42
Kenya,KEN,2019-10-01,20.09,4.43
Kenya,KEN,2019-11-01,19.99,2.79
Kenya,KEN,2019-12-01,19.77,3.14
Kenya,KEN,2020-01-01,20.13,2.88
Kenya,KEN,2020-02-01,20.73,1.24
Kenya,KEN,2020-03-01,21.15,3.44
Kenya,KEN,2020-04-01,19.98,7.13
Kenya,KEN,2020-05-01,18.67,1.03
Kenya,KEN,2020-06-01,18.51,1.63
Kenya,KEN,2020-07-01,18.19,0.34
Kenya,KEN,2020-08-01,19.89,0.44
Kenya,KEN,2020-09-01,20.19,1.33
Kenya,KEN,2020-10-01,21.33,2.31
Kenya,KEN,2020-11-01,20.2,2.8
Kenya,KEN,2020-12-01,19.98,1.32
Kenya,KEN,2021-01-01,20.56,0.61
Kenya,KEN,2021-02-01,21.04,1.52
Kenya,KEN,2021-03-01,21.96,0.6
Kenya,KEN,2021-04-01,20.86,2.64
Kenya,KEN,2021-05-01,19.2,2.81
Kenya,KEN,2021-06-01,18.83,0.13
Kenya,KEN,2021-07-01,18.35,0.51
Kenya,KEN,2021-08-01,19.32,0.45
Kenya,KEN,2021-09-01,20.53,0.26
Kenya,KEN,2021-10-01,21.65,0.57
Kenya,KEN,2021-11-01,21.54,1.26
Kenya,KEN,2021-12-01,19.67,2.82
Kenya,KEN,2022-01-01,20.11,0.97
Kenya,KEN,2022-02-01,21.65,1.22
Kenya,KEN,2022-03-01,22.86,0.6
Kenya,KEN,2022-04-01,21.35,1.63
Kenya,KEN,2022-05-01,20.55,0.85
Kenya,KEN,2022-06-01,19.31,0.29
Kenya,KEN,2022-07-01,18.47,0.63
Kenya,KEN,2022-08-01,18.76,0.5
Kenya,KEN,2022-09-01,19.45,0.94
Kenya,KEN,2022-10-01,21.12,0.28
Kenya,KEN,2022-11-01,20.19,2.06
Kenya,KEN,2022-12-01,20.3,1.08
Kenya,KEN,2023-01-01,20.55,0.51
Kenya,KEN,2023-02-01,22.5,0.33
Kenya,KEN,2023-03-01,21.84,1.35
Kenya,KEN,2023-04-01,20.14,3.58
Kenya,KEN,2023-05-01,20.04,0.72
Kenya,KEN,2023-06-01,19.73,0.67
Kenya,KEN,2023-07-01,19.53,0.22
Kenya,KEN,2023-08-01,19.84,0.4
Kenya,KEN,2023-09-01,21.66,0.49
Kenya,KEN,2023-10-01,21.7,1.45
Kenya,KEN,2023-11-01,19.45,5.27
Kenya,KEN,2023-12-01,20.18,0.92
Kenya,KEN,2024-01-01,20.14,2.56
Kenya,KEN,2024-02-01,21.84,0.73
Kenya,KEN,2024-03-01,22.34,2.75
Kenya,KEN,2024-04-01,19.71,6.65
Kenya,KEN,2024-05-01,19.47,2.02
Kenya,KEN,2024-06-01,19.05,0.58
Kenya,KEN,2024-07-01,19.32,1.04
Kenya,KEN,2024-08-01,20.25,0.29
Kenya,KEN,2024-09-01,21.47,0.37
Kenya,KEN,2024-10-01,22.23,0.35
Kenya,KEN,2024-11-01,21.27,3.32
Kenya,KEN,2024-12-01,20.47,1.54
Kenya,KEN,2025-01-01,21.34,1.11
Kenya,KEN,2025-02-01,21.96,0.24
Kenya,KEN,2025-03-01,22.02,2.49
Kenya,KEN,2025-04-01,20.7,4.07
Kenya,KEN,2025-05-01,20.15,1.13
Kenya,KEN,2025-06-01,19.67,0.53
Kenya,KEN,2025-07-01,19.29,0.47
Kenya,KEN,2025-08-01,18.06,2.81
Kenya,KEN,2025-09-01,20.63,0.18
Kenya,KEN,2025-10-01,21.27,1.48
Kenya,KEN,2025-11-01,20.75,0.82
Kenya,KEN,2025-12-01,20.8,2.87
Kenya,KEN,2026-01-01,21.03,0.11
Kenya,KEN,2026-02-01,21.67,4.33
Kenya,KEN,2026-03-01,19.8,4.81
Kenya,KEN,2026-04-01,20.2,2.96
Kenya,KEN,2026-05-01,19.85,1.21
Kenya,KEN,2026-06-01,19.75,0.18
Kenya,KEN,2026-07-01,20.13,0.49
Kenya,KEN,2026-08-01,20.08,0.37
Kenya,KEN,2026-09-01,,
Kenya,KEN,2026-10-01,,
Liberia,LBR,2015-01-01,24.96,0.33
Liberia,LBR,2015-02-01,26.01,2.47
Liberia,LBR,2015-03-01,26.83,1.59
Liberia,LBR,2015-04-01,26.85,2.44
Liberia,LBR,2015-05-01,26.79,10.05
Liberia,LBR,2015-06-01,25.31,18.37
Liberia,LBR,2015-07-01,24.67,21.05
Liberia,LBR,2015-08-01,24.71,14.96
Liberia,LBR,2015-09-01,25.08,11.9
Liberia,LBR,2015-10-01,25.72,17.07
Liberia,LBR,2015-11-01,26.25,0.8
Liberia,LBR,2015-12-01,24.68,0.28
Liberia,LBR,2016-01-01,25.68,0.81
Liberia,LBR,2016-02-01,26.88,0.02
Liberia,LBR,2016-03-01,28.11,1.01
Liberia,LBR,2016-04-01,28.45,1.79
Liberia,LBR,2016-05-01,27.76,1.67
Liberia,LBR,2016-06-01,26.3,20.04
Liberia,LBR,2016-07-01,24.82,9.36
Liberia,LBR,2016-08-01,24.94,1.85
Liberia,LBR,2016-09-01,25.42,2.92
Liberia,LBR,2016-10-01,26.18,1.13
Liberia,LBR,2016-11-01,26.78,0.42
Liberia,LBR,2016-12-01,27.11,0.13
Liberia,LBR,2017-01-01,28.03,0.15
Liberia,LBR,2017-02-01,28.14,0.31
Liberia,LBR,2017-03-01,28.27,0.17
Liberia,LBR,2017-04-01,28.68,0.98
Liberia,LBR,2017-05-01,28.24,1.23
Liberia,LBR,2017-06-01,26.84,7.54
Liberia,LBR,2017-07-01,24.89,12.49
Liberia,LBR,2017-08-01,24.89,5.59
Liberia,LBR,2017-09-01,25.44,6.37
Liberia,LBR,2017-10-01,25.92,5.37
Liberia,LBR,2017-11-01,26.01,0.76
Liberia,LBR,2017-12-01,26.56,0.04
Liberia,LBR,2018-01-01,26.69,0.13
Liberia,LBR,2018-02-01,27.4,0.38
Liberia,LBR,2018-03-01,27.62,0.46
Liberia,LBR,2018-04-01,27.91,1.04
Liberia,LBR,2018-05-01,27.56,2.39
Liberia,LBR,2018-06-01,26.22,2.81
Liberia,LBR,2018-07-01,25.62,4.42
Liberia,LBR,2018-08-01,24.96,67.73
Liberia,LBR,2018-09-01,25.2,31.63
Liberia,LBR,2018-10-01,25.9,11.67
Liberia,LBR,2018-11-01,26.17,2.67
Liberia,LBR,2018-12-01,26.22,0.83
Liberia,LBR,2019-01-01,26.09,0.08
Liberia,LBR,2019-02-01,26.83,0.46
Liberia,LBR,2019-03-01,27.5,0.49
Liberia,LBR,2019-04-01,28.01,0.97
Liberia,LBR,2019-05-01,27.87,0.8
Liberia,LBR,2019-06-01,26.6,8.86
Liberia,LBR,2019-07-01,25.19,15.78
Liberia,LBR,2019-08-01,24.8,20.81
Liberia,LBR,2019-09-01,25.39,14.07
Liberia,LBR,2019-10-01,25.72,31.38
Liberia,LBR,2019-11-01,26.54,8.16
Liberia,LBR,2019-12-01,26.56,0.41
Liberia,LBR,2020-01-01,26.43,0.02
Liberia,LBR,2020-02-01,27.49,0.23
Liberia,LBR,2020-03-01,27.65,2.46
Liberia,LBR,2020-04-01,27.7,1.87
Liberia,LBR,2020-05-01,27.3,5.96
Liberia,LBR,2020-06-01,26.02,10.2
Liberia,LBR,2020-07-01,24.9,11.7
Liberia,LBR,2020-08-01,24.42,11.72
Liberia,LBR,2020-09-01,25.17,9.85
Liberia,LBR,2020-10-01,25.97,4.4
Liberia,LBR,2020-11-01,26.24,1.13
Liberia,LBR,2020-12-01,26.6,1.36
Liberia,LBR,2021-01-01,26.84,0.56
Liberia,LBR,2021-02-01,27.38,1.72
Liberia,LBR,2021-03-01,26.9,2.65
Liberia,LBR,2021-04-01,27.31,7.55
Liberia,LBR,2021-05-01,26.88,5.79
Liberia,LBR,2021-06-01,26.1,6.83
Liberia,LBR,2021-07-01,25.17,13.71
Liberia,LBR,2021-08-01,25.08,25.84
Liberia,LBR,2021-09-01,25.44,13.52
Liberia,LBR,2021-10-01,26.22,5.9
Liberia,LBR,2021-11-01,26.47,2.49
Liberia,LBR,2021-12-01,26.88,0.32
Liberia,LBR,2022-01-01,26.47,0.39
Liberia,LBR,2022-02-01,27.27,1.47
Liberia,LBR,2022-03-01,26.98,1.76
Liberia,LBR,2022-04-01,27.06,5.9
Liberia,LBR,2022-05-01,26.72,5.94
Liberia,LBR,2022-06-01,25.95,7.53
Liberia,LBR,2022-07-01,24.93,6.24
Liberia,LBR,2022-08-01,24.61,20.31
Liberia,LBR,2022-09-01,24.98,17.62
Liberia,LBR,2022-10-01,25.84,4.91
Liberia,LBR,2022-11-01,26.0,1.88
Liberia,LBR,2022-12-01,26.19,0.37
Liberia,LBR,2023-01-01,26.31,0.13
Liberia,LBR,2023-02-01,27.24,0.75
Liberia,LBR,2023-03-01,27.72,0.79
Liberia,LBR,2023-04-01,27.82,1.53
Liberia,LBR,2023-05-01,28.14,2.22
Liberia,LBR,2023-06-01,26.46,5.64
Liberia,LBR,2023-07-01,26.32,2.23
Liberia,LBR,2023-08-01,26.02,3.78
Liberia,LBR,2023-09-01,26.42,4.06
Liberia,LBR,2023-10-01,26.8,4.43
Liberia,LBR,2023-11-01,27.52,1.95
Liberia,LBR,2023-12-01,28.04,0.38
Liberia,LBR,2024-01-01,29.43,0.19
Liberia,LBR,2024-02-01,29.55,0.03
Liberia,LBR,2024-03-01,29.24,0.9
Liberia,LBR,2024-04-01,29.11,2.3
Liberia,LBR,2024-05-01,28.67,3.05
Liberia,LBR,2024-06-01,27.18,7.33
Liberia,LBR,2024-07-01,25.51,4.58
Liberia,LBR,2024-08-01,25.54,5.98
Liberia,LBR,2024-09-01,25.75,6.4
Liberia,LBR,2024-10-01,26.24,4.17
Liberia,LBR,2024-11-01,27.11,0.19
Liberia,LBR,2024-12-01,27.62,0.11
Liberia,LBR,2025-01-01,28.24,0.02
Liberia,LBR,2025-02-01,28.33,0.85
Liberia,LBR,2025-03-01,27.84,1.0
Liberia,LBR,2025-04-01,28.59,0.86
Liberia,LBR,2025-05-01,28.67,0.62
Liberia,LBR,2025-06-01,27.58,11.01
Liberia,LBR,2025-07-01,25.25,3.15
Liberia,LBR,2025-08-01,25.32,2.78
Liberia,LBR,2025-09-01,26.2,2.34
Liberia,LBR,2025-10-01,26.95,3.58
Liberia,LBR,2025-11-01,27.32,0.77
Liberia,LBR,2025-12-01,27.6,0.46
Liberia,LBR,2026-01-01,28.12,0.3
Liberia,LBR,2026-02-01,28.13,0.1
Liberia,LBR,2026-03-01,28.28,1.55
Liberia,LBR,2026-04-01,28.84,0.28
Liberia,LBR,2026-05-01,28.93,0.46
Liberia,LBR,2026-06-01,27.7,2.14
Liberia,LBR,2026-07-01,27.16,0.18
Liberia,LBR,2026-08-01,27.23,0.11
Liberia,LBR,2026-09-01,,
Liberia,LBR,2026-10-01,,
Mali,MLI,2015-01-01,23.24,0.0
Mali,MLI,2015-02-01,27.79,0.02
Mali,MLI,2015-03-01,28.85,0.0
Mali,MLI,2015-04-01,32.18,0.14
Mali,MLI,2015-05-01,31.84,2.02
Mali,MLI,2015-06-01,28.68,5.76
Mali,MLI,2015-07-01,26.48,10.41
Mali,MLI,2015-08-01,25.14,10.79
Mali,MLI,2015-09-01,25.75,7.19
Mali,MLI,2015-10-01,26.57,3.92
Mali,MLI,2015-11-01,25.7,0.14
Mali,MLI,2015-12-01,21.71,0.0
Mali,MLI,2016-01-01,22.87,0.15
Mali,MLI,2016-02-01,24.89,0.0
Mali,MLI,2016-03-01,30.21,0.0
Mali,MLI,2016-04-01,33.84,0.32
Mali,MLI,2016-05-01,32.53,1.54
Mali,MLI,2016-06-01,28.83,10.23
Mali,MLI,2016-07-01,25.56,12.45
Mali,MLI,2016-08-01,25.09,10.58
Mali,MLI,2016-09-01,25.48,6.58
Mali,MLI,2016-10-01,27.51,1.92
Mali,MLI,2016-11-01,26.63,0.17
Mali,MLI,2016-12-01,24.53,0.0
Mali,MLI,2017-01-01,23.84,0.0
Mali,MLI,2017-02-01,27.77,0.0
Mali,MLI,2017-03-01,31.36,0.15
Mali,MLI,2017-04-01,31.91,2.28
Mali,MLI,2017-05-01,31.16,2.85
Mali,MLI,2017-06-01,29.08,4.25
Mali,MLI,2017-07-01,26.26,7.36
Mali,MLI,2017-08-01,25.5,11.05
Mali,MLI,2017-09-01,26.37,5.8
Mali,MLI,2017-10-01,27.78,0.68
Mali,MLI,2017-11-01,26.76,0.01
Mali,MLI,2017-12-01,24.25,0.0
Mali,MLI,2018-01-01,23.97,0.01
Mali,MLI,2018-02-01,28.05,0.02
Mali,MLI,2018-03-01,31.33,0.02
Mali,MLI,2018-04-01,32.81,0.31
Mali,MLI,2018-05-01,31.53,3.73
Mali,MLI,2018-06-01,29.3,3.19
Mali,MLI,2018-07-01,26.12,9.52
Mali,MLI,2018-08-01,24.44,16.13
Mali,MLI,2018-09-01,25.13,7.1
Mali,MLI,2018-10-01,26.86,1.29
Mali,MLI,2018-11-01,26.2,0.0
Mali,MLI,2018-12-01,23.19,0.0
Mali,MLI,2019-01-01,23.5,0.0
Mali,MLI,2019-02-01,26.14,0.0
Mali,MLI,2019-03-01,29.38,0.05
Mali,MLI,2019-04-01,33.19,0.16
Mali,MLI,2019-05-01,33.1,1.53
Mali,MLI,2019-06-01,30.43,5.98
Mali,MLI,2019-07-01,26.64,6.44
Mali,MLI,2019-08-01,25.05,12.79
Mali,MLI,2019-09-01,25.83,8.02
Mali,MLI,2019-10-01,26.05,4.63
Mali,MLI,2019-11-01,26.2,0.24
Mali,MLI,2019-12-01,23.69,0.0
Mali,MLI,2020-01-01,23.08,0.0
Mali,MLI,2020-02-01,26.4,0.0
Mali,MLI,2020-03-01,30.3,3.46
Mali,MLI,2020-04-01,29.55,4.71
Mali,MLI,2020-05-01,30.95,2.94
Mali,MLI,2020-06-01,27.98,4.9
Mali,MLI,2020-07-01,26.06,8.23
Mali,MLI,2020-08-01,25.04,10.44
Mali,MLI,2020-09-01,25.4,7.31
Mali,MLI,2020-10-01,26.35,1.84
Mali,MLI,2020-11-01,25.32,0.0
Mali,MLI,2020-12-01,25.99,0.0
Mali,MLI,2021-01-01,25.05,0.0
Mali,MLI,2021-02-01,27.56,0.02
Mali,MLI,2021-03-01,30.42,0.03
Mali,MLI,2021-04-01,32.58,0.47
Mali,MLI,2021-05-01,31.87,2.49
Mali,MLI,2021-06-01,29.35,4.76
Mali,MLI,2021-07-01,26.73,7.81
Mali,MLI,2021-08-01,25.18,12.59
Mali,MLI,2021-09-01,26.17,4.98
Mali,MLI,2021-10-01,27.24,2.65
Mali,MLI,2021-11-01,26.97,0.02
Mali,MLI,2021-12-01,25.19,0.0
Mali,MLI,2022-01-01,23.99,0.0
Mali,MLI,2022-02-01,26.66,0.0
Mali,MLI,2022-03-01,30.89,0.34
Mali,MLI,2022-04-01,32.88,0.55
Mali,MLI,2022-05-01,31.95,1.4
Mali,MLI,2022-06-01,29.3,6.03
Mali,MLI,2022-07-01,26.84,3.97
Mali,MLI,2022-08-01,26.09,5.15
Mali,MLI,2022-09-01,25.8,8.19
Mali,MLI,2022-10-01,26.68,3.74
Mali,MLI,2022-11-01,26.15,0.04
Mali,MLI,2022-12-01,25.24,0.02
Mali,MLI,2023-01-01,25.47,0.0
Mali,MLI,2023-02-01,28.46,0.0
Mali,MLI,2023-03-01,30.42,1.17
Mali,MLI,2023-04-01,31.4,0.69
Mali,MLI,2023-05-01,30.57,4.72
Mali,MLI,2023-06-01,28.46,3.67
Mali,MLI,2023-07-01,27.7,3.99
Mali,MLI,2023-08-01,28.02,2.18
Mali,MLI,2023-09-01,28.56,3.47
Mali,MLI,2023-10-01,29.83,0.7
Mali,MLI,2023-11-01,29.76,0.03
Mali,MLI,2023-12-01,25.55,0.0
Mali,MLI,2024-01-01,25.88,0.0
Mali,MLI,2024-02-01,27.86,0.0
Mali,MLI,2024-03-01,32.81,0.1
Mali,MLI,2024-04-01,33.63,1.51
Mali,MLI,2024-05-01,32.44,2.62
Mali,MLI,2024-06-01,29.37,8.87
Mali,MLI,2024-07-01,26.07,14.58
Mali,MLI,2024-08-01,25.34,16.01
Mali,MLI,2024-09-01,25.32,9.19
Mali,MLI,2024-10-01,26.27,4.31
Mali,MLI,2024-11-01,24.69,0.0
Mali,MLI,2024-12-01,22.36,0.0
Mali,MLI,2025-01-01,23.35,0.0
Mali,MLI,2025-02-01,26.45,0.0
Mali,MLI,2025-03-01,32.33,0.11
Mali,MLI,2025-04-01,33.52,0.44
Mali,MLI,2025-05-01,33.81,0.26
Mali,MLI,2025-06-01,33.3,0.26
Mali,MLI,2025-07-01,28.42,2.96
Mali,MLI,2025-08-01,28.49,0.8
Mali,MLI,2025-09-01,29.62,1.24
Mali,MLI,2025-10-01,31.26,0.27
Mali,MLI,2025-11-01,28.86,0.07
Mali,MLI,2025-12-01,26.59,0.07
Mali,MLI,2026-01-01,26.54,0.0
Mali,MLI,2026-02-01,27.83,0.0
Mali,MLI,2026-03-01,32.17,0.1
Mali,MLI,2026-04-01,32.16,0.53
Mali,MLI,2026-05-01,33.47,2.83
Mali,MLI,2026-06-01,30.53,5.92
Mali,MLI,2026-07-01,27.78,9.99
Mali,MLI,2026-08-01,26.99,7.58
Mali,MLI,2026-09-01,,
Mali,MLI,2026-10-01,,
Niger,NER,2015-01-01,21.54,0.0
Niger,NER,2015-02-01,27.4,0.09
Niger,NER,2015-03-01,29.67,0.05
Niger,NER,2015-04-01,31.37,0.0
Niger,NER,2015-05-01,34.92,0.19
Niger,NER,2015-06-01,32.72,3.78
Niger,NER,2015-07-01,29.71,5.84
Niger,NER,2015-08-01,26.84,6.6
Niger,NER,2015-09-01,27.31,3.22
Niger,NER,2015-10-01,29.17,0.95
Niger,NER,2015-11-01,26.04,0.0
Niger,NER,2015-12-01,20.19,0.0
Niger,NER,2016-01-01,21.88,0.0
Niger,NER,2016-02-01,24.74,0.0
Niger,NER,2016-03-01,31.34,0.23
Niger,NER,2016-04-01,34.44,1.15
Niger,NER,2016-05-01,34.39,1.28
Niger,NER,2016-06-01,31.52,2.66
Niger,NER,2016-07-01,28.95,3.76
Niger,NER,2016-08-01,27.61,7.0
Niger,NER,2016-09-01,27.32,5.14
Niger,NER,2016-10-01,28.84,0.04
Niger,NER,2016-11-01,27.74,0.0
Niger,NER,2016-12-01,25.58,0.0
Niger,NER,2017-01-01,24.23,0.0
Niger,NER,2017-02-01,26.28,0.0
Niger,NER,2017-03-01,30.36,0.0
Niger,NER,2017-04-01,34.23,0.02
Niger,NER,2017-05-01,34.58,1.13
Niger,NER,2017-06-01,31.11,4.08
Niger,NER,2017-07-01,28.56,5.06
Niger,NER,2017-08-01,27.42,6.39
Niger,NER,2017-09-01,28.21,1.74
Niger,NER,2017-10-01,28.45,0.16
Niger,NER,2017-11-01,26.18,0.0
Niger,NER,2017-12-01,24.21,0.0
Niger,NER,2018-01-01,21.77,0.0
Niger,NER,2018-02-01,27.5,0.04
Niger,NER,2018-03-01,31.28,0.02
Niger,NER,2018-04-01,34.0,0.0
Niger,NER,2018-05-01,34.05,1.03
Niger,NER,2018-06-01,31.71,2.18
Niger,NER,2018-07-01,29.52,3.02
Niger,NER,2018-08-01,27.24,6.52
Niger,NER,2018-09-01,27.7,2.08
Niger,NER,2018-10-01,29.63,0.86
Niger,NER,2018-11-01,26.97,0.0
Niger,NER,2018-12-01,23.28,0.0
Niger,NER,2019-01-01,23.7,0.0
Niger,NER,2019-02-01,25.3,0.0
Niger,NER,2019-03-01,30.56,0.0
Niger,NER,2019-04-01,33.96,0.04
Niger,NER,2019-05-01,33.96,0.28
Niger,NER,2019-06-01,32.69,2.34
Niger,NER,2019-07-01,29.26,5.07
Niger,NER,2019-08-01,27.26,5.91
Niger,NER,2019-09-01,28.56,1.54
Niger,NER,2019-10-01,28.33,1.13
Niger,NER,2019-11-01,27.93,0.0
Niger,NER,2019-12-01,23.28,0.0
Niger,NER,2020-01-01,22.99,0.0
Niger,NER,2020-02-01,25.06,0.0
Niger,NER,2020-03-01,31.36,0.01
Niger,NER,2020-04-01,34.18,0.07
Niger,NER,2020-05-01,34.44,0.75
Niger,NER,2020-06-01,31.65,3.35
Niger,NER,2020-07-01,29.2,5.11
Niger,NER,2020-08-01,26.59,12.22
Niger,NER,2020-09-01,26.51,5.21
Niger,NER,2020-10-01,26.37,0.61
Niger,NER,2020-11-01,24.35,0.0
Niger,NER,2020-12-01,25.08,0.0
Niger,NER,2021-01-01,24.1,0.0
Niger,NER,2021-02-01,25.51,0.0
Niger,NER,2021-03-01,30.71,0.0
Niger,NER,2021-04-01,33.26,0.0
Niger,NER,2021-05-01,35.64,0.41
Niger,NER,2021-06-01,32.57,1.79
Niger,NER,2021-07-01,29.37,4.62
Niger,NER,2021-08-01,27.41,6.39
Niger,NER,2021-09-01,27.56,2.8
Niger,NER,2021-10-01,29.06,0.58
Niger,NER,2021-11-01,27.79,0.0
Niger,NER,2021-12-01,23.61,0.0
Niger,NER,2022-01-01,22.03,0.0
Niger,NER,2022-02-01,25.28,0.0
Niger,NER,2022-03-01,31.32,0.0
Niger,NER,2022-04-01,34.49,0.06
Niger,NER,2022-05-01,34.13,0.77
Niger,NER,2022-06-01,31.71,2.68
Niger,NER,2022-07-01,29.81,4.15
Niger,NER,2022-08-01,27.33,6.77
Niger,NER,2022-09-01,27.04,4.33
Niger,NER,2022-10-01,27.36,0.66
Niger,NER,2022-11-01,24.99,0.0
Niger,NER,2022-12-01,23.29,0.0
Niger,NER,2023-01-01,23.56,0.0
Niger,NER,2023-02-01,26.66,0.0
Niger,NER,2023-03-01,31.19,0.0
Niger,NER,2023-04-01,34.07,0.0
Niger,NER,2023-05-01,35.19,0.36
Niger,NER,2023-06-01,31.57,2.47
Niger,NER,2023-07-01,30.36,5.91
Niger,NER,2023-08-01,28.57,4.19
Niger,NER,2023-09-01,29.2,2.81
Niger,NER,2023-10-01,30.52,0.13
Niger,NER,2023-11-01,29.23,0.0
Niger,NER,2023-12-01,23.48,0.0
Niger,NER,2024-01-01,23.8,0.0
Niger,NER,2024-02-01,26.78,0.0
Niger,NER,2024-03-01,32.42,0.0
Niger,NER,2024-04-01,35.72,0.04
Niger,NER,2024-05-01,36.06,0.63
Niger,NER,2024-06-01,32.15,3.77
Niger,NER,2024-07-01,28.57,6.96
Niger,NER,2024-08-01,26.85,7.95
Niger,NER,2024-09-01,27.14,5.79
Niger,NER,2024-10-01,27.56,0.54
Niger,NER,2024-11-01,22.78,0.0
Niger,NER,2024-12-01,21.34,0.0
Niger,NER,2025-01-01,23.93,0.0
Niger,NER,2025-02-01,26.78,0.0
Niger,NER,2025-03-01,32.4,0.0
Niger,NER,2025-04-01,34.37,0.0
Niger,NER,2025-05-01,35.45,0.2
Niger,NER,2025-06-01,33.29,1.32
Niger,NER,2025-07-01,29.65,5.34
Niger,NER,2025-08-01,27.25,8.66
Niger,NER,2025-09-01,27.67,2.91
Niger,NER,2025-10-01,28.81,0.36
Niger,NER,2025-11-01,26.9,0.0
Niger,NER,2025-12-01,26.36,0.0
Niger,NER,2026-01-01,24.86,0.0
Niger,NER,2026-02-01,27.26,0.0
Niger,NER,2026-03-01,31.06,0.01
Niger,NER,2026-04-01,33.18,0.61
Niger,NER,2026-05-01,35.59,0.3
Niger,NER,2026-06-01,31.94,5.43
Niger,NER,2026-07-01,30.37,3.91
Niger,NER,2026-08-01,28.76,5.56
Niger,NER,2026-09-01,,
Niger,NER,2026-10-01,,
Nigeria,NGA,2015-01-01,24.97,0.0
Nigeria,NGA,2015-02-01,29.17,0.33
Nigeria,NGA,2015-03-01,28.81,0.68
Nigeria,NGA,2015-04-01,29.36,0.41
Nigeria,NGA,2015-05-01,28.77,1.28
Nigeria,NGA,2015-06-01,26.41,2.55
Nigeria,NGA,2015-07-01,24.8,6.77
Nigeria,NGA,2015-08-01,24.22,6.1
Nigeria,NGA,2015-09-01,24.62,6.23
Nigeria,NGA,2015-10-01,25.63,2.61
Nigeria,NGA,2015-11-01,26.18,0.23
Nigeria,NGA,2015-12-01,24.21,0.0
Nigeria,NGA,2016-01-01,25.99,0.0
Nigeria,NGA,2016-02-01,28.72,0.0
Nigeria,NGA,2016-03-01,30.05,1.36
Nigeria,NGA,2016-04-01,29.01,2.72
Nigeria,NGA,2016-05-01,26.75,6.53
Nigeria,NGA,2016-06-01,25.09,5.63
Nigeria,NGA,2016-07-01,24.27,10.16
Nigeria,NGA,2016-08-01,24.11,8.42
Nigeria,NGA,2016-09-01,24.38,9.12
Nigeria,NGA,2016-10-01,25.15,3.94
Nigeria,NGA,2016-11-01,24.91,0.01
Nigeria,NGA,2016-12-01,23.94,0.0
Nigeria,NGA,2017-01-01,25.2,0.0
Nigeria,NGA,2017-02-01,26.26,0.0
Nigeria,NGA,2017-03-01,29.41,0.04
Nigeria,NGA,2017-04-01,28.45,1.99
Nigeria,NGA,2017-05-01,26.36,6.13
Nigeria,NGA,2017-06-01,25.6,6.85
Nigeria,NGA,2017-07-01,24.51,7.25
Nigeria,NGA,2017-08-01,24.08,8.81
Nigeria,NGA,2017-09-01,24.53,5.53
Nigeria,NGA,2017-10-01,25.32,2.27
Nigeria,NGA,2017-11-01,24.97,0.0
Nigeria,NGA,2017-12-01,24.96,0.01
Nigeria,NGA,2018-01-01,23.8,0.0
Nigeria,NGA,2018-02-01,27.73,0.53
Nigeria,NGA,2018-03-01,29.06,0.08
Nigeria,NGA,2018-04-01,28.82,0.66
Nigeria,NGA,2018-05-01,26.83,2.81
Nigeria,NGA,2018-06-01,25.19,8.23
Nigeria,NGA,2018-07-01,24.44,5.55
Nigeria,NGA,2018-08-01,24.01,7.89
Nigeria,NGA,2018-09-01,24.56,4.46
Nigeria,NGA,2018-10-01,25.23,2.9
Nigeria,NGA,2018-11-01,26.28,0.14
Nigeria,NGA,2018-12-01,25.22,0.0
Nigeria,NGA,2019-01-01,26.58,0.01
Nigeria,NGA,2019-02-01,27.9,0.07
Nigeria,NGA,2019-03-01,30.01,0.23
Nigeria,NGA,2019-04-01,30.66,0.2
Nigeria,NGA,2019-05-01,27.27,3.45
Nigeria,NGA,2019-06-01,26.04,3.55
Nigeria,NGA,2019-07-01,24.82,5.29
Nigeria,NGA,2019-08-01,23.89,11.11
Nigeria,NGA,2019-09-01,24.62,8.56
Nigeria,NGA,2019-10-01,24.19,8.71
Nigeria,NGA,2019-11-01,25.62,1.27
Nigeria,NGA,2019-12-01,23.39,0.0
Nigeria,NGA,2020-01-01,23.8,0.0
Nigeria,NGA,2020-02-01,26.49,0.0
Nigeria,NGA,2020-03-01,28.65,1.09
Nigeria,NGA,2020-04-01,27.01,4.44
Nigeria,NGA,2020-05-01,26.34,5.13
Nigeria,NGA,2020-06-01,25.07,6.61
Nigeria,NGA,2020-07-01,23.86,11.31
Nigeria,NGA,2020-08-01,23.71,4.21
Nigeria,NGA,2020-09-01,24.11,9.44
Nigeria,NGA,2020-10-01,24.82,3.12
Nigeria,NGA,2020-11-01,24.85,0.15
Nigeria,NGA,2020-12-01,25.35,0.0
Nigeria,NGA,2021-01-01,25.54,0.0
Nigeria,NGA,2021-02-01,27.0,0.01
Nigeria,NGA,2021-03-01,28.23,0.87
Nigeria,NGA,2021-04-01,28.18,1.72
Nigeria,NGA,2021-05-01,27.69,2.25
Nigeria,NGA,2021-06-01,25.35,8.26
Nigeria,NGA,2021-07-01,24.11,7.7
Nigeria,NGA,2021-08-01,23.92,10.69
Nigeria,NGA,2021-09-01,24.59,7.45
Nigeria,NGA,2021-10-01,25.3,4.33
Nigeria,NGA,2021-11-01,24.78,1.38
Nigeria,NGA,2021-12-01,22.76,0.13
Nigeria,NGA,2022-01-01,23.15,0.94
Nigeria,NGA,2022-02-01,24.83,0.0
Nigeria,NGA,2022-03-01,27.95,0.84
Nigeria,NGA,2022-04-01,26.66,5.4
Nigeria,NGA,2022-05-01,25.68,13.12
Nigeria,NGA,2022-06-01,24.56,9.61
Nigeria,NGA,2022-07-01,24.14,4.43
Nigeria,NGA,2022-08-01,23.72,11.18
Nigeria,NGA,2022-09-01,23.98,7.83
Nigeria,NGA,2022-10-01,24.36,4.18
Nigeria,NGA,2022-11-01,23.89,0.01
Nigeria,NGA,2022-12-01,22.44,0.0
Nigeria,NGA,2023-01-01,23.71,0.01
Nigeria,NGA,2023-02-01,25.94,0.08
Nigeria,NGA,2023-03-01,27.43,0.76
Nigeria,NGA,2023-04-01,28.04,1.17
Nigeria,NGA,2023-05-01,27.22,3.11
Nigeria,NGA,2023-06-01,25.3,8.17
Nigeria,NGA,2023-07-01,25.38,4.87
Nigeria,NGA,2023-08-01,25.04,4.89
Nigeria,NGA,2023-09-01,25.49,4.94
Nigeria,NGA,2023-10-01,26.05,4.91
Nigeria,NGA,2023-11-01,26.07,0.82
Nigeria,NGA,2023-12-01,25.56,0.0
Nigeria,NGA,2024-01-01,25.8,0.0
Nigeria,NGA,2024-02-01,28.88,0.06
Nigeria,NGA,2024-03-01,30.05,0.87
Nigeria,NGA,2024-04-01,29.87,2.11
Nigeria,NGA,2024-05-01,28.08,2.62
Nigeria,NGA,2024-06-01,26.43,4.05
Nigeria,NGA,2024-07-01,24.96,16.76
Nigeria,NGA,2024-08-01,24.38,4.55
Nigeria,NGA,2024-09-01,24.93,4.21
Nigeria,NGA,2024-10-01,25.13,3.27
Nigeria,NGA,2024-11-01,24.37,0.0
Nigeria,NGA,2024-12-01,24.82,0.0
Nigeria,NGA,2025-01-01,27.06,0.0
Nigeria,NGA,2025-02-01,28.75,0.15
Nigeria,NGA,2025-03-01,31.53,0.12
Nigeria,NGA,2025-04-01,30.86,1.82
Nigeria,NGA,2025-05-01,28.55,2.06
Nigeria,NGA,2025-06-01,25.96,5.73
Nigeria,NGA,2025-07-01,24.43,5.71
Nigeria,NGA,2025-08-01,24.08,5.78
Nigeria,NGA,2025-09-01,24.93,6.28
Nigeria,NGA,2025-10-01,25.51,2.62
Nigeria,NGA,2025-11-01,27.18,0.08
Nigeria,NGA,2025-12-01,27.78,0.01
Nigeria,NGA,2026-01-01,28.43,0.02
Nigeria,NGA,2026-02-01,29.51,0.03
Nigeria,NGA,2026-03-01,30.34,0.2
Nigeria,NGA,2026-04-01,28.43,2.88
Nigeria,NGA,2026-05-01,27.49,6.32
Nigeria,NGA,2026-06-01,25.72,9.98
Nigeria,NGA,2026-07-01,25.38,8.48
Nigeria,NGA,2026-08-01,25.29,7.91
Nigeria,NGA,2026-09-01,,
Nigeria,NGA,2026-10-01,,
Rwanda,RWA,2015-01-01,20.09,1.5
Rwanda,RWA,2015-02-01,20.8,2.42
Rwanda,RWA,2015-03-01,20.71,3.77
Rwanda,RWA,2015-04-01,19.56,3.99
Rwanda,RWA,2015-05-01,19.48,3.0
Rwanda,RWA,2015-06-01,19.74,2.26
Rwanda,RWA,2015-07-01,20.48,0.31
Rwanda,RWA,2015-08-01,21.52,0.34
Rwanda,RWA,2015-09-01,21.46,1.99
Rwanda,RWA,2015-10-01,20.63,4.7
Rwanda,RWA,2015-11-01,19.42,8.28
Rwanda,RWA,2015-12-01,19.62,2.79
Rwanda,RWA,2016-01-01,20.26,2.72
Rwanda,RWA,2016-02-01,21.75,1.42
Rwanda,RWA,2016-03-01,21.98,3.5
Rwanda,RWA,2016-04-01,20.06,8.0
Rwanda,RWA,2016-05-01,19.11,2.75
Rwanda,RWA,2016-06-01,18.72,0.18
Rwanda,RWA,2016-07-01,19.24,0.1
Rwanda,RWA,2016-08-01,21.1,0.3
Rwanda,RWA,2016-09-01,21.14,3.32
Rwanda,RWA,2016-10-01,20.64,3.92
Rwanda,RWA,2016-11-01,19.63,2.62
Rwanda,RWA,2016-12-01,20.53,1.66
Rwanda,RWA,2017-01-01,21.92,1.52
Rwanda,RWA,2017-02-01,21.14,2.71
Rwanda,RWA,2017-03-01,20.15,3.97
Rwanda,RWA,2017-04-01,19.86,3.28
Rwanda,RWA,2017-05-01,19.83,3.34
Rwanda,RWA,2017-06-01,20.69,0.34
Rwanda,RWA,2017-07-01,21.28,0.35
Rwanda,RWA,2017-08-01,21.32,1.49
Rwanda,RWA,2017-09-01,21.29,2.0
Rwanda,RWA,2017-10-01,21.13,3.78
Rwanda,RWA,2017-11-01,19.48,6.03
Rwanda,RWA,2017-12-01,20.43,2.15
Rwanda,RWA,2018-01-01,19.55,4.45
Rwanda,RWA,2018-02-01,21.22,1.97
Rwanda,RWA,2018-03-01,19.13,7.38
Rwanda,RWA,2018-04-01,18.9,10.73
Rwanda,RWA,2018-05-01,18.56,3.46
Rwanda,RWA,2018-06-01,17.38,1.01
Rwanda,RWA,2018-07-01,16.85,0.57
Rwanda,RWA,2018-08-01,18.92,1.99
Rwanda,RWA,2018-09-01,20.42,2.2
Rwanda,RWA,2018-10-01,19.88,3.74
Rwanda,RWA,2018-11-01,19.58,3.1
Rwanda,RWA,2018-12-01,19.4,3.47
Rwanda,RWA,2019-01-01,20.19,2.76
Rwanda,RWA,2019-02-01,20.8,3.06
Rwanda,RWA,2019-03-01,20.85,2.51
Rwanda,RWA,2019-04-01,20.16,4.39
Rwanda,RWA,2019-05-01,19.37,3.88
Rwanda,RWA,2019-06-01,18.81,2.61
Rwanda,RWA,2019-07-01,19.24,1.39
Rwanda,RWA,2019-08-01,20.19,1.04
Rwanda,RWA,2019-09-01,21.11,2.68
Rwanda,RWA,2019-10-01,19.23,8.27
Rwanda,RWA,2019-11-01,19.29,5.74
Rwanda,RWA,2019-12-01,19.53,6.07
Rwanda,RWA,2020-01-01,19.73,5.19
Rwanda,RWA,2020-02-01,19.95,7.56
Rwanda,RWA,2020-03-01,19.99,9.27
Rwanda,RWA,2020-04-01,19.58,9.19
Rwanda,RWA,2020-05-01,19.01,3.22
Rwanda,RWA,2020-06-01,17.6,2.33
Rwanda,RWA,2020-07-01,17.13,1.65
Rwanda,RWA,2020-08-01,19.24,0.97
Rwanda,RWA,2020-09-01,20.13,1.53
Rwanda,RWA,2020-10-01,19.68,5.06
Rwanda,RWA,2020-11-01,19.15,10.31
Rwanda,RWA,2020-12-01,19.2,4.32
Rwanda,RWA,2021-01-01,19.06,7.3
Rwanda,RWA,2021-02-01,19.69,8.78
Rwanda,RWA,2021-03-01,19.23,2.38
Rwanda,RWA,2021-04-01,18.88,6.54
Rwanda,RWA,2021-05-01,18.97,2.87
Rwanda,RWA,2021-06-01,17.82,0.7
Rwanda,RWA,2021-07-01,17.42,0.44
Rwanda,RWA,2021-08-01,19.35,2.25
Rwanda,RWA,2021-09-01,19.91,5.15
Rwanda,RWA,2021-10-01,20.47,2.34
Rwanda,RWA,2021-11-01,19.52,5.73
Rwanda,RWA,2021-12-01,19.32,6.29
Rwanda,RWA,2022-01-01,19.67,4.95
Rwanda,RWA,2022-02-01,19.46,12.97
Rwanda,RWA,2022-03-01,19.7,5.21
Rwanda,RWA,2022-04-01,19.18,5.47
Rwanda,RWA,2022-05-01,18.91,3.16
Rwanda,RWA,2022-06-01,17.36,0.92
Rwanda,RWA,2022-07-01,17.22,0.37
Rwanda,RWA,2022-08-01,18.63,5.17
Rwanda,RWA,2022-09-01,19.48,4.32
Rwanda,RWA,2022-10-01,19.76,3.03
Rwanda,RWA,2022-11-01,18.98,6.43
Rwanda,RWA,2022-12-01,19.14,3.42
Rwanda,RWA,2023-01-01,19.3,1.37
Rwanda,RWA,2023-02-01,20.43,1.75
Rwanda,RWA,2023-03-01,19.76,3.56
Rwanda,RWA,2023-04-01,19.35,7.77
Rwanda,RWA,2023-05-01,19.87,2.65
Rwanda,RWA,2023-06-01,19.57,1.13
Rwanda,RWA,2023-07-01,19.21,0.04
Rwanda,RWA,2023-08-01,21.36,0.3
Rwanda,RWA,2023-09-01,21.48,2.91
Rwanda,RWA,2023-10-01,21.29,2.15
Rwanda,RWA,2023-11-01,19.72,5.28
Rwanda,RWA,2023-12-01,20.69,3.82
Rwanda,RWA,2024-01-01,20.48,7.01
Rwanda,RWA,2024-02-01,21.06,3.2
Rwanda,RWA,2024-03-01,20.78,3.58
Rwanda,RWA,2024-04-01,20.18,5.37
Rwanda,RWA,2024-05-01,20.36,2.09
Rwanda,RWA,2024-06-01,19.43,0.26
Rwanda,RWA,2024-07-01,20.65,0.49
Rwanda,RWA,2024-08-01,21.46,0.65
Rwanda,RWA,2024-09-01,22.76,2.21
Rwanda,RWA,2024-10-01,20.8,6.83
Rwanda,RWA,2024-11-01,19.97,7.13
Rwanda,RWA,2024-12-01,19.7,4.37
Rwanda,RWA,2025-01-01,20.12,1.78
Rwanda,RWA,2025-02-01,21.35,2.05
Rwanda,RWA,2025-03-01,21.26,2.91
Rwanda,RWA,2025-04-01,20.36,3.76
Rwanda,RWA,2025-05-01,19.59,3.05
Rwanda,RWA,2025-06-01,19.59,1.82
Rwanda,RWA,2025-07-01,19.89,0.27
Rwanda,RWA,2025-08-01,19.9,4.95
Rwanda,RWA,2025-09-01,21.33,1.1
Rwanda,RWA,2025-10-01,20.99,2.56
Rwanda,RWA,2025-11-01,20.94,2.62
Rwanda,RWA,2025-12-01,20.98,3.48
Rwanda,RWA,2026-01-01,21.21,4.9
Rwanda,RWA,2026-02-01,20.2,3.93
Rwanda,RWA,2026-03-01,20.35,5.6
Rwanda,RWA,2026-04-01,20.09,3.26
Rwanda,RWA,2026-05-01,19.94,3.3
Rwanda,RWA,2026-06-01,20.57,0.16
Rwanda,RWA,2026-07-01,21.31,0.79
Rwanda,RWA,2026-08-01,22.59,0.07
Rwanda,RWA,2026-09-01,,
Rwanda,RWA,2026-10-01,,
Sudan,SDN,2015-01-01,20.86,0.0
Sudan,SDN,2015-02-01,25.98,0.0
Sudan,SDN,2015-03-01,29.6,0.0
Sudan,SDN,2015-04-01,29.48,0.0
Sudan,SDN,2015-05-01,34.58,0.01
Sudan,SDN,2015-06-01,34.8,0.3
Sudan,SDN,2015-07-01,34.44,0.17
Sudan,SDN,2015-08-01,31.52,1.35
Sudan,SDN,2015-09-01,33.31,0.1
Sudan,SDN,2015-10-01,33.39,0.03
Sudan,SDN,2015-11-01,26.3,0.0
Sudan,SDN,2015-12-01,20.07,0.13
Sudan,SDN,2016-01-01,19.4,0.0
Sudan,SDN,2016-02-01,23.11,0.0
Sudan,SDN,2016-03-01,29.77,0.0
Sudan,SDN,2016-04-01,31.23,0.0
Sudan,SDN,2016-05-01,34.55,0.14
Sudan,SDN,2016-06-01,34.57,0.46
Sudan,SDN,2016-07-01,30.21,4.33
Sudan,SDN,2016-08-01,28.37,3.46
Sudan,SDN,2016-09-01,30.41,0.59
Sudan,SDN,2016-10-01,31.4,0.17
Sudan,SDN,2016-11-01,27.43,0.0
Sudan,SDN,2016-12-01,24.0,0.0
Sudan,SDN,2017-01-01,24.31,0.0
Sudan,SDN,2017-02-01,22.32,0.0
Sudan,SDN,2017-03-01,26.88,0.0
Sudan,SDN,2017-04-01,32.3,0.12
Sudan,SDN,2017-05-01,34.05,0.12
Sudan,SDN,2017-06-01,35.34,0.04
Sudan,SDN,2017-07-01,33.09,0.57
Sudan,SDN,2017-08-01,30.09,2.46
Sudan,SDN,2017-09-01,31.43,0.31
Sudan,SDN,2017-10-01,31.11,0.01
Sudan,SDN,2017-11-01,26.31,0.0
Sudan,SDN,2017-12-01,24.75,0.0
Sudan,SDN,2018-01-01,20.49,0.0
Sudan,SDN,2018-02-01,27.28,0.0
Sudan,SDN,2018-03-01,28.54,0.0
Sudan,SDN,2018-04-01,29.98,0.0
Sudan,SDN,2018-05-01,34.27,0.31
Sudan,SDN,2018-06-01,33.39,0.26
Sudan,SDN,2018-07-01,31.43,2.32
Sudan,SDN,2018-08-01,29.46,1.19
Sudan,SDN,2018-09-01,30.95,0.58
Sudan,SDN,2018-10-01,31.95,0.29
Sudan,SDN,2018-11-01,25.71,0.0
Sudan,SDN,2018-12-01,22.32,0.0
Sudan,SDN,2019-01-01,23.93,0.0
Sudan,SDN,2019-02-01,24.99,0.0
Sudan,SDN,2019-03-01,26.11,0.0
Sudan,SDN,2019-04-01,30.34,0.0
Sudan,SDN,2019-05-01,34.84,0.01
Sudan,SDN,2019-06-01,35.14,0.22
Sudan,SDN,2019-07-01,33.86,0.24
Sudan,SDN,2019-08-01,29.74,2.43
Sudan,SDN,2019-09-01,31.02,1.25
Sudan,SDN,2019-10-01,30.24,1.56
Sudan,SDN,2019-11-01,27.27,0.01
Sudan,SDN,2019-12-01,22.62,0.0
Sudan,SDN,2020-01-01,19.31,0.0
Sudan,SDN,2020-02-01,22.09,0.0
Sudan,SDN,2020-03-01,27.61,0.0
Sudan,SDN,2020-04-01,30.74,0.0
Sudan,SDN,2020-05-01,33.89,0.08
Sudan,SDN,2020-06-01,34.97,0.06
Sudan,SDN,2020-07-01,32.05,2.67
Sudan,SDN,2020-08-01,27.7,5.7
Sudan,SDN,2020-09-01,28.34,1.89
Sudan,SDN,2020-10-01,29.22,0.1
Sudan,SDN,2020-11-01,25.58,0.0
Sudan,SDN,2020-12-01,23.9,0.0
Sudan,SDN,2021-01-01,23.66,0.0
Sudan,SDN,2021-02-01,23.49,0.0
Sudan,SDN,2021-03-01,28.69,0.0
Sudan,SDN,2021-04-01,31.12,0.0
Sudan,SDN,2021-05-01,33.3,1.25
Sudan,SDN,2021-06-01,35.38,0.04
Sudan,SDN,2021-07-01,28.8,6.64
Sudan,SDN,2021-08-01,27.43,5.13
Sudan,SDN,2021-09-01,27.71,2.68
Sudan,SDN,2021-10-01,29.14,0.15
Sudan,SDN,2021-11-01,27.32,0.02
Sudan,SDN,2021-12-01,23.22,0.08
Sudan,SDN,2022-01-01,20.76,0.01
Sudan,SDN,2022-02-01,21.73,0.0
Sudan,SDN,2022-03-01,26.83,0.0
Sudan,SDN,2022-04-01,33.54,0.0
Sudan,SDN,2022-05-01,34.64,0.01
Sudan,SDN,2022-06-01,33.88,0.75
Sudan,SDN,2022-07-01,29.95,3.12
Sudan,SDN,2022-08-01,27.7,3.49
Sudan,SDN,2022-09-01,28.28,2.28
Sudan,SDN,2022-10-01,29.79,0.37
Sudan,SDN,2022-11-01,25.95,0.0
Sudan,SDN,2022-12-01,23.11,0.0
Sudan,SDN,2023-01-01,21.97,0.0
Sudan,SDN,2023-02-01,23.07,0.0
Sudan,SDN,2023-03-01,27.12,0.0
Sudan,SDN,2023-04-01,31.13,0.0
Sudan,SDN,2023-05-01,33.85,0.01
Sudan,SDN,2023-06-01,34.34,0.78
Sudan,SDN,2023-07-01,34.55,0.26
Sudan,SDN,2023-08-01,29.97,4.23
Sudan,SDN,2023-09-01,30.85,0.68
Sudan,SDN,2023-10-01,32.59,0.4
Sudan,SDN,2023-11-01,29.94,0.03
Sudan,SDN,2023-12-01,23.77,0.0
Sudan,SDN,2024-01-01,21.59,0.0
Sudan,SDN,2024-02-01,23.01,0.0
Sudan,SDN,2024-03-01,28.57,0.0
Sudan,SDN,2024-04-01,31.28,0.0
Sudan,SDN,2024-05-01,34.3,0.04
Sudan,SDN,2024-06-01,35.57,0.32
Sudan,SDN,2024-07-01,31.44,3.43
Sudan,SDN,2024-08-01,27.6,4.75
Sudan,SDN,2024-09-01,29.54,1.05
Sudan,SDN,2024-10-01,30.9,0.04
Sudan,SDN,2024-11-01,26.17,0.05
Sudan,SDN,2024-12-01,23.04,0.0
Sudan,SDN,2025-01-01,22.51,0.0
Sudan,SDN,2025-02-01,25.42,0.0
Sudan,SDN,2025-03-01,27.03,0.0
Sudan,SDN,2025-04-01,32.3,0.0
Sudan,SDN,2025-05-01,33.15,1.74
Sudan,SDN,2025-06-01,34.01,0.13
Sudan,SDN,2025-07-01,32.42,1.22
Sudan,SDN,2025-08-01,29.5,2.97
Sudan,SDN,2025-09-01,30.11,1.2
Sudan,SDN,2025-10-01,30.65,0.44
Sudan,SDN,2025-11-01,28.22,0.01
Sudan,SDN,2025-12-01,23.59,0.0
Sudan,SDN,2026-01-01,23.97,0.0
Sudan,SDN,2026-02-01,25.2,0.0
Sudan,SDN,2026-03-01,26.79,0.0
Sudan,SDN,2026-04-01,30.53,0.0
Sudan,SDN,2026-05-01,34.59,0.06
Sudan,SDN,2026-06-01,36.24,0.21
Sudan,SDN,2026-07-01,35.63,0.18
Sudan,SDN,2026-08-01,32.68,3.32
Sudan,SDN,2026-09-01,,
Sudan,SDN,2026-10-01,,
Senegal,SEN,2015-01-01,20.77,0.2
Senegal,SEN,2015-02-01,19.35,0.06
Senegal,SEN,2015-03-01,19.66,0.07
Senegal,SEN,2015-04-01,20.0,0.01
Senegal,SEN,2015-05-01,23.2,0.03
Senegal,SEN,2015-06-01,24.92,0.1
Senegal,SEN,2015-07-01,26.86,3.37
Senegal,SEN,2015-08-01,27.66,8.07
Senegal,SEN,2015-09-01,27.96,7.02
Senegal,SEN,2015-10-01,27.99,4.18
Senegal,SEN,2015-11-01,27.14,0.16
Senegal,SEN,2015-12-01,24.42,0.16
Senegal,SEN,2016-01-01,24.17,0.0
Senegal,SEN,2016-02-01,21.89,0.04
Senegal,SEN,2016-03-01,20.18,0.0
Senegal,SEN,2016-04-01,20.74,0.01
Senegal,SEN,2016-05-01,21.01,0.13
Senegal,SEN,2016-06-01,23.71,0.52
Senegal,SEN,2016-07-01,26.02,3.8
Senegal,SEN,2016-08-01,27.43,5.2
Senegal,SEN,2016-09-01,27.69,5.61
Senegal,SEN,2016-10-01,28.24,0.31
Senegal,SEN,2016-11-01,27.27,1.37
Senegal,SEN,2016-12-01,24.52,0.01
Senegal,SEN,2017-01-01,21.92,0.01
Senegal,SEN,2017-02-01,19.42,0.04
Senegal,SEN,2017-03-01,19.89,0.04
Senegal,SEN,2017-04-01,21.58,0.01
Senegal,SEN,2017-05-01,22.46,0.14
Senegal,SEN,2017-06-01,25.2,1.54
Senegal,SEN,2017-07-01,26.73,4.47
Senegal,SEN,2017-08-01,27.57,5.7
Senegal,SEN,2017-09-01,28.01,2.73
Senegal,SEN,2017-10-01,28.73,0.7
Senegal,SEN,2017-11-01,28.0,0.05
Senegal,SEN,2017-12-01,23.77,0.01
Senegal,SEN,2018-01-01,20.44,0.0
Senegal,SEN,2018-02-01,18.47,0.02
Senegal,SEN,2018-03-01,19.72,0.04
Senegal,SEN,2018-04-01,19.45,0.01
Senegal,SEN,2018-05-01,20.3,0.0
Senegal,SEN,2018-06-01,23.29,0.34
Senegal,SEN,2018-07-01,25.95,1.6
Senegal,SEN,2018-08-01,26.53,5.77
Senegal,SEN,2018-09-01,27.11,6.45
Senegal,SEN,2018-10-01,27.5,1.28
Senegal,SEN,2018-11-01,24.71,0.09
Senegal,SEN,2018-12-01,23.95,0.0
Senegal,SEN,2019-01-01,21.9,0.08
Senegal,SEN,2019-02-01,21.18,0.01
Senegal,SEN,2019-03-01,20.0,0.01
Senegal,SEN,2019-04-01,19.7,0.0
Senegal,SEN,2019-05-01,21.15,0.01
Senegal,SEN,2019-06-01,23.17,0.62
Senegal,SEN,2019-07-01,25.59,0.8
Senegal,SEN,2019-08-01,26.52,7.85
Senegal,SEN,2019-09-01,27.86,4.44
Senegal,SEN,2019-10-01,28.0,2.64
Senegal,SEN,2019-11-01,25.72,0.02
Senegal,SEN,2019-12-01,24.01,0.03
Senegal,SEN,2020-01-01,22.73,0.01
Senegal,SEN,2020-02-01,23.61,1.09
Senegal,SEN,2020-03-01,21.76,0.39
Senegal,SEN,2020-04-01,20.37,2.61
Senegal,SEN,2020-05-01,21.85,0.02
Senegal,SEN,2020-06-01,25.16,0.49
Senegal,SEN,2020-07-01,27.13,4.91
Senegal,SEN,2020-08-01,27.75,6.8
Senegal,SEN,2020-09-01,27.99,11.6
Senegal,SEN,2020-10-01,28.64,3.27
Senegal,SEN,2020-11-01,27.39,0.03
Senegal,SEN,2020-12-01,24.47,0.11
Senegal,SEN,2021-01-01,21.04,0.0
Senegal,SEN,2021-02-01,19.87,0.06
Senegal,SEN,2021-03-01,19.75,0.26
Senegal,SEN,2021-04-01,20.2,0.01
Senegal,SEN,2021-05-01,21.0,0.03
Senegal,SEN,2021-06-01,24.56,1.36
Senegal,SEN,2021-07-01,26.46,1.22
Senegal,SEN,2021-08-01,27.49,8.92
Senegal,SEN,2021-09-01,28.19,6.61
Senegal,SEN,2021-10-01,28.38,1.43
Senegal,SEN,2021-11-01,27.18,0.17
Senegal,SEN,2021-12-01,24.69,0.07
Senegal,SEN,2022-01-01,24.16,0.04
Senegal,SEN,2022-02-01,22.0,0.02
Senegal,SEN,2022-03-01,18.91,0.05
Senegal,SEN,2022-04-01,19.91,0.0
Senegal,SEN,2022-05-01,22.37,0.6
Senegal,SEN,2022-06-01,25.46,2.68
Senegal,SEN,2022-07-01,26.98,3.99
Senegal,SEN,2022-08-01,27.76,7.49
Senegal,SEN,2022-09-01,27.91,7.7
Senegal,SEN,2022-10-01,28.28,2.71
Senegal,SEN,2022-11-01,27.42,0.03
Senegal,SEN,2022-12-01,25.0,0.15
Senegal,SEN,2023-01-01,22.75,0.06
Senegal,SEN,2023-02-01,19.68,0.02
Senegal,SEN,2023-03-01,21.04,0.02
Senegal,SEN,2023-04-01,21.79,0.01
Senegal,SEN,2023-05-01,24.18,0.02
Senegal,SEN,2023-06-01,26.32,0.4
Senegal,SEN,2023-07-01,28.02,4.93
Senegal,SEN,2023-08-01,28.25,9.13
Senegal,SEN,2023-09-01,28.7,6.24
Senegal,SEN,2023-10-01,28.97,1.18
Senegal,SEN,2023-11-01,27.58,0.03
Senegal,SEN,2023-12-01,25.07,0.04
Senegal,SEN,2024-01-01,24.26,0.06
Senegal,SEN,2024-02-01,24.09,0.01
Senegal,SEN,2024-03-01,20.79,0.0
Senegal,SEN,2024-04-01,21.76,0.01
Senegal,SEN,2024-05-01,23.62,0.02
Senegal,SEN,2024-06-01,25.1,3.42
Senegal,SEN,2024-07-01,27.13,3.52
Senegal,SEN,2024-08-01,28.02,4.54
Senegal,SEN,2024-09-01,27.99,7.81
Senegal,SEN,2024-10-01,28.17,2.7
Senegal,SEN,2024-11-01,27.33,0.01
Senegal,SEN,2024-12-01,25.34,0.01
Senegal,SEN,2025-01-01,22.05,0.0
Senegal,SEN,2025-02-01,20.03,0.01
Senegal,SEN,2025-03-01,19.53,1.7
Senegal,SEN,2025-04-01,20.56,0.02
Senegal,SEN,2025-05-01,22.24,0.15
Senegal,SEN,2025-06-01,25.47,2.52
Senegal,SEN,2025-07-01,27.12,2.37
Senegal,SEN,2025-08-01,27.67,9.56
Senegal,SEN,2025-09-01,28.38,6.43
Senegal,SEN,2025-10-01,29.0,1.39
Senegal,SEN,2025-11-01,27.95,0.14
Senegal,SEN,2025-12-01,22.64,0.12
Senegal,SEN,2026-01-01,20.72,0.05
Senegal,SEN,2026-02-01,21.27,0.04
Senegal,SEN,2026-03-01,19.76,0.01
Senegal,SEN,2026-04-01,21.19,0.05
Senegal,SEN,2026-05-01,21.6,0.18
Senegal,SEN,2026-06-01,25.03,0.23
Senegal,SEN,2026-07-01,27.61,3.43
Senegal,SEN,2026-08-01,28.79,6.72
Senegal,SEN,2026-09-01,,
Senegal,SEN,2026-10-01,,
Sierra Leone,SLE,2015-01-01,24.85,0.0
Sierra Leone,SLE,2015-02-01,26.19,0.02
Sierra Leone,SLE,2015-03-01,27.01,0.0
Sierra Leone,SLE,2015-04-01,27.86,0.13
Sierra Leone,SLE,2015-05-01,27.27,15.55
Sierra Leone,SLE,2015-06-01,25.99,25.04
Sierra Leone,SLE,2015-07-01,25.27,22.32
Sierra Leone,SLE,2015-08-01,25.38,27.46
Sierra Leone,SLE,2015-09-01,25.47,21.49
Sierra Leone,SLE,2015-10-01,26.19,13.92
Sierra Leone,SLE,2015-11-01,26.5,2.43
Sierra Leone,SLE,2015-12-01,24.06,0.0
Sierra Leone,SLE,2016-01-01,24.88,0.14
Sierra Leone,SLE,2016-02-01,25.86,0.0
Sierra Leone,SLE,2016-03-01,28.11,0.01
Sierra Leone,SLE,2016-04-01,28.28,2.15
Sierra Leone,SLE,2016-05-01,26.96,8.17
Sierra Leone,SLE,2016-06-01,26.07,51.32
Sierra Leone,SLE,2016-07-01,25.23,62.39
Sierra Leone,SLE,2016-08-01,25.22,29.52
Sierra Leone,SLE,2016-09-01,25.4,32.52
Sierra Leone,SLE,2016-10-01,26.27,5.9
Sierra Leone,SLE,2016-11-01,26.45,3.7
Sierra Leone,SLE,2016-12-01,25.66,0.0
Sierra Leone,SLE,2017-01-01,26.05,0.0
Sierra Leone,SLE,2017-02-01,26.28,0.0
Sierra Leone,SLE,2017-03-01,27.14,0.03
Sierra Leone,SLE,2017-04-01,27.96,1.78
Sierra Leone,SLE,2017-05-01,27.41,11.82
Sierra Leone,SLE,2017-06-01,26.33,30.57
Sierra Leone,SLE,2017-07-01,25.35,42.1
Sierra Leone,SLE,2017-08-01,25.36,44.4
Sierra Leone,SLE,2017-09-01,25.81,15.55
Sierra Leone,SLE,2017-10-01,26.26,8.73
Sierra Leone,SLE,2017-11-01,26.27,8.37
Sierra Leone,SLE,2017-12-01,25.71,0.0
Sierra Leone,SLE,2018-01-01,24.67,0.0
Sierra Leone,SLE,2018-02-01,25.53,0.42
Sierra Leone,SLE,2018-03-01,26.64,0.22
Sierra Leone,SLE,2018-04-01,27.64,0.08
Sierra Leone,SLE,2018-05-01,27.7,1.36
Sierra Leone,SLE,2018-06-01,26.07,21.8
Sierra Leone,SLE,2018-07-01,25.38,25.07
Sierra Leone,SLE,2018-08-01,25.02,27.07
Sierra Leone,SLE,2018-09-01,25.42,32.69
Sierra Leone,SLE,2018-10-01,26.13,10.86
Sierra Leone,SLE,2018-11-01,26.37,9.38
Sierra Leone,SLE,2018-12-01,25.68,0.16
Sierra Leone,SLE,2019-01-01,25.54,0.0
Sierra Leone,SLE,2019-02-01,26.34,0.0
Sierra Leone,SLE,2019-03-01,27.02,0.0
Sierra Leone,SLE,2019-04-01,28.1,0.5
Sierra Leone,SLE,2019-05-01,28.13,0.44
Sierra Leone,SLE,2019-06-01,27.04,12.66
Sierra Leone,SLE,2019-07-01,25.57,40.69
Sierra Leone,SLE,2019-08-01,25.19,38.62
Sierra Leone,SLE,2019-09-01,25.67,14.12
Sierra Leone,SLE,2019-10-01,26.03,12.6
Sierra Leone,SLE,2019-11-01,26.39,6.8
Sierra Leone,SLE,2019-12-01,26.44,0.01
Sierra Leone,SLE,2020-01-01,25.4,0.0
Sierra Leone,SLE,2020-02-01,26.71,0.0
Sierra Leone,SLE,2020-03-01,27.98,0.14
Sierra Leone,SLE,2020-04-01,28.15,2.8
Sierra Leone,SLE,2020-05-01,27.5,9.3
Sierra Leone,SLE,2020-06-01,26.53,4.61
Sierra Leone,SLE,2020-07-01,25.29,36.93
Sierra Leone,SLE,2020-08-01,25.05,11.81
Sierra Leone,SLE,2020-09-01,25.68,3.9
Sierra Leone,SLE,2020-10-01,26.36,7.96
Sierra Leone,SLE,2020-11-01,26.95,0.19
Sierra Leone,SLE,2020-12-01,26.9,0.04
Sierra Leone,SLE,2021-01-01,26.58,0.01
Sierra Leone,SLE,2021-02-01,27.54,0.09
Sierra Leone,SLE,2021-03-01,27.91,0.02
Sierra Leone,SLE,2021-04-01,28.48,0.6
Sierra Leone,SLE,2021-05-01,27.32,13.28
Sierra Leone,SLE,2021-06-01,26.48,20.86
Sierra Leone,SLE,2021-07-01,25.58,60.48
Sierra Leone,SLE,2021-08-01,25.45,36.98
Sierra Leone,SLE,2021-09-01,25.88,32.42
Sierra Leone,SLE,2021-10-01,26.41,12.08
Sierra Leone,SLE,2021-11-01,26.67,1.34
Sierra Leone,SLE,2021-12-01,26.55,0.03
Sierra Leone,SLE,2022-01-01,25.83,0.0
Sierra Leone,SLE,2022-02-01,26.57,0.06
Sierra Leone,SLE,2022-03-01,27.46,0.05
Sierra Leone,SLE,2022-04-01,27.79,0.2
Sierra Leone,SLE,2022-05-01,27.92,4.06
Sierra Leone,SLE,2022-06-01,26.59,5.4
Sierra Leone,SLE,2022-07-01,25.46,17.2
Sierra Leone,SLE,2022-08-01,25.16,24.06
Sierra Leone,SLE,2022-09-01,25.54,16.49
Sierra Leone,SLE,2022-10-01,26.3,12.94
Sierra Leone,SLE,2022-11-01,26.34,3.21
Sierra Leone,SLE,2022-12-01,26.14,0.41
Sierra Leone,SLE,2023-01-01,25.43,0.02
Sierra Leone,SLE,2023-02-01,26.54,0.03
Sierra Leone,SLE,2023-03-01,27.08,1.11
Sierra Leone,SLE,2023-04-01,28.17,0.96
Sierra Leone,SLE,2023-05-01,27.43,32.19
Sierra Leone,SLE,2023-06-01,26.47,12.92
Sierra Leone,SLE,2023-07-01,26.06,23.17
Sierra Leone,SLE,2023-08-01,25.91,17.63
Sierra Leone,SLE,2023-09-01,26.41,20.86
Sierra Leone,SLE,2023-10-01,26.67,14.52
Sierra Leone,SLE,2023-11-01,27.13,7.35
Sierra Leone,SLE,2023-12-01,25.71,0.29
Sierra Leone,SLE,2024-01-01,26.51,0.0
Sierra Leone,SLE,2024-02-01,27.23,0.0
Sierra Leone,SLE,2024-03-01,27.86,0.05
Sierra Leone,SLE,2024-04-01,28.92,0.79
Sierra Leone,SLE,2024-05-01,28.47,6.3
Sierra Leone,SLE,2024-06-01,27.08,21.66
Sierra Leone,SLE,2024-07-01,25.83,33.54
Sierra Leone,SLE,2024-08-01,25.69,20.67
Sierra Leone,SLE,2024-09-01,25.82,18.81
Sierra Leone,SLE,2024-10-01,26.18,6.6
Sierra Leone,SLE,2024-11-01,27.01,0.9
Sierra Leone,SLE,2024-12-01,25.44,0.0
Sierra Leone,SLE,2025-01-01,25.86,0.0
Sierra Leone,SLE,2025-02-01,26.84,0.25
Sierra Leone,SLE,2025-03-01,27.34,0.2
Sierra Leone,SLE,2025-04-01,28.51,0.48
Sierra Leone,SLE,2025-05-01,28.57,0.12
Sierra Leone,SLE,2025-06-01,28.1,1.73
Sierra Leone,SLE,2025-07-01,25.51,24.65
Sierra Leone,SLE,2025-08-01,25.45,30.76
Sierra Leone,SLE,2025-09-01,25.94,25.47
Sierra Leone,SLE,2025-10-01,26.7,5.67
Sierra Leone,SLE,2025-11-01,26.67,2.26
Sierra Leone,SLE,2025-12-01,25.95,0.0
Sierra Leone,SLE,2026-01-01,26.49,0.04
Sierra Leone,SLE,2026-02-01,26.88,0.0
Sierra Leone,SLE,2026-03-01,27.73,0.01
Sierra Leone,SLE,2026-04-01,28.58,0.02
Sierra Leone,SLE,2026-05-01,29.04,1.05
Sierra Leone,SLE,2026-06-01,27.61,4.58
Sierra Leone,SLE,2026-07-01,27.44,0.25
Sierra Leone,SLE,2026-08-01,27.22,0.31
Sierra Leone,SLE,2026-09-01,,
Sierra Leone,SLE,2026-10-01,,
Somalia,SOM,2015-01-01,26.06,0.0
Somalia,SOM,2015-02-01,26.2,0.0
Somalia,SOM,2015-03-01,27.18,0.54
Somalia,SOM,2015-04-01,28.7,1.25
Somalia,SOM,2015-05-01,28.15,2.18
Somalia,SOM,2015-06-01,27.17,0.3
Somalia,SOM,2015-07-01,26.0,1.32
Somalia,SOM,2015-08-01,26.11,0.71
Somalia,SOM,2015-09-01,26.72,0.23
Somalia,SOM,2015-10-01,27.5,1.55
Somalia,SOM,2015-11-01,27.89,4.74
Somalia,SOM,2015-12-01,27.8,1.03
Somalia,SOM,2016-01-01,27.1,0.04
Somalia,SOM,2016-02-01,26.81,0.06
Somalia,SOM,2016-03-01,28.48,0.04
Somalia,SOM,2016-04-01,28.96,3.82
Somalia,SOM,2016-05-01,28.0,1.54
Somalia,SOM,2016-06-01,26.69,0.2
Somalia,SOM,2016-07-01,24.86,0.15
Somalia,SOM,2016-08-01,25.22,0.09
Somalia,SOM,2016-09-01,25.48,0.01
Somalia,SOM,2016-10-01,26.34,0.0
Somalia,SOM,2016-11-01,27.33,0.19
Somalia,SOM,2016-12-01,27.26,0.19
Somalia,SOM,2017-01-01,26.58,0.0
Somalia,SOM,2017-02-01,26.92,0.01
Somalia,SOM,2017-03-01,27.74,0.0
Somalia,SOM,2017-04-01,28.59,0.21
Somalia,SOM,2017-05-01,28.24,0.1
Somalia,SOM,2017-06-01,27.0,0.22
Somalia,SOM,2017-07-01,26.02,0.01
Somalia,SOM,2017-08-01,26.18,0.44
Somalia,SOM,2017-09-01,26.18,0.02
Somalia,SOM,2017-10-01,26.84,0.62
Somalia,SOM,2017-11-01,27.45,2.9
Somalia,SOM,2017-12-01,26.7,0.0
Somalia,SOM,2018-01-01,25.73,0.0
Somalia,SOM,2018-02-01,26.43,0.0
Somalia,SOM,2018-03-01,27.87,0.07
Somalia,SOM,2018-04-01,28.36,1.63
Somalia,SOM,2018-05-01,27.8,0.19
Somalia,SOM,2018-06-01,26.56,0.42
Somalia,SOM,2018-07-01,25.36,0.09
Somalia,SOM,2018-08-01,25.25,1.89
Somalia,SOM,2018-09-01,26.09,0.03
Somalia,SOM,2018-10-01,26.59,0.23
Somalia,SOM,2018-11-01,27.41,0.07
Somalia,SOM,2018-12-01,27.4,0.02
Somalia,SOM,2019-01-01,26.58,0.01
Somalia,SOM,2019-02-01,26.87,0.0
Somalia,SOM,2019-03-01,28.02,0.01
Somalia,SOM,2019-04-01,29.04,0.1
Somalia,SOM,2019-05-01,28.75,0.85
Somalia,SOM,2019-06-01,26.99,2.39
Somalia,SOM,2019-07-01,26.03,1.06
Somalia,SOM,2019-08-01,25.72,0.46
Somalia,SOM,2019-09-01,26.29,0.4
Somalia,SOM,2019-10-01,27.17,2.46
Somalia,SOM,2019-11-01,27.77,0.63
Somalia,SOM,2019-12-01,27.93,0.19
Somalia,SOM,2020-01-01,27.6,0.0
Somalia,SOM,2020-02-01,27.62,0.0
Somalia,SOM,2020-03-01,28.55,0.01
Somalia,SOM,2020-04-01,29.23,0.7
Somalia,SOM,2020-05-01,28.37,8.42
Somalia,SOM,2020-06-01,27.33,3.41
Somalia,SOM,2020-07-01,26.05,7.27
Somalia,SOM,2020-08-01,25.24,4.4
Somalia,SOM,2020-09-01,25.67,5.16
Somalia,SOM,2020-10-01,26.93,0.6
Somalia,SOM,2020-11-01,27.21,0.96
Somalia,SOM,2020-12-01,27.15,0.03
Somalia,SOM,2021-01-01,26.12,0.21
Somalia,SOM,2021-02-01,26.21,0.0
Somalia,SOM,2021-03-01,27.3,0.05
Somalia,SOM,2021-04-01,28.66,0.64
Somalia,SOM,2021-05-01,27.47,1.87
Somalia,SOM,2021-06-01,26.65,1.98
Somalia,SOM,2021-07-01,25.75,6.38
Somalia,SOM,2021-08-01,25.32,8.34
Somalia,SOM,2021-09-01,25.91,3.41
Somalia,SOM,2021-10-01,26.5,0.2
Somalia,SOM,2021-11-01,27.33,1.43
Somalia,SOM,2021-12-01,27.17,0.06
Somalia,SOM,2022-01-01,26.76,0.94
Somalia,SOM,2022-02-01,26.46,1.91
Somalia,SOM,2022-03-01,27.37,0.01
Somalia,SOM,2022-04-01,28.56,1.59
Somalia,SOM,2022-05-01,28.04,0.89
Somalia,SOM,2022-06-01,26.85,5.19
Somalia,SOM,2022-07-01,25.35,4.85
Somalia,SOM,2022-08-01,25.05,5.09
Somalia,SOM,2022-09-01,25.61,0.74
Somalia,SOM,2022-10-01,26.03,0.13
Somalia,SOM,2022-11-01,27.1,0.12
Somalia,SOM,2022-12-01,26.98,4.65
Somalia,SOM,2023-01-01,26.5,0.01
Somalia,SOM,2023-02-01,26.35,0.0
Somalia,SOM,2023-03-01,27.86,0.06
Somalia,SOM,2023-04-01,28.93,2.17
Somalia,SOM,2023-05-01,28.24,0.17
Somalia,SOM,2023-06-01,27.23,1.29
Somalia,SOM,2023-07-01,26.21,2.81
Somalia,SOM,2023-08-01,26.17,1.24
Somalia,SOM,2023-09-01,26.65,0.21
Somalia,SOM,2023-10-01,27.32,4.43
Somalia,SOM,2023-11-01,27.78,8.19
Somalia,SOM,2023-12-01,28.05,0.01
Somalia,SOM,2024-01-01,27.43,0.0
Somalia,SOM,2024-02-01,28.07,0.01
Somalia,SOM,2024-03-01,28.85,0.03
Somalia,SOM,2024-04-01,29.49,1.76
Somalia,SOM,2024-05-01,28.64,7.47
Somalia,SOM,2024-06-01,27.23,4.9
Somalia,SOM,2024-07-01,26.1,1.67
Somalia,SOM,2024-08-01,25.84,3.37
Somalia,SOM,2024-09-01,26.37,0.46
Somalia,SOM,2024-10-01,26.94,0.06
Somalia,SOM,2024-11-01,27.54,3.01
Somalia,SOM,2024-12-01,27.22,0.0
Somalia,SOM,2025-01-01,26.25,0.0
Somalia,SOM,2025-02-01,26.46,0.0
Somalia,SOM,2025-03-01,28.1,0.92
Somalia,SOM,2025-04-01,29.21,0.96
Somalia,SOM,2025-05-01,28.11,7.9
Somalia,SOM,2025-06-01,27.04,7.96
Somalia,SOM,2025-07-01,25.92,2.4
Somalia,SOM,2025-08-01,25.65,2.05
Somalia,SOM,2025-09-01,26.05,0.46
Somalia,SOM,2025-10-01,26.56,0.07
Somalia,SOM,2025-11-01,27.29,0.02
Somalia,SOM,2025-12-01,27.28,0.01
Somalia,SOM,2026-01-01,26.7,0.25
Somalia,SOM,2026-02-01,26.84,0.74
Somalia,SOM,2026-03-01,28.22,0.97
Somalia,SOM,2026-04-01,28.71,3.13
Somalia,SOM,2026-05-01,28.37,0.61
Somalia,SOM,2026-06-01,27.37,0.07
Somalia,SOM,2026-07-01,26.64,0.0
Somalia,SOM,2026-08-01,26.26,0.04
Somalia,SOM,2026-09-01,,
Somalia,SOM,2026-10-01,,
South Sudan,SSD,2015-01-01,27.19,0.0
South Sudan,SSD,2015-02-01,31.01,0.22
South Sudan,SSD,2015-03-01,31.61,1.09
South Sudan,SSD,2015-04-01,28.77,1.16
South Sudan,SSD,2015-05-01,27.47,5.27
South Sudan,SSD,2015-06-01,25.91,6.06
South Sudan,SSD,2015-07-01,26.52,4.97
South Sudan,SSD,2015-08-01,26.43,3.48
South Sudan,SSD,2015-09-01,27.91,2.36
South Sudan,SSD,2015-10-01,27.32,4.34
South Sudan,SSD,2015-11-01,25.78,4.71
South Sudan,SSD,2015-12-01,26.64,1.11
South Sudan,SSD,2016-01-01,28.85,0.01
South Sudan,SSD,2016-02-01,32.12,0.0
South Sudan,SSD,2016-03-01,32.41,0.68
South Sudan,SSD,2016-04-01,29.46,5.01
South Sudan,SSD,2016-05-01,26.8,7.3
South Sudan,SSD,2016-06-01,26.07,4.93
South Sudan,SSD,2016-07-01,24.93,4.51
South Sudan,SSD,2016-08-01,25.79,3.96
South Sudan,SSD,2016-09-01,26.82,5.42
South Sudan,SSD,2016-10-01,26.36,3.67
South Sudan,SSD,2016-11-01,27.85,0.55
South Sudan,SSD,2016-12-01,29.95,0.04
South Sudan,SSD,2017-01-01,30.51,0.32
South Sudan,SSD,2017-02-01,30.85,0.45
South Sudan,SSD,2017-03-01,30.98,1.06
South Sudan,SSD,2017-04-01,30.06,2.76
South Sudan,SSD,2017-05-01,27.24,5.17
South Sudan,SSD,2017-06-01,26.98,4.75
South Sudan,SSD,2017-07-01,25.09,5.87
South Sudan,SSD,2017-08-01,25.39,4.89
South Sudan,SSD,2017-09-01,25.7,3.88
South Sudan,SSD,2017-10-01,26.46,4.03
South Sudan,SSD,2017-11-01,25.99,3.24
South Sudan,SSD,2017-12-01,28.84,0.07
South Sudan,SSD,2018-01-01,28.89,0.0
South Sudan,SSD,2018-02-01,31.46,2.54
South Sudan,SSD,2018-03-01,29.35,2.02
South Sudan,SSD,2018-04-01,27.82,4.47
South Sudan,SSD,2018-05-01,26.36,5.44
South Sudan,SSD,2018-06-01,25.68,2.52
South Sudan,SSD,2018-07-01,26.36,2.21
South Sudan,SSD,2018-08-01,26.67,2.55
South Sudan,SSD,2018-09-01,28.99,3.47
South Sudan,SSD,2018-10-01,26.89,5.88
South Sudan,SSD,2018-11-01,27.9,1.08
South Sudan,SSD,2018-12-01,28.82,0.92
South Sudan,SSD,2019-01-01,31.63,0.01
South Sudan,SSD,2019-02-01,32.28,0.2
South Sudan,SSD,2019-03-01,32.26,0.5
South Sudan,SSD,2019-04-01,30.93,2.13
South Sudan,SSD,2019-05-01,28.73,2.35
South Sudan,SSD,2019-06-01,25.63,10.65
South Sudan,SSD,2019-07-01,25.08,5.49
South Sudan,SSD,2019-08-01,25.12,4.62
South Sudan,SSD,2019-09-01,26.08,4.72
South Sudan,SSD,2019-10-01,24.96,5.67
South Sudan,SSD,2019-11-01,25.62,1.07
South Sudan,SSD,2019-12-01,26.71,1.55
South Sudan,SSD,2020-01-01,27.71,0.12
South Sudan,SSD,2020-02-01,31.17,0.16
South Sudan,SSD,2020-03-01,29.58,2.87
South Sudan,SSD,2020-04-01,28.82,4.45
South Sudan,SSD,2020-05-01,26.6,6.59
South Sudan,SSD,2020-06-01,26.07,3.64
South Sudan,SSD,2020-07-01,24.55,7.14
South Sudan,SSD,2020-08-01,25.01,5.58
South Sudan,SSD,2020-09-01,25.34,8.05
South Sudan,SSD,2020-10-01,25.5,4.11
South Sudan,SSD,2020-11-01,25.79,2.47
South Sudan,SSD,2020-12-01,26.42,6.81
South Sudan,SSD,2021-01-01,26.46,2.66
South Sudan,SSD,2021-02-01,28.54,0.02
South Sudan,SSD,2021-03-01,30.25,0.31
South Sudan,SSD,2021-04-01,29.84,1.09
South Sudan,SSD,2021-05-01,27.42,6.73
South Sudan,SSD,2021-06-01,27.61,3.06
South Sudan,SSD,2021-07-01,25.18,4.79
South Sudan,SSD,2021-08-01,26.42,2.59
South Sudan,SSD,2021-09-01,26.38,6.04
South Sudan,SSD,2021-10-01,26.88,5.9
South Sudan,SSD,2021-11-01,27.02,3.43
South Sudan,SSD,2021-12-01,27.52,1.76
South Sudan,SSD,2022-01-01,28.84,0.18
South Sudan,SSD,2022-02-01,30.43,0.12
South Sudan,SSD,2022-03-01,31.0,1.37
South Sudan,SSD,2022-04-01,30.1,1.5
South Sudan,SSD,2022-05-01,28.85,3.23
South Sudan,SSD,2022-06-01,27.9,2.26
South Sudan,SSD,2022-07-01,25.59,6.65
South Sudan,SSD,2022-08-01,24.74,5.07
South Sudan,SSD,2022-09-01,25.91,5.47
South Sudan,SSD,2022-10-01,26.16,3.07
South Sudan,SSD,2022-11-01,27.28,0.75
South Sudan,SSD,2022-12-01,27.84,1.4
South Sudan,SSD,2023-01-01,29.3,0.18
South Sudan,SSD,2023-02-01,31.63,0.06
South Sudan,SSD,2023-03-01,30.73,1.22
South Sudan,SSD,2023-04-01,29.68,1.37
South Sudan,SSD,2023-05-01,30.14,2.64
South Sudan,SSD,2023-06-01,27.5,8.44
South Sudan,SSD,2023-07-01,26.59,4.56
South Sudan,SSD,2023-08-01,28.06,2.37
South Sudan,SSD,2023-09-01,28.01,4.24
South Sudan,SSD,2023-10-01,27.2,5.53
South Sudan,SSD,2023-11-01,26.4,5.06
South Sudan,SSD,2023-12-01,28.59,0.08
South Sudan,SSD,2024-01-01,29.34,0.05
South Sudan,SSD,2024-02-01,30.48,2.33
South Sudan,SSD,2024-03-01,33.49,0.31
South Sudan,SSD,2024-04-01,29.79,2.68
South Sudan,SSD,2024-05-01,30.43,3.23
South Sudan,SSD,2024-06-01,27.81,4.81
South Sudan,SSD,2024-07-01,26.4,6.26
South Sudan,SSD,2024-08-01,25.42,9.32
South Sudan,SSD,2024-09-01,26.34,4.91
South Sudan,SSD,2024-10-01,26.41,7.92
South Sudan,SSD,2024-11-01,25.75,2.53
South Sudan,SSD,2024-12-01,27.24,3.65
South Sudan,SSD,2025-01-01,28.41,0.02
South Sudan,SSD,2025-02-01,32.1,0.08
South Sudan,SSD,2025-03-01,31.53,0.61
South Sudan,SSD,2025-04-01,29.68,2.81
South Sudan,SSD,2025-05-01,28.46,4.75
South Sudan,SSD,2025-06-01,28.47,2.79
South Sudan,SSD,2025-07-01,26.34,4.22
South Sudan,SSD,2025-08-01,25.92,3.63
South Sudan,SSD,2025-09-01,26.85,5.03
South Sudan,SSD,2025-10-01,27.58,2.19
South Sudan,SSD,2025-11-01,27.89,4.05
South Sudan,SSD,2025-12-01,29.23,0.46
South Sudan,SSD,2026-01-01,31.28,0.04
South Sudan,SSD,2026-02-01,31.72,0.49
South Sudan,SSD,2026-03-01,31.37,0.37
South Sudan,SSD,2026-04-01,30.31,2.44
South Sudan,SSD,2026-05-01,29.27,5.02
South Sudan,SSD,2026-06-01,30.65,1.36
South Sudan,SSD,2026-07-01,28.45,3.62
South Sudan,SSD,2026-08-01,29.42,2.42
South Sudan,SSD,2026-09-01,,
South Sudan,SSD,2026-10-01,,
Chad,TCD,2015-01-01,22.3,0.0
Chad,TCD,2015-02-01,28.96,0.0
Chad,TCD,2015-03-01,31.55,0.0
Chad,TCD,2015-04-01,31.86,0.0
Chad,TCD,2015-05-01,35.05,0.06
Chad,TCD,2015-06-01,31.97,2.84
Chad,TCD,2015-07-01,29.22,5.87
Chad,TCD,2015-08-01,27.37,6.06
Chad,TCD,2015-09-01,27.7,3.24
Chad,TCD,2015-10-01,29.48,0.39
Chad,TCD,2015-11-01,27.31,0.02
Chad,TCD,2015-12-01,21.77,0.0
Chad,TCD,2016-01-01,22.53,0.0
Chad,TCD,2016-02-01,25.98,0.0
Chad,TCD,2016-03-01,33.3,0.0
Chad,TCD,2016-04-01,34.87,0.01
Chad,TCD,2016-05-01,34.82,0.62
Chad,TCD,2016-06-01,31.08,3.35
Chad,TCD,2016-07-01,28.12,5.64
Chad,TCD,2016-08-01,26.55,6.97
Chad,TCD,2016-09-01,27.05,3.74
Chad,TCD,2016-10-01,28.67,0.3
Chad,TCD,2016-11-01,28.99,0.0
Chad,TCD,2016-12-01,26.24,0.0
Chad,TCD,2017-01-01,26.65,0.0
Chad,TCD,2017-02-01,26.16,0.0
Chad,TCD,2017-03-01,30.61,0.0
Chad,TCD,2017-04-01,34.73,0.01
Chad,TCD,2017-05-01,34.59,0.76
Chad,TCD,2017-06-01,30.72,2.94
Chad,TCD,2017-07-01,28.47,4.22
Chad,TCD,2017-08-01,26.97,4.56
Chad,TCD,2017-09-01,27.78,2.93
Chad,TCD,2017-10-01,28.56,0.26
Chad,TCD,2017-11-01,27.86,0.0
Chad,TCD,2017-12-01,26.16,0.0
Chad,TCD,2018-01-01,22.03,0.0
Chad,TCD,2018-02-01,29.26,0.02
Chad,TCD,2018-03-01,31.63,0.0
Chad,TCD,2018-04-01,34.24,0.04
Chad,TCD,2018-05-01,34.2,0.8
Chad,TCD,2018-06-01,31.99,2.17
Chad,TCD,2018-07-01,28.19,6.54
Chad,TCD,2018-08-01,26.37,7.77
Chad,TCD,2018-09-01,26.56,4.21
Chad,TCD,2018-10-01,28.0,0.23
Chad,TCD,2018-11-01,27.18,0.0
Chad,TCD,2018-12-01,24.6,0.0
Chad,TCD,2019-01-01,25.09,0.0
Chad,TCD,2019-02-01,26.83,0.0
Chad,TCD,2019-03-01,31.96,0.0
Chad,TCD,2019-04-01,34.75,0.03
Chad,TCD,2019-05-01,35.14,0.7
Chad,TCD,2019-06-01,30.74,3.84
Chad,TCD,2019-07-01,28.55,3.51
Chad,TCD,2019-08-01,26.76,5.49
Chad,TCD,2019-09-01,28.11,2.11
Chad,TCD,2019-10-01,27.7,1.92
Chad,TCD,2019-11-01,27.69,0.0
Chad,TCD,2019-12-01,23.88,0.0
Chad,TCD,2020-01-01,23.57,0.0
Chad,TCD,2020-02-01,26.12,0.0
Chad,TCD,2020-03-01,31.69,0.0
Chad,TCD,2020-04-01,34.74,0.02
Chad,TCD,2020-05-01,34.7,0.2
Chad,TCD,2020-06-01,33.83,1.19
Chad,TCD,2020-07-01,29.16,3.03
Chad,TCD,2020-08-01,26.91,7.96
Chad,TCD,2020-09-01,26.65,3.13
Chad,TCD,2020-10-01,27.14,1.38
Chad,TCD,2020-11-01,25.56,0.01
Chad,TCD,2020-12-01,25.87,0.0
Chad,TCD,2021-01-01,25.47,0.0
Chad,TCD,2021-02-01,25.98,0.0
Chad,TCD,2021-03-01,32.04,0.0
Chad,TCD,2021-04-01,33.46,0.0
Chad,TCD,2021-05-01,35.16,0.15
Chad,TCD,2021-06-01,32.36,1.47
Chad,TCD,2021-07-01,29.07,5.14
Chad,TCD,2021-08-01,27.29,2.64
Chad,TCD,2021-09-01,28.15,2.52
Chad,TCD,2021-10-01,29.8,0.95
Chad,TCD,2021-11-01,29.1,0.0
Chad,TCD,2021-12-01,25.89,0.0
Chad,TCD,2022-01-01,23.72,0.0
Chad,TCD,2022-02-01,25.11,0.0
Chad,TCD,2022-03-01,30.83,0.0
Chad,TCD,2022-04-01,34.92,0.08
Chad,TCD,2022-05-01,34.2,0.38
Chad,TCD,2022-06-01,31.9,1.92
Chad,TCD,2022-07-01,28.68,5.28
Chad,TCD,2022-08-01,26.05,7.71
Chad,TCD,2022-09-01,26.38,4.49
Chad,TCD,2022-10-01,26.81,0.18
Chad,TCD,2022-11-01,25.23,0.0
Chad,TCD,2022-12-01,23.9,0.0
Chad,TCD,2023-01-01,25.1,0.0
Chad,TCD,2023-02-01,26.85,0.0
Chad,TCD,2023-03-01,31.24,0.26
Chad,TCD,2023-04-01,34.83,0.39
Chad,TCD,2023-05-01,35.34,0.39
Chad,TCD,2023-06-01,30.75,2.37
Chad,TCD,2023-07-01,30.57,3.61
Chad,TCD,2023-08-01,28.16,7.15
Chad,TCD,2023-09-01,28.6,2.68
Chad,TCD,2023-10-01,30.17,0.37
Chad,TCD,2023-11-01,30.06,0.01
Chad,TCD,2023-12-01,25.6,0.0
Chad,TCD,2024-01-01,23.95,0.0
Chad,TCD,2024-02-01,27.26,0.0
Chad,TCD,2024-03-01,33.33,0.0
Chad,TCD,2024-04-01,35.82,0.08
Chad,TCD,2024-05-01,37.1,0.2
Chad,TCD,2024-06-01,32.65,3.56
Chad,TCD,2024-07-01,28.69,4.97
Chad,TCD,2024-08-01,26.14,7.95
Chad,TCD,2024-09-01,27.11,2.63
Chad,TCD,2024-10-01,27.19,1.12
Chad,TCD,2024-11-01,24.12,0.0
Chad,TCD,2024-12-01,23.34,0.0
Chad,TCD,2025-01-01,24.84,0.0
Chad,TCD,2025-02-01,28.13,0.0
Chad,TCD,2025-03-01,31.8,0.0
Chad,TCD,2025-04-01,34.37,0.02
Chad,TCD,2025-05-01,35.83,0.31
Chad,TCD,2025-06-01,33.93,2.16
Chad,TCD,2025-07-01,28.93,8.57
Chad,TCD,2025-08-01,26.85,6.38
Chad,TCD,2025-09-01,27.25,3.47
Chad,TCD,2025-10-01,27.58,0.5
Chad,TCD,2025-11-01,27.42,0.0
Chad,TCD,2025-12-01,26.81,0.0
Chad,TCD,2026-01-01,26.9,0.0
Chad,TCD,2026-02-01,28.4,0.0
Chad,TCD,2026-03-01,30.54,0.07
Chad,TCD,2026-04-01,34.44,0.1
Chad,TCD,2026-05-01,35.48,0.46
Chad,TCD,2026-06-01,32.48,2.3
Chad,TCD,2026-07-01,30.66,3.01
Chad,TCD,2026-08-01,29.65,2.75
Chad,TCD,2026-09-01,,
Chad,TCD,2026-10-01,,
Tanzania,TZA,2015-01-01,27.06,3.21
Tanzania,TZA,2015-02-01,28.18,0.83
Tanzania,TZA,2015-03-01,27.85,8.17
Tanzania,TZA,2015-04-01,27.53,4.86
Tanzania,TZA,2015-05-01,26.23,10.92
Tanzania,TZA,2015-06-01,25.25,0.31
Tanzania,TZA,2015-07-01,25.22,0.44
Tanzania,TZA,2015-08-01,25.38,0.35
Tanzania,TZA,2015-09-01,25.96,0.36
Tanzania,TZA,2015-10-01,27.41,0.66
Tanzania,TZA,2015-11-01,27.68,6.42
Tanzania,TZA,2015-12-01,28.3,3.11
Tanzania,TZA,2016-01-01,28.48,5.29
Tanzania,TZA,2016-02-01,27.78,3.11
Tanzania,TZA,2016-03-01,28.99,3.34
Tanzania,TZA,2016-04-01,27.94,11.55
Tanzania,TZA,2016-05-01,25.86,0.74
Tanzania,TZA,2016-06-01,25.34,1.54
Tanzania,TZA,2016-07-01,24.78,0.27
Tanzania,TZA,2016-08-01,25.12,0.78
Tanzania,TZA,2016-09-01,25.34,0.58
Tanzania,TZA,2016-10-01,26.29,0.89
Tanzania,TZA,2016-11-01,27.48,1.74
Tanzania,TZA,2016-12-01,28.26,3.18
Tanzania,TZA,2017-01-01,28.38,1.76
Tanzania,TZA,2017-02-01,28.29,2.46
Tanzania,TZA,2017-03-01,28.3,4.11
Tanzania,TZA,2017-04-01,27.21,15.04
Tanzania,TZA,2017-05-01,26.32,10.62
Tanzania,TZA,2017-06-01,25.42,1.03
Tanzania,TZA,2017-07-01,24.97,0.22
Tanzania,TZA,2017-08-01,25.21,0.69
Tanzania,TZA,2017-09-01,25.73,0.53
Tanzania,TZA,2017-10-01,26.92,3.52
Tanzania,TZA,2017-11-01,27.26,6.58
Tanzania,TZA,2017-12-01,27.93,2.8
Tanzania,TZA,2018-01-01,26.83,6.45
Tanzania,TZA,2018-02-01,28.04,1.37
Tanzania,TZA,2018-03-01,27.69,5.31
Tanzania,TZA,2018-04-01,26.83,16.08
Tanzania,TZA,2018-05-01,26.28,7.14
Tanzania,TZA,2018-06-01,24.93,0.74
Tanzania,TZA,2018-07-01,24.65,0.56
Tanzania,TZA,2018-08-01,25.09,0.13
Tanzania,TZA,2018-09-01,25.92,1.13
Tanzania,TZA,2018-10-01,26.49,1.79
Tanzania,TZA,2018-11-01,27.75,1.36
Tanzania,TZA,2018-12-01,28.43,3.1
Tanzania,TZA,2019-01-01,28.56,1.99
Tanzania,TZA,2019-02-01,28.67,2.57
Tanzania,TZA,2019-03-01,28.83,2.88
Tanzania,TZA,2019-04-01,28.18,7.32
Tanzania,TZA,2019-05-01,26.6,10.38
Tanzania,TZA,2019-06-01,25.44,0.09
Tanzania,TZA,2019-07-01,25.42,0.16
Tanzania,TZA,2019-08-01,25.67,0.37
Tanzania,TZA,2019-09-01,26.12,1.58
Tanzania,TZA,2019-10-01,26.57,9.77
Tanzania,TZA,2019-11-01,27.16,7.47
Tanzania,TZA,2019-12-01,27.65,9.91
Tanzania,TZA,2020-01-01,27.66,6.81
Tanzania,TZA,2020-02-01,28.09,2.87
Tanzania,TZA,2020-03-01,28.0,8.82
Tanzania,TZA,2020-04-01,27.52,13.77
Tanzania,TZA,2020-05-01,25.84,8.5
Tanzania,TZA,2020-06-01,24.86,0.89
Tanzania,TZA,2020-07-01,24.27,1.01
Tanzania,TZA,2020-08-01,24.79,0.37
Tanzania,TZA,2020-09-01,25.66,0.32
Tanzania,TZA,2020-10-01,26.84,4.65
Tanzania,TZA,2020-11-01,27.14,6.14
Tanzania,TZA,2020-12-01,27.89,2.24
Tanzania,TZA,2021-01-01,27.79,4.17
Tanzania,TZA,2021-02-01,27.74,4.5
Tanzania,TZA,2021-03-01,27.73,6.21
Tanzania,TZA,2021-04-01,26.71,6.16
Tanzania,TZA,2021-05-01,25.47,5.44
Tanzania,TZA,2021-06-01,24.64,1.73
Tanzania,TZA,2021-07-01,24.6,0.52
Tanzania,TZA,2021-08-01,25.04,0.21
Tanzania,TZA,2021-09-01,25.88,0.3
Tanzania,TZA,2021-10-01,26.8,0.37
Tanzania,TZA,2021-11-01,28.1,2.13
Tanzania,TZA,2021-12-01,27.67,5.45
Tanzania,TZA,2022-01-01,27.68,4.9
Tanzania,TZA,2022-02-01,27.31,4.24
Tanzania,TZA,2022-03-01,27.96,5.1
Tanzania,TZA,2022-04-01,27.43,6.62
Tanzania,TZA,2022-05-01,26.36,2.62
Tanzania,TZA,2022-06-01,25.54,0.63
Tanzania,TZA,2022-07-01,24.52,1.85
Tanzania,TZA,2022-08-01,24.53,0.26
Tanzania,TZA,2022-09-01,25.29,0.71
Tanzania,TZA,2022-10-01,25.95,0.16
Tanzania,TZA,2022-11-01,27.38,2.52
Tanzania,TZA,2022-12-01,28.04,2.93
Tanzania,TZA,2023-01-01,27.53,3.83
Tanzania,TZA,2023-02-01,27.93,2.76
Tanzania,TZA,2023-03-01,27.99,3.53
Tanzania,TZA,2023-04-01,27.32,8.0
Tanzania,TZA,2023-05-01,26.56,3.64
Tanzania,TZA,2023-06-01,25.78,1.82
Tanzania,TZA,2023-07-01,25.45,0.53
Tanzania,TZA,2023-08-01,25.75,0.57
Tanzania,TZA,2023-09-01,26.47,0.74
Tanzania,TZA,2023-10-01,27.57,2.52
Tanzania,TZA,2023-11-01,27.16,13.67
Tanzania,TZA,2023-12-01,28.0,5.48
Tanzania,TZA,2024-01-01,27.78,13.82
Tanzania,TZA,2024-02-01,28.34,1.64
Tanzania,TZA,2024-03-01,28.34,8.08
Tanzania,TZA,2024-04-01,27.23,11.74
Tanzania,TZA,2024-05-01,26.39,2.49
Tanzania,TZA,2024-06-01,25.26,2.23
Tanzania,TZA,2024-07-01,25.12,0.19
Tanzania,TZA,2024-08-01,25.6,0.55
Tanzania,TZA,2024-09-01,26.24,0.23
Tanzania,TZA,2024-10-01,27.32,3.89
Tanzania,TZA,2024-11-01,28.06,5.76
Tanzania,TZA,2024-12-01,27.99,6.88
Tanzania,TZA,2025-01-01,28.43,2.48
Tanzania,TZA,2025-02-01,28.87,0.48
Tanzania,TZA,2025-03-01,28.58,4.59
Tanzania,TZA,2025-04-01,27.67,8.16
Tanzania,TZA,2025-05-01,26.55,6.79
Tanzania,TZA,2025-06-01,25.48,2.4
Tanzania,TZA,2025-07-01,25.03,0.29
Tanzania,TZA,2025-08-01,25.07,0.39
Tanzania,TZA,2025-09-01,25.9,0.29
Tanzania,TZA,2025-10-01,26.99,1.48
Tanzania,TZA,2025-11-01,27.76,3.18
Tanzania,TZA,2025-12-01,28.22,6.48
Tanzania,TZA,2026-01-01,27.69,0.49
Tanzania,TZA,2026-02-01,28.12,4.62
Tanzania,TZA,2026-03-01,27.46,7.26
Tanzania,TZA,2026-04-01,27.46,11.23
Tanzania,TZA,2026-05-01,26.71,3.24
Tanzania,TZA,2026-06-01,25.59,1.16
Tanzania,TZA,2026-07-01,25.04,2.17
Tanzania,TZA,2026-08-01,25.48,0.24
Tanzania,TZA,2026-09-01,,
Tanzania,TZA,2026-10-01,,
Uganda,UGA,2015-01-01,22.29,0.25
Uganda,UGA,2015-02-01,24.49,1.89
Uganda,UGA,2015-03-01,24.63,4.86
Uganda,UGA,2015-04-01,21.48,6.51
Uganda,UGA,2015-05-01,21.37,9.6
Uganda,UGA,2015-06-01,21.72,1.86
Uganda,UGA,2015-07-01,21.92,1.03
Uganda,UGA,2015-08-01,22.69,1.47
Uganda,UGA,2015-09-01,23.2,2.14
Uganda,UGA,2015-10-01,22.19,9.89
Uganda,UGA,2015-11-01,21.28,13.91
Uganda,UGA,2015-12-01,21.28,6.94
Uganda,UGA,2016-01-01,22.27,2.03
Uganda,UGA,2016-02-01,23.85,1.1
Uganda,UGA,2016-03-01,24.16,3.7
Uganda,UGA,2016-04-01,22.15,8.26
Uganda,UGA,2016-05-01,21.55,5.98
Uganda,UGA,2016-06-01,21.09,1.62
Uganda,UGA,2016-07-01,21.22,0.91
Uganda,UGA,2016-08-01,22.13,1.71
Uganda,UGA,2016-09-01,22.46,3.33
Uganda,UGA,2016-10-01,22.03,4.87
Uganda,UGA,2016-11-01,21.92,3.75
Uganda,UGA,2016-12-01,23.4,2.47
Uganda,UGA,2017-01-01,24.88,1.53
Uganda,UGA,2017-02-01,24.09,4.54
Uganda,UGA,2017-03-01,22.93,3.72
Uganda,UGA,2017-04-01,22.53,6.36
Uganda,UGA,2017-05-01,21.5,7.03
Uganda,UGA,2017-06-01,21.86,2.08
Uganda,UGA,2017-07-01,21.77,1.43
Uganda,UGA,2017-08-01,22.27,2.23
Uganda,UGA,2017-09-01,22.25,4.31
Uganda,UGA,2017-10-01,22.56,4.23
Uganda,UGA,2017-11-01,22.03,5.44
Uganda,UGA,2017-12-01,24.22,0.78
Uganda,UGA,2018-01-01,24.01,1.1
Uganda,UGA,2018-02-01,25.39,1.88
Uganda,UGA,2018-03-01,22.07,5.95
Uganda,UGA,2018-04-01,21.12,8.53
Uganda,UGA,2018-05-01,21.0,3.72
Uganda,UGA,2018-06-01,20.86,1.56
Uganda,UGA,2018-07-01,21.09,0.84
Uganda,UGA,2018-08-01,21.96,2.44
Uganda,UGA,2018-09-01,22.71,6.33
Uganda,UGA,2018-10-01,21.66,3.56
Uganda,UGA,2018-11-01,21.67,6.37
Uganda,UGA,2018-12-01,22.4,4.24
Uganda,UGA,2019-01-01,23.63,2.09
Uganda,UGA,2019-02-01,24.93,2.56
Uganda,UGA,2019-03-01,25.0,2.19
Uganda,UGA,2019-04-01,23.01,6.51
Uganda,UGA,2019-05-01,21.65,5.53
Uganda,UGA,2019-06-01,21.34,3.37
Uganda,UGA,2019-07-01,21.52,2.56
Uganda,UGA,2019-08-01,22.3,3.29
Uganda,UGA,2019-09-01,22.34,4.23
Uganda,UGA,2019-10-01,21.02,13.13
Uganda,UGA,2019-11-01,21.23,5.23
Uganda,UGA,2019-12-01,21.32,5.78
Uganda,UGA,2020-01-01,22.27,2.92
Uganda,UGA,2020-02-01,23.16,4.5
Uganda,UGA,2020-03-01,22.42,9.14
Uganda,UGA,2020-04-01,22.01,5.65
Uganda,UGA,2020-05-01,21.16,5.33
Uganda,UGA,2020-06-01,20.55,2.28
Uganda,UGA,2020-07-01,20.06,1.19
Uganda,UGA,2020-08-01,21.46,2.37
Uganda,UGA,2020-09-01,21.96,3.71
Uganda,UGA,2020-10-01,21.38,4.49
Uganda,UGA,2020-11-01,21.71,8.84
Uganda,UGA,2020-12-01,22.15,4.44
Uganda,UGA,2021-01-01,22.21,4.51
Uganda,UGA,2021-02-01,22.72,1.65
Uganda,UGA,2021-03-01,23.17,2.65
Uganda,UGA,2021-04-01,21.58,6.53
Uganda,UGA,2021-05-01,21.39,2.75
Uganda,UGA,2021-06-01,21.09,0.63
Uganda,UGA,2021-07-01,21.31,0.27
Uganda,UGA,2021-08-01,22.82,0.75
Uganda,UGA,2021-09-01,22.22,2.98
Uganda,UGA,2021-10-01,23.02,3.41
Uganda,UGA,2021-11-01,22.23,7.35
Uganda,UGA,2021-12-01,22.76,2.95
Uganda,UGA,2022-01-01,23.41,1.51
Uganda,UGA,2022-02-01,23.31,1.61
Uganda,UGA,2022-03-01,24.01,7.45
Uganda,UGA,2022-04-01,22.73,4.51
Uganda,UGA,2022-05-01,21.63,4.16
Uganda,UGA,2022-06-01,21.26,2.07
Uganda,UGA,2022-07-01,21.53,1.28
Uganda,UGA,2022-08-01,21.78,3.42
Uganda,UGA,2022-09-01,22.18,3.7
Uganda,UGA,2022-10-01,21.98,5.81
Uganda,UGA,2022-11-01,21.73,6.77
Uganda,UGA,2022-12-01,21.81,4.9
Uganda,UGA,2023-01-01,23.25,0.87
Uganda,UGA,2023-02-01,25.05,1.36
Uganda,UGA,2023-03-01,22.58,8.38
Uganda,UGA,2023-04-01,21.72,7.63
Uganda,UGA,2023-05-01,22.15,2.69
Uganda,UGA,2023-06-01,21.8,5.51
Uganda,UGA,2023-07-01,21.68,0.84
Uganda,UGA,2023-08-01,23.17,1.63
Uganda,UGA,2023-09-01,22.62,8.72
Uganda,UGA,2023-10-01,22.38,7.8
Uganda,UGA,2023-11-01,21.93,10.02
Uganda,UGA,2023-12-01,22.45,3.51
Uganda,UGA,2024-01-01,22.74,2.62
Uganda,UGA,2024-02-01,23.76,2.92
Uganda,UGA,2024-03-01,23.87,4.79
Uganda,UGA,2024-04-01,22.48,5.9
Uganda,UGA,2024-05-01,22.73,2.31
Uganda,UGA,2024-06-01,21.75,2.24
Uganda,UGA,2024-07-01,22.18,2.56
Uganda,UGA,2024-08-01,22.88,2.04
Uganda,UGA,2024-09-01,23.16,4.89
Uganda,UGA,2024-10-01,22.37,5.72
Uganda,UGA,2024-11-01,21.73,5.95
Uganda,UGA,2024-12-01,22.69,3.09
Uganda,UGA,2025-01-01,23.62,1.97
Uganda,UGA,2025-02-01,24.83,4.66
Uganda,UGA,2025-03-01,23.84,6.59
Uganda,UGA,2025-04-01,22.59,3.85
Uganda,UGA,2025-05-01,21.59,5.33
Uganda,UGA,2025-06-01,21.78,2.34
Uganda,UGA,2025-07-01,22.06,1.73
Uganda,UGA,2025-08-01,22.13,2.61
Uganda,UGA,2025-09-01,23.76,2.05
Uganda,UGA,2025-10-01,22.63,4.34
Uganda,UGA,2025-11-01,22.7,4.95
Uganda,UGA,2025-12-01,23.51,2.03
Uganda,UGA,2026-01-01,24.69,1.97
Uganda,UGA,2026-02-01,23.39,4.82
Uganda,UGA,2026-03-01,22.94,5.62
Uganda,UGA,2026-04-01,23.04,5.24
Uganda,UGA,2026-05-01,22.62,4.96
Uganda,UGA,2026-06-01,23.02,1.53
Uganda,UGA,2026-07-01,23.43,2.2
Uganda,UGA,2026-08-01,24.12,1.26
Uganda,UGA,2026-09-01,,
Uganda,UGA,2026-10-01,,
