country,iso3,date,temperature_c,precipitation_mm,month,temp_baseline_c,precip_baseline_mm,temp_baseline_n,precip_baseline_n,temp_anomaly_c,precip_anomaly_pct,climate_component
Burkina Faso,BFA,2015-01-01,21.99,0.0,1,22.467,0.0,10,10,-0.4770000000000003,,0.1590000000000001
Burkina Faso,BFA,2015-02-01,27.28,0.17,2,25.861,0.05,10,10,1.4190000000000005,240.0,0.7365
Burkina Faso,BFA,2015-03-01,28.93,0.41,3,30.434,0.156,10,10,-1.5039999999999978,162.82051282051282,0.7506666666666664
Burkina Faso,BFA,2015-04-01,31.21,0.01,4,32.674,0.593,10,10,-1.4639999999999986,-98.31365935919057,0.7355682967959526
Burkina Faso,BFA,2015-05-01,33.69,0.74,5,32.326,2.481,10,10,1.3639999999999972,-70.1733172108021,0.5781999193873434
Burkina Faso,BFA,2015-06-01,30.25,4.8,6,29.669,4.17,10,10,0.5809999999999995,15.107913669064748,0.172372901678657
Burkina Faso,BFA,2015-07-01,28.36,7.65,7,27.502,6.781999999999999,10,10,0.8580000000000005,12.79858448835154,0.20699292244175782
Burkina Faso,BFA,2015-08-01,26.01,11.02,8,26.236,9.26,10,10,-0.2259999999999991,19.006479481641467,0.13269906407487386
Burkina Faso,BFA,2015-09-01,26.6,5.73,9,26.584,5.709,10,10,0.0160000000000053,0.3678402522333298,0.0045058679278341994
Burkina Faso,BFA,2015-10-01,27.59,1.99,10,27.143,1.72,10,10,0.4469999999999992,15.69767441860465,0.15298837209302313
Burkina Faso,BFA,2015-11-01,23.94,0.13,11,24.848,0.019,10,10,-0.9079999999999976,584.2105263157895,0.6513333333333329
Burkina Faso,BFA,2015-12-01,18.91,0.0,12,22.157,0.0,10,10,-3.247,,1.0
Burkina Faso,BFA,2016-01-01,20.74,0.0,1,22.467,0.0,10,10,-1.7270000000000003,,0.5756666666666668
Burkina Faso,BFA,2016-02-01,23.73,0.0,2,25.861,0.05,10,10,-2.131,-100.0,0.8551666666666666
Burkina Faso,BFA,2016-03-01,30.42,0.16,3,30.434,0.156,10,10,-0.0139999999999957,2.5641025641025665,0.015153846153845449
Burkina Faso,BFA,2016-04-01,33.37,1.17,4,32.674,0.593,10,10,0.695999999999998,97.3018549747049,0.6025092748735241
Burkina Faso,BFA,2016-05-01,32.87,1.23,5,32.326,2.481,10,10,0.5439999999999969,-50.423216444981854,0.34278274889157545
Burkina Faso,BFA,2016-06-01,29.6,4.3,6,29.669,4.17,10,10,-0.068999999999999,3.1175059952038344,0.027087529976019008
Burkina Faso,BFA,2016-07-01,26.73,9.27,7,27.502,6.781999999999999,10,10,-0.7719999999999985,36.68534355647303,0.31209338444903156
Burkina Faso,BFA,2016-08-01,26.43,8.33,8,26.236,9.26,10,10,0.193999999999999,-10.043196544276457,0.08254931605471545
Burkina Faso,BFA,2016-09-01,26.45,4.31,9,26.584,5.709,10,10,-0.1339999999999968,-24.505167279733755,0.14485916973200158
Burkina Faso,BFA,2016-10-01,27.62,0.68,10,27.143,1.72,10,10,0.4770000000000003,-60.465116279069775,0.38182558139534895
Burkina Faso,BFA,2016-11-01,26.21,0.0,11,24.848,0.019,10,10,1.362000000000002,-100.0,0.7270000000000003
Burkina Faso,BFA,2016-12-01,23.8,0.0,12,22.157,0.0,10,10,1.643000000000001,,0.547666666666667
Burkina Faso,BFA,2017-01-01,23.34,0.0,1,22.467,0.0,10,10,0.8730000000000011,,0.29100000000000037
Burkina Faso,BFA,2017-02-01,26.65,0.0,2,25.861,0.05,10,10,0.7889999999999979,-100.0,0.6314999999999996
Burkina Faso,BFA,2017-03-01,30.22,0.04,3,30.434,0.156,10,10,-0.2139999999999986,-74.35897435897435,0.4074615384615382
Burkina Faso,BFA,2017-04-01,32.43,0.96,4,32.674,0.593,10,10,-0.2439999999999997,61.88870151770658,0.3501101742551995
Burkina Faso,BFA,2017-05-01,31.66,7.16,5,32.326,2.481,10,10,-0.6660000000000004,188.59330914953648,0.6110000000000001
Burkina Faso,BFA,2017-06-01,28.91,4.67,6,29.669,4.17,10,10,-0.7590000000000003,11.990407673860911,0.18645203836930463
Burkina Faso,BFA,2017-07-01,27.36,4.89,7,27.502,6.781999999999999,10,10,-0.1419999999999994,-27.897375405485104,0.16315354369409207
Burkina Faso,BFA,2017-08-01,26.66,7.14,8,26.236,9.26,10,10,0.4239999999999995,-22.89416846652268,0.18513750899928
Burkina Faso,BFA,2017-09-01,27.1,4.76,9,26.584,5.709,10,10,0.5160000000000053,-16.622876160448413,0.16911438080224295
Burkina Faso,BFA,2017-10-01,27.16,0.37,10,27.143,1.72,10,10,0.0169999999999994,-78.48837209302326,0.39527519379844955
Burkina Faso,BFA,2017-11-01,24.81,0.0,11,24.848,0.019,10,10,-0.0380000000000002,-100.0,0.5063333333333334
Burkina Faso,BFA,2017-12-01,23.04,0.0,12,22.157,0.0,10,10,0.8829999999999991,,0.29433333333333306
Burkina Faso,BFA,2018-01-01,22.22,0.0,1,22.467,0.0,10,10,-0.2469999999999999,,0.0823333333333333
Burkina Faso,BFA,2018-02-01,27.04,0.33,2,25.861,0.05,10,10,1.1789999999999985,560.0,0.6964999999999998
Burkina Faso,BFA,2018-03-01,31.17,0.08,3,30.434,0.156,10,10,0.7360000000000042,-48.71794871794872,0.366256410256411
Burkina Faso,BFA,2018-04-01,32.93,0.25,4,32.674,0.593,10,10,0.2560000000000002,-57.84148397976391,0.3318740865654862
Burkina Faso,BFA,2018-05-01,32.02,2.24,5,32.326,2.481,10,10,-0.3059999999999974,-9.71382507053606,0.09956912535267987
Burkina Faso,BFA,2018-06-01,29.13,2.89,6,29.669,4.17,10,10,-0.5390000000000015,-30.69544364508393,0.24331055155875325
Burkina Faso,BFA,2018-07-01,27.29,5.16,7,27.502,6.781999999999999,10,10,-0.2119999999999997,-23.916248894131517,0.15491457780399087
Burkina Faso,BFA,2018-08-01,25.84,10.15,8,26.236,9.26,10,10,-0.3960000000000008,9.611231101511883,0.11405615550755954
Burkina Faso,BFA,2018-09-01,26.11,5.4,9,26.584,5.709,10,10,-0.4739999999999966,-5.412506568575921,0.10606253284287903
Burkina Faso,BFA,2018-10-01,27.33,2.34,10,27.143,1.72,10,10,0.1869999999999976,36.046511627906966,0.2113992248062011
Burkina Faso,BFA,2018-11-01,25.58,0.0,11,24.848,0.019,10,10,0.7319999999999993,-100.0,0.6219999999999999
Burkina Faso,BFA,2018-12-01,21.93,0.0,12,22.157,0.0,10,10,-0.2270000000000003,,0.07566666666666677
Burkina Faso,BFA,2019-01-01,22.73,0.0,1,22.467,0.0,10,10,0.2630000000000017,,0.08766666666666723
Burkina Faso,BFA,2019-02-01,25.33,0.0,2,25.861,0.05,10,10,-0.5310000000000024,-100.0,0.5885000000000004
Burkina Faso,BFA,2019-03-01,30.0,0.13,3,30.434,0.156,10,10,-0.4339999999999975,-16.666666666666664,0.15566666666666623
Burkina Faso,BFA,2019-04-01,32.4,1.62,4,32.674,0.593,10,10,-0.2740000000000009,173.18718381112987,0.5456666666666669
Burkina Faso,BFA,2019-05-01,30.47,3.62,5,32.326,2.481,10,10,-1.8560000000000016,45.90890769850868,0.538877871825877
Burkina Faso,BFA,2019-06-01,30.27,2.82,6,29.669,4.17,10,10,0.6009999999999991,-32.37410071942446,0.2620371702637888
Burkina Faso,BFA,2019-07-01,27.26,5.33,7,27.502,6.781999999999999,10,10,-0.2419999999999973,-21.409613683279257,0.14738140174972916
Burkina Faso,BFA,2019-08-01,26.13,8.27,8,26.236,9.26,10,10,-0.1060000000000016,-10.69114470842333,0.07112239020878358
Burkina Faso,BFA,2019-09-01,27.0,3.67,9,26.584,5.709,10,10,0.4160000000000039,-35.71553687160623,0.24791101769136514
Burkina Faso,BFA,2019-10-01,26.78,3.42,10,27.143,1.72,10,10,-0.3629999999999995,98.83720930232558,0.5546860465116278
Burkina Faso,BFA,2019-11-01,26.03,0.0,11,24.848,0.019,10,10,1.1820000000000022,-100.0,0.6970000000000004
Burkina Faso,BFA,2019-12-01,22.65,0.0,12,22.157,0.0,10,10,0.4929999999999985,,0.16433333333333283
Burkina Faso,BFA,2020-01-01,22.52,0.0,1,22.467,0.0,10,10,0.0530000000000008,,0.017666666666666934
Burkina Faso,BFA,2020-02-01,25.22,0.0,2,25.861,0.05,10,10,-0.6410000000000018,-100.0,0.6068333333333337
Burkina Faso,BFA,2020-03-01,30.84,0.03,3,30.434,0.156,10,10,0.4060000000000023,-80.76923076923077,0.4715128205128209
Burkina Faso,BFA,2020-04-01,32.51,0.68,4,32.674,0.593,10,10,-0.1640000000000014,14.671163575042174,0.10068915120854444
Burkina Faso,BFA,2020-05-01,32.83,0.87,5,32.326,2.481,10,10,0.5039999999999978,-64.9334945586457,0.4086674727932282
Burkina Faso,BFA,2020-06-01,29.47,4.94,6,29.669,4.17,10,10,-0.1990000000000016,18.465227817745813,0.125492805755396
Burkina Faso,BFA,2020-07-01,27.48,6.49,7,27.502,6.781999999999999,10,10,-0.0219999999999984,-4.305514597463859,0.0251942396539857
Burkina Faso,BFA,2020-08-01,26.01,10.57,8,26.236,9.26,10,10,-0.2259999999999991,14.146868250539962,0.10840100791936633
Burkina Faso,BFA,2020-09-01,26.09,7.02,9,26.584,5.709,10,10,-0.4939999999999962,22.96374146085129,0.19715204063758915
Burkina Faso,BFA,2020-10-01,25.84,1.66,10,27.143,1.72,10,10,-1.3030000000000008,-3.48837209302326,0.23460852713178312
Burkina Faso,BFA,2020-11-01,23.16,0.0,11,24.848,0.019,10,10,-1.6879999999999988,-100.0,0.7813333333333332
Burkina Faso,BFA,2020-12-01,23.84,0.0,12,22.157,0.0,10,10,1.6829999999999998,,0.5609999999999999
Burkina Faso,BFA,2021-01-01,23.25,0.0,1,22.467,0.0,10,10,0.7830000000000013,,0.2610000000000004
Burkina Faso,BFA,2021-02-01,25.42,0.0,2,25.861,0.05,10,10,-0.4409999999999989,-100.0,0.5734999999999998
Burkina Faso,BFA,2021-03-01,30.2,0.03,3,30.434,0.156,10,10,-0.2339999999999982,-80.76923076923077,0.44284615384615356
Burkina Faso,BFA,2021-04-01,32.85,0.1,4,32.674,0.593,10,10,0.1760000000000019,-83.13659359190557,0.44501630129286146
Burkina Faso,BFA,2021-05-01,32.97,1.84,5,32.326,2.481,10,10,0.6439999999999984,-25.83635630794034,0.23651511487303475
Burkina Faso,BFA,2021-06-01,30.04,4.34,6,29.669,4.17,10,10,0.3709999999999986,4.0767386091127085,0.08221702637889665
Burkina Faso,BFA,2021-07-01,27.69,4.4,7,27.502,6.781999999999999,10,10,0.1880000000000024,-35.1223827779416,0.20694524722304175
Burkina Faso,BFA,2021-08-01,26.25,8.43,8,26.236,9.26,10,10,0.0139999999999993,-8.963282937365012,0.047149748020158276
Burkina Faso,BFA,2021-09-01,26.68,3.31,9,26.584,5.709,10,10,0.0960000000000036,-42.0213697670345,0.2261068488351731
Burkina Faso,BFA,2021-10-01,28.19,1.77,10,27.143,1.72,10,10,1.0470000000000006,2.906976744186049,0.18903488372093036
Burkina Faso,BFA,2021-11-01,26.8,0.0,11,24.848,0.019,10,10,1.9520000000000015,-100.0,0.8253333333333336
Burkina Faso,BFA,2021-12-01,23.68,0.0,12,22.157,0.0,10,10,1.5229999999999997,,0.5076666666666666
Burkina Faso,BFA,2022-01-01,22.55,0.0,1,22.467,0.0,10,10,0.0830000000000019,,0.0276666666666673
Burkina Faso,BFA,2022-02-01,25.87,0.0,2,25.861,0.05,10,10,0.0090000000000003,-100.0,0.5015000000000001
Burkina Faso,BFA,2022-03-01,31.09,0.12,3,30.434,0.156,10,10,0.6560000000000024,-23.07692307692308,0.22471794871794915
Burkina Faso,BFA,2022-04-01,32.45,0.65,4,32.674,0.593,10,10,-0.2239999999999966,9.612141652613836,0.08539404159640195
Burkina Faso,BFA,2022-05-01,31.91,1.81,5,32.326,2.481,10,10,-0.4160000000000003,-27.045546150745658,0.20456106408706168
Burkina Faso,BFA,2022-06-01,29.19,4.41,6,29.669,4.17,10,10,-0.4789999999999992,5.7553956834532425,0.10861031175059942
Burkina Faso,BFA,2022-07-01,27.19,7.83,7,27.502,6.781999999999999,10,10,-0.3119999999999976,15.452668829253923,0.12926334414626922
Burkina Faso,BFA,2022-08-01,26.04,11.0,8,26.236,9.26,10,10,-0.1960000000000015,18.79049676025918,0.12661915046796282
Burkina Faso,BFA,2022-09-01,26.15,9.2,9,26.584,5.709,10,10,-0.4339999999999975,61.14906288316693,0.37807864774916755
Burkina Faso,BFA,2022-10-01,26.12,0.79,10,27.143,1.72,10,10,-1.0229999999999997,-54.06976744186046,0.44084883720930224
Burkina Faso,BFA,2022-11-01,22.96,0.05,11,24.848,0.019,10,10,-1.887999999999998,163.15789473684214,0.8146666666666663
Burkina Faso,BFA,2022-12-01,21.19,0.0,12,22.157,0.0,10,10,-0.9669999999999987,,0.3223333333333329
Burkina Faso,BFA,2023-01-01,22.19,0.0,1,22.467,0.0,10,10,-0.2769999999999974,,0.09233333333333248
Burkina Faso,BFA,2023-02-01,25.8,0.0,2,25.861,0.05,10,10,-0.0609999999999999,-100.0,0.5101666666666667
Burkina Faso,BFA,2023-03-01,30.0,0.47,3,30.434,0.156,10,10,-0.4339999999999975,201.28205128205124,0.5723333333333329
Burkina Faso,BFA,2023-04-01,32.35,0.39,4,32.674,0.593,10,10,-0.323999999999998,-34.2327150084317,0.22516357504215814
Burkina Faso,BFA,2023-05-01,31.09,3.4,5,32.326,2.481,10,10,-1.2360000000000009,37.04151551793632,0.3912075775896817
Burkina Faso,BFA,2023-06-01,28.61,6.4,6,29.669,4.17,10,10,-1.059000000000001,53.47721822541968,0.44388609112709865
Burkina Faso,BFA,2023-07-01,27.9,6.89,7,27.502,6.781999999999999,10,10,0.3979999999999997,1.5924506045414413,0.0742955863560405
Burkina Faso,BFA,2023-08-01,26.7,8.35,8,26.236,9.26,10,10,0.4639999999999986,-9.827213822894173,0.12646940244780397
Burkina Faso,BFA,2023-09-01,27.1,7.29,9,26.584,5.709,10,10,0.5160000000000053,27.693116132422503,0.22446558066211342
Burkina Faso,BFA,2023-10-01,27.95,1.65,10,27.143,1.72,10,10,0.8069999999999986,-4.069767441860469,0.1548488372093021
Burkina Faso,BFA,2023-11-01,26.9,0.01,11,24.848,0.019,10,10,2.052,-47.368421052631575,0.5788421052631579
Burkina Faso,BFA,2023-12-01,22.0,0.0,12,22.157,0.0,10,10,-0.157,,0.052333333333333336
Burkina Faso,BFA,2024-01-01,23.14,0.0,1,22.467,0.0,10,10,0.6730000000000018,,0.22433333333333394
Burkina Faso,BFA,2024-02-01,26.27,0.0,2,25.861,0.05,10,10,0.4089999999999989,-100.0,0.5681666666666665
Burkina Faso,BFA,2024-03-01,31.47,0.09,3,30.434,0.156,10,10,1.0360000000000014,-42.30769230769231,0.3842051282051284
Burkina Faso,BFA,2024-04-01,34.24,0.1,4,32.674,0.593,10,10,1.5660000000000025,-83.13659359190557,0.6766829679595282
Burkina Faso,BFA,2024-05-01,33.75,1.9,5,32.326,2.481,10,10,1.4239999999999997,-23.417976622329707,0.3544232164449818
Burkina Faso,BFA,2024-06-01,31.22,2.13,6,29.669,4.17,10,10,1.5509999999999984,-48.92086330935252,0.5031043165467624
Burkina Faso,BFA,2024-07-01,27.76,9.91,7,27.502,6.781999999999999,10,10,0.2580000000000026,46.12208787968153,0.27361043939840807
Burkina Faso,BFA,2024-08-01,26.29,9.34,8,26.236,9.26,10,10,0.0539999999999984,0.8639308855291584,0.013319654427645527
Burkina Faso,BFA,2024-09-01,26.56,6.4,9,26.584,5.709,10,10,-0.0239999999999973,12.103695918724837,0.06451847959362374
Burkina Faso,BFA,2024-10-01,26.85,2.53,10,27.143,1.72,10,10,-0.2929999999999992,47.09302325581394,0.2842984496124029
Burkina Faso,BFA,2024-11-01,22.09,0.0,11,24.848,0.019,10,10,-2.757999999999999,-100.0,0.9596666666666664
Burkina Faso,BFA,2024-12-01,20.53,0.0,12,22.157,0.0,10,10,-1.626999999999999,,0.542333333333333
Burkina Faso,BFA,2025-01-01,22.94,0.0,1,22.467,0.0,10,10,0.4730000000000025,,0.15766666666666748
Burkina Faso,BFA,2025-02-01,26.4,0.0,2,25.861,0.05,10,10,0.5389999999999979,-100.0,0.589833333333333
Burkina Faso,BFA,2025-03-01,32.37,0.24,3,30.434,0.156,10,10,1.936,53.84615384615385,0.5918974358974358
Burkina Faso,BFA,2025-04-01,34.04,0.87,4,32.674,0.593,10,10,1.3659999999999997,46.71163575042159,0.46122484541877456
Burkina Faso,BFA,2025-05-01,31.42,2.77,5,32.326,2.481,10,10,-0.9059999999999988,11.648528819024593,0.20924264409512278
Burkina Faso,BFA,2025-06-01,29.98,4.11,6,29.669,4.17,10,10,0.3109999999999999,-1.4388489208633,0.05902757793764982
Burkina Faso,BFA,2025-07-01,27.46,6.81,7,27.502,6.781999999999999,10,10,-0.041999999999998,0.4128575641403785,0.00906428782070156
Burkina Faso,BFA,2025-08-01,26.34,7.69,8,26.236,9.26,10,10,0.1039999999999992,-16.954643628509714,0.10210655147588177
Burkina Faso,BFA,2025-09-01,26.76,5.66,9,26.584,5.709,10,10,0.1760000000000054,-0.858293921877728,0.033624802942722874
Burkina Faso,BFA,2025-10-01,27.15,2.18,10,27.143,1.72,10,10,0.0069999999999978,26.74418604651164,0.1348875968992245
Burkina Faso,BFA,2025-11-01,25.56,0.04,11,24.848,0.019,10,10,0.7119999999999997,110.5263157894737,0.6186666666666666
Burkina Faso,BFA,2025-12-01,24.95,0.02,12,22.157,0.0,10,10,2.7929999999999997,,0.9309999999999999
Burkina Faso,BFA,2026-01-01,24.24,0.0,1,22.467,0.0,10,10,1.7729999999999997,,0.5909999999999999
Burkina Faso,BFA,2026-02-01,26.67,0.0,2,25.861,0.05,10,10,0.809000000000001,-100.0,0.6348333333333335
Burkina Faso,BFA,2026-03-01,30.61,0.67,3,30.434,0.156,10,10,0.1760000000000019,329.4871794871795,0.5293333333333337
Burkina Faso,BFA,2026-04-01,31.75,0.65,4,32.674,0.593,10,10,-0.9239999999999996,9.612141652613836,0.20206070826306913
Burkina Faso,BFA,2026-05-01,33.45,1.43,5,32.326,2.481,10,10,1.1240000000000023,-42.36195082627973,0.39914308746473237
Burkina Faso,BFA,2026-06-01,29.62,7.37,6,29.669,4.17,10,10,-0.0489999999999994,76.73860911270984,0.39185971223021576
Burkina Faso,BFA,2026-07-01,28.42,4.83,7,27.502,6.781999999999999,10,10,0.9180000000000028,-28.782070185785894,0.2969103509289299
Burkina Faso,BFA,2026-08-01,27.39,7.17,8,26.236,9.26,10,10,1.154,-22.570194384449245,0.30518430525557955
Burkina Faso,BFA,2026-09-01,,,9,26.584,5.709,10,10,,,
Burkina Faso,BFA,2026-10-01,,,10,27.143,1.72,10,10,,,
Cote d'Ivoire,CIV,2015-01-01,25.16,0.21,1,27.174,0.3379999999999999,10,10,-2.014,-37.869822485207095,0.5250157790927021
Cote d'Ivoire,CIV,2015-02-01,27.54,3.26,2,28.983,1.541,10,10,-1.4429999999999978,111.55094094743671,0.7404999999999996
Cote d'Ivoire,CIV,2015-03-01,27.63,4.01,3,28.401,3.97,10,10,-0.7710000000000008,1.007556675062962,0.13353778337531494
Cote d'Ivoire,CIV,2015-04-01,27.03,4.18,4,27.785000000000004,4.118,10,10,-0.7550000000000026,1.5055852355512236,0.13336125951108987
Cote d'Ivoire,CIV,2015-05-01,26.66,4.1,5,27.277,4.506,10,10,-0.6169999999999973,-9.010208610741246,0.1478843763870391
Cote d'Ivoire,CIV,2015-06-01,25.44,6.69,6,25.809,7.415000000000001,10,10,-0.3689999999999962,-9.77747808496292,0.11038739042481396
Cote d'Ivoire,CIV,2015-07-01,25.34,2.86,7,25.355,3.770000000000001,10,10,-0.0150000000000005,-24.13793103448277,0.12318965517241393
Cote d'Ivoire,CIV,2015-08-01,25.86,2.3,8,25.688,3.4090000000000003,10,10,0.1720000000000006,-32.531534174244655,0.19132433753789002
Cote d'Ivoire,CIV,2015-09-01,26.87,3.44,9,25.901,5.813,10,10,0.9690000000000012,-40.82229485635644,0.3656114742817824
Cote d'Ivoire,CIV,2015-10-01,26.08,6.59,10,25.954,5.801,10,10,0.1259999999999976,13.60110325805895,0.08900551629029435
Cote d'Ivoire,CIV,2015-11-01,25.89,3.14,11,26.279000000000003,2.411,10,10,-0.3890000000000029,30.23641642472004,0.21601541545693403
Cote d'Ivoire,CIV,2015-12-01,24.57,0.14,12,26.332,0.471,10,10,-1.7620000000000005,-70.27600849256899,0.6450467091295117
Cote d'Ivoire,CIV,2016-01-01,27.18,0.11,1,27.174,0.3379999999999999,10,10,0.0060000000000002,-67.45562130177515,0.3382781065088758
Cote d'Ivoire,CIV,2016-02-01,29.14,0.51,2,28.983,1.541,10,10,0.1570000000000035,-66.90460739779364,0.3606897036556354
Cote d'Ivoire,CIV,2016-03-01,29.44,2.91,3,28.401,3.97,10,10,1.0390000000000017,-26.700251889168765,0.30666792611251076
Cote d'Ivoire,CIV,2016-04-01,29.01,2.51,4,27.785000000000004,4.118,10,10,1.224999999999998,-39.04808159300632,0.399407074631698
Cote d'Ivoire,CIV,2016-05-01,28.19,4.65,5,27.277,4.506,10,10,0.9130000000000038,3.19573901464714,0.16814536173990302
Cote d'Ivoire,CIV,2016-06-01,25.79,5.88,6,25.809,7.415000000000001,10,10,-0.0189999999999983,-20.70128118678356,0.10667307260058419
Cote d'Ivoire,CIV,2016-07-01,25.82,2.34,7,25.355,3.770000000000001,10,10,0.4649999999999998,-37.93103448275863,0.26715517241379316
Cote d'Ivoire,CIV,2016-08-01,26.23,3.68,8,25.688,3.4090000000000003,10,10,0.5420000000000016,7.949545321208562,0.1300810599393764
Cote d'Ivoire,CIV,2016-09-01,25.73,5.01,9,25.901,5.813,10,10,-0.1709999999999993,-13.813865473937724,0.09756932736968851
Cote d'Ivoire,CIV,2016-10-01,26.46,4.78,10,25.954,5.801,10,10,0.5060000000000002,-17.600413721772107,0.1723354019421939
Cote d'Ivoire,CIV,2016-11-01,27.06,2.08,11,26.279000000000003,2.411,10,10,0.7809999999999953,-13.728743260058064,0.1988103829669562
Cote d'Ivoire,CIV,2016-12-01,26.94,0.77,12,26.332,0.471,10,10,0.6080000000000005,63.48195329087049,0.4187430997876859
Cote d'Ivoire,CIV,2017-01-01,28.32,0.4,1,27.174,0.3379999999999999,10,10,1.1460000000000008,18.343195266272208,0.2827159763313612
Cote d'Ivoire,CIV,2017-02-01,28.82,1.82,2,28.983,1.541,10,10,-0.1629999999999967,18.105126541207017,0.1176922993727012
Cote d'Ivoire,CIV,2017-03-01,28.76,2.06,3,28.401,3.97,10,10,0.3590000000000017,-48.11083123425693,0.30038748950461824
Cote d'Ivoire,CIV,2017-04-01,28.47,3.11,4,27.785000000000004,4.118,10,10,0.6849999999999952,-24.47790189412337,0.2365561761372827
Cote d'Ivoire,CIV,2017-05-01,27.8,4.02,5,27.277,4.506,10,10,0.5230000000000032,-10.785619174434103,0.14109476253883774
Cote d'Ivoire,CIV,2017-06-01,25.71,7.28,6,25.809,7.415000000000001,10,10,-0.0989999999999966,-1.820633850303448,0.025603169251516678
Cote d'Ivoire,CIV,2017-07-01,25.33,2.8,7,25.355,3.770000000000001,10,10,-0.0250000000000021,-25.729442970822294,0.13281388152077847
Cote d'Ivoire,CIV,2017-08-01,26.16,2.29,8,25.688,3.4090000000000003,10,10,0.4720000000000013,-32.8248753300088,0.2427910433167109
Cote d'Ivoire,CIV,2017-09-01,26.51,4.28,9,25.901,5.813,10,10,0.6090000000000018,-26.371924995699285,0.23335962497849672
Cote d'Ivoire,CIV,2017-10-01,26.29,4.33,10,25.954,5.801,10,10,0.3359999999999985,-25.357696948801934,0.1827884847440094
Cote d'Ivoire,CIV,2017-11-01,26.39,2.23,11,26.279000000000003,2.411,10,10,0.1109999999999971,-7.507258399004564,0.05603629199502234
Cote d'Ivoire,CIV,2017-12-01,27.42,0.35,12,26.332,0.471,10,10,1.088000000000001,-25.690021231422502,0.30978343949044596
Cote d'Ivoire,CIV,2018-01-01,27.86,0.08,1,27.174,0.3379999999999999,10,10,0.6859999999999999,-76.33136094674555,0.4959901380670611
Cote d'Ivoire,CIV,2018-02-01,29.6,3.71,2,28.983,1.541,10,10,0.6170000000000044,140.75275794938352,0.6028333333333341
Cote d'Ivoire,CIV,2018-03-01,27.34,4.56,3,28.401,3.97,10,10,-1.061,14.861460957178826,0.25114063811922743
Cote d'Ivoire,CIV,2018-04-01,27.25,3.65,4,27.785000000000004,4.118,10,10,-0.5350000000000037,-11.364740165128714,0.14599036749231084
Cote d'Ivoire,CIV,2018-05-01,26.6,5.06,5,27.277,4.506,10,10,-0.676999999999996,12.294718153573,0.17430692410119766
Cote d'Ivoire,CIV,2018-06-01,25.53,7.16,6,25.809,7.415000000000001,10,10,-0.2789999999999963,-3.4389750505731724,0.06369487525286524
Cote d'Ivoire,CIV,2018-07-01,24.82,4.16,7,25.355,3.770000000000001,10,10,-0.5350000000000001,10.344827586206886,0.14089080459770112
Cote d'Ivoire,CIV,2018-08-01,25.23,4.71,8,25.688,3.4090000000000003,10,10,-0.4579999999999984,38.16368436491639,0.26715175515791506
Cote d'Ivoire,CIV,2018-09-01,25.03,5.44,9,25.901,5.813,10,10,-0.8709999999999987,-6.41665233098227,0.1772499283215778
Cote d'Ivoire,CIV,2018-10-01,25.68,4.7,10,25.954,5.801,10,10,-0.2740000000000009,-18.979486295466295,0.14056409814399828
Cote d'Ivoire,CIV,2018-11-01,26.25,2.01,11,26.279000000000003,2.411,10,10,-0.0290000000000034,-16.632102861883048,0.08799384764274913
Cote d'Ivoire,CIV,2018-12-01,26.66,0.17,12,26.332,0.471,10,10,0.3279999999999994,-63.90658174097664,0.3741995753715498
Cote d'Ivoire,CIV,2019-01-01,28.06,0.34,1,27.174,0.3379999999999999,10,10,0.8859999999999992,0.591715976331378,0.15062524654832343
Cote d'Ivoire,CIV,2019-02-01,28.69,2.08,2,28.983,1.541,10,10,-0.2929999999999957,34.977287475665165,0.22371977071165844
Cote d'Ivoire,CIV,2019-03-01,28.97,2.63,3,28.401,3.97,10,10,0.5689999999999991,-33.75314861460958,0.2635990764063811
Cote d'Ivoire,CIV,2019-04-01,27.78,6.19,4,27.785000000000004,4.118,10,10,-0.0050000000000025,50.315687226809125,0.25241176946737937
Cote d'Ivoire,CIV,2019-05-01,27.29,3.21,5,27.277,4.506,10,10,0.0130000000000016,-28.76165113182424,0.14597492232578813
Cote d'Ivoire,CIV,2019-06-01,26.05,5.66,6,25.809,7.415000000000001,10,10,0.2410000000000032,-23.668240053944714,0.15850786693639077
Cote d'Ivoire,CIV,2019-07-01,25.45,4.44,7,25.355,3.770000000000001,10,10,0.0949999999999988,17.771883289124666,0.10469274977895646
Cote d'Ivoire,CIV,2019-08-01,25.68,3.51,8,25.688,3.4090000000000003,10,10,-0.0079999999999991,2.9627456732179387,0.016147061699422878
Cote d'Ivoire,CIV,2019-09-01,25.5,8.36,9,25.901,5.813,10,10,-0.4009999999999998,43.81558575606399,0.28591126211365325
Cote d'Ivoire,CIV,2019-10-01,25.53,8.28,10,25.954,5.801,10,10,-0.4239999999999995,42.73401137734872,0.2843367235534102
Cote d'Ivoire,CIV,2019-11-01,26.23,2.35,11,26.279000000000003,2.411,10,10,-0.049000000000003,-2.530070510161756,0.020817019217475946
Cote d'Ivoire,CIV,2019-12-01,26.04,0.49,12,26.332,0.471,10,10,-0.2920000000000016,4.033970276008496,0.06883651804670941
Cote d'Ivoire,CIV,2020-01-01,26.63,0.04,1,27.174,0.3379999999999999,10,10,-0.5440000000000005,-88.16568047337279,0.5314950690335307
Cote d'Ivoire,CIV,2020-02-01,29.19,0.48,2,28.983,1.541,10,10,0.2070000000000043,-68.85139519792342,0.37875697598961783
Cote d'Ivoire,CIV,2020-03-01,28.48,4.71,3,28.401,3.97,10,10,0.0790000000000006,18.63979848866498,0.10636565910999167
Cote d'Ivoire,CIV,2020-04-01,27.74,3.47,4,27.785000000000004,4.118,10,10,-0.0450000000000052,-15.73579407479359,0.08617897037396882
Cote d'Ivoire,CIV,2020-05-01,27.23,5.44,5,27.277,4.506,10,10,-0.046999999999997,20.727918331114072,0.1114729249889032
Cote d'Ivoire,CIV,2020-06-01,25.79,7.49,6,25.809,7.415000000000001,10,10,-0.0189999999999983,1.0114632501685676,0.00822398291750922
Cote d'Ivoire,CIV,2020-07-01,24.88,3.75,7,25.355,3.770000000000001,10,10,-0.4750000000000014,-0.530503978779853,0.08181918656056617
Cote d'Ivoire,CIV,2020-08-01,25.33,1.94,8,25.688,3.4090000000000003,10,10,-0.3580000000000005,-43.091815781754185,0.2751257455754377
Cote d'Ivoire,CIV,2020-09-01,25.88,5.13,9,25.901,5.813,10,10,-0.0210000000000007,-11.749526922415274,0.06224763461207648
Cote d'Ivoire,CIV,2020-10-01,25.61,6.47,10,25.954,5.801,10,10,-0.3440000000000012,11.53249439751766,0.11499580532092182
Cote d'Ivoire,CIV,2020-11-01,26.32,1.64,11,26.279000000000003,2.411,10,10,0.0409999999999968,-31.97843218581502,0.1667254942624079
Cote d'Ivoire,CIV,2020-12-01,27.48,1.37,12,26.332,0.471,10,10,1.1479999999999997,190.87048832271768,0.6913333333333332
Cote d'Ivoire,CIV,2021-01-01,28.31,0.89,1,27.174,0.3379999999999999,10,10,1.1359999999999992,163.31360946745565,0.6893333333333332
Cote d'Ivoire,CIV,2021-02-01,29.18,1.88,2,28.983,1.541,10,10,0.1970000000000027,21.998702141466577,0.14282684404066667
Cote d'Ivoire,CIV,2021-03-01,28.22,2.99,3,28.401,3.97,10,10,-0.1810000000000009,-24.68513853904282,0.15359235936188093
Cote d'Ivoire,CIV,2021-04-01,27.64,4.7,4,27.785000000000004,4.118,10,10,-0.1450000000000031,14.13307430791646,0.09483203820624948
Cote d'Ivoire,CIV,2021-05-01,27.82,2.93,5,27.277,4.506,10,10,0.5430000000000028,-34.97558810474922,0.2653779405237466
Cote d'Ivoire,CIV,2021-06-01,26.24,7.52,6,25.809,7.415000000000001,10,10,0.4310000000000009,1.4160485502359896,0.07891357608451344
Cote d'Ivoire,CIV,2021-07-01,24.88,4.57,7,25.355,3.770000000000001,10,10,-0.4750000000000014,21.220159151193627,0.18526746242263503
Cote d'Ivoire,CIV,2021-08-01,25.32,5.65,8,25.688,3.4090000000000003,10,10,-0.3679999999999985,65.73775300674684,0.3900220983670673
Cote d'Ivoire,CIV,2021-09-01,25.47,7.91,9,25.901,5.813,10,10,-0.4310000000000009,36.07431618785482,0.2522049142726076
Cote d'Ivoire,CIV,2021-10-01,25.9,4.83,10,25.954,5.801,10,10,-0.054000000000002,-16.738493363213237,0.09269246681606651
Cote d'Ivoire,CIV,2021-11-01,25.96,3.16,11,26.279000000000003,2.411,10,10,-0.3190000000000026,31.06594773952717,0.20849640536430297
Cote d'Ivoire,CIV,2021-12-01,26.33,0.41,12,26.332,0.471,10,10,-0.0020000000000024,-12.951167728237792,0.06508917197452269
Cote d'Ivoire,CIV,2022-01-01,26.3,0.58,1,27.174,0.3379999999999999,10,10,-0.8739999999999988,71.59763313609469,0.5036548323471399
Cote d'Ivoire,CIV,2022-02-01,29.31,0.66,2,28.983,1.541,10,10,0.3270000000000017,-57.17066839714471,0.3403533419857238
Cote d'Ivoire,CIV,2022-03-01,28.71,2.9,3,28.401,3.97,10,10,0.309000000000001,-26.952141057934515,0.18626070528967273
Cote d'Ivoire,CIV,2022-04-01,27.21,6.1,4,27.785000000000004,4.118,10,10,-0.5750000000000028,48.13016027197667,0.33648413469321714
Cote d'Ivoire,CIV,2022-05-01,26.06,7.21,5,27.277,4.506,10,10,-1.2169999999999987,60.008877052818455,0.5028777185974254
Cote d'Ivoire,CIV,2022-06-01,25.31,8.44,6,25.809,7.415000000000001,10,10,-0.4989999999999988,13.8233310856372,0.15228332209485246
Cote d'Ivoire,CIV,2022-07-01,24.74,4.57,7,25.355,3.770000000000001,10,10,-0.615000000000002,21.220159151193627,0.20860079575596846
Cote d'Ivoire,CIV,2022-08-01,24.61,4.93,8,25.688,3.4090000000000003,10,10,-1.0779999999999994,44.61718979172776,0.4027526156253054
Cote d'Ivoire,CIV,2022-09-01,24.78,12.15,9,25.901,5.813,10,10,-1.1209999999999989,109.01427834164804,0.6868333333333332
Cote d'Ivoire,CIV,2022-10-01,25.64,5.08,10,25.954,5.801,10,10,-0.314,-12.428891570418894,0.11447779118542781
Cote d'Ivoire,CIV,2022-11-01,25.64,2.43,11,26.279000000000003,2.411,10,10,-0.6390000000000029,0.7880547490667825,0.1104402737453344
Cote d'Ivoire,CIV,2022-12-01,24.8,0.45,12,26.332,0.471,10,10,-1.532,-4.4585987261146425,0.27762632696390654
Cote d'Ivoire,CIV,2023-01-01,25.84,0.26,1,27.174,0.3379999999999999,10,10,-1.3339999999999996,-23.076923076923062,0.3377179487179486
Cote d'Ivoire,CIV,2023-02-01,28.44,0.77,2,28.983,1.541,10,10,-0.5429999999999957,-50.03244646333549,0.34066223231667675
Cote d'Ivoire,CIV,2023-03-01,27.54,6.84,3,28.401,3.97,10,10,-0.8610000000000007,72.29219143576825,0.5049609571788414
Cote d'Ivoire,CIV,2023-04-01,27.15,3.93,4,27.785000000000004,4.118,10,10,-0.6350000000000051,-4.565322972316662,0.1286599481949175
Cote d'Ivoire,CIV,2023-05-01,26.81,5.71,5,27.277,4.506,10,10,-0.4669999999999987,26.719928983577447,0.21143297825122034
Cote d'Ivoire,CIV,2023-06-01,25.49,12.8,6,25.809,7.415000000000001,10,10,-0.318999999999999,72.62306136210384,0.41628197347718565
Cote d'Ivoire,CIV,2023-07-01,25.69,6.33,7,25.355,3.770000000000001,10,10,0.3350000000000008,67.9045092838196,0.39535587975243147
Cote d'Ivoire,CIV,2023-08-01,25.34,2.5,8,25.688,3.4090000000000003,10,10,-0.347999999999999,-26.664711058961576,0.1913235552948077
Cote d'Ivoire,CIV,2023-09-01,25.9,3.66,9,25.901,5.813,10,10,-0.0010000000000012,-37.03767417856528,0.18535503755949329
Cote d'Ivoire,CIV,2023-10-01,26.02,4.74,10,25.954,5.801,10,10,0.0659999999999989,-18.2899500086192,0.10244975004309582
Cote d'Ivoire,CIV,2023-11-01,26.4,4.25,11,26.279000000000003,2.411,10,10,0.1209999999999951,76.27540439651597,0.40154368864924567
Cote d'Ivoire,CIV,2023-12-01,25.52,0.49,12,26.332,0.471,10,10,-0.8120000000000012,4.033970276008496,0.155503184713376
Cote d'Ivoire,CIV,2024-01-01,28.08,0.47,1,27.174,0.3379999999999999,10,10,0.9059999999999988,39.05325443786983,0.34626627218934897
Cote d'Ivoire,CIV,2024-02-01,29.92,0.24,2,28.983,1.541,10,10,0.9370000000000048,-84.42569759896172,0.5782951546614761
Cote d'Ivoire,CIV,2024-03-01,28.92,6.09,3,28.401,3.97,10,10,0.5190000000000019,53.40050377833752,0.35350251889168793
Cote d'Ivoire,CIV,2024-04-01,28.57,3.34,4,27.785000000000004,4.118,10,10,0.7849999999999966,-18.892666342884905,0.2252966650477573
Cote d'Ivoire,CIV,2024-05-01,28.31,2.73,5,27.277,4.506,10,10,1.0330000000000013,-39.41411451398136,0.3692372392365737
Cote d'Ivoire,CIV,2024-06-01,26.74,5.23,6,25.809,7.415000000000001,10,10,0.9310000000000008,-29.467296021577887,0.30250314677455625
Cote d'Ivoire,CIV,2024-07-01,26.6,1.88,7,25.355,3.770000000000001,10,10,1.245000000000001,-50.13262599469497,0.45816312997347497
Cote d'Ivoire,CIV,2024-08-01,27.12,2.58,8,25.688,3.4090000000000003,10,10,1.4320000000000022,-24.31798181284835,0.36025657573090875
Cote d'Ivoire,CIV,2024-09-01,27.34,2.75,9,25.901,5.813,10,10,1.439,-52.69224152761053,0.503294540971386
Cote d'Ivoire,CIV,2024-10-01,26.33,8.21,10,25.954,5.801,10,10,0.3759999999999976,41.52732287536633,0.27030328104349793
Cote d'Ivoire,CIV,2024-11-01,26.65,0.82,11,26.279000000000003,2.411,10,10,0.3709999999999951,-65.98921609290751,0.39177941379787007
Cote d'Ivoire,CIV,2024-12-01,27.56,0.07,12,26.332,0.471,10,10,1.227999999999998,-85.13800424628451,0.6303566878980889
Cote d'Ivoire,CIV,2025-01-01,28.94,0.23,1,27.174,0.3379999999999999,10,10,1.7660000000000018,-31.95266272189348,0.454096646942801
Cote d'Ivoire,CIV,2025-02-01,30.04,0.96,2,28.983,1.541,10,10,1.0570000000000022,-37.70279039584685,0.3646806186459013
Cote d'Ivoire,CIV,2025-03-01,29.37,2.59,3,28.401,3.97,10,10,0.9690000000000012,-34.76070528967255,0.3353035264483629
Cote d'Ivoire,CIV,2025-04-01,29.47,2.21,4,27.785000000000004,4.118,10,10,1.6849999999999952,-46.33317144244779,0.5124991905455715
Cote d'Ivoire,CIV,2025-05-01,28.6,3.52,5,27.277,4.506,10,10,1.323000000000004,-21.88193519751443,0.3299096759875728
Cote d'Ivoire,CIV,2025-06-01,26.94,5.23,6,25.809,7.415000000000001,10,10,1.1310000000000038,-29.467296021577887,0.3358364801078901
Cote d'Ivoire,CIV,2025-07-01,26.94,1.18,7,25.355,3.770000000000001,10,10,1.5850000000000009,-68.7002652519894,0.6076679929266139
Cote d'Ivoire,CIV,2025-08-01,27.63,1.53,8,25.688,3.4090000000000003,10,10,1.942,-55.11880316808448,0.5992606825070891
Cote d'Ivoire,CIV,2025-09-01,26.97,5.91,9,25.901,5.813,10,10,1.068999999999999,1.668673662480654,0.18651003497906976
Cote d'Ivoire,CIV,2025-10-01,26.11,5.42,10,25.954,5.801,10,10,0.1559999999999988,-6.567833132218587,0.058839165661092735
Cote d'Ivoire,CIV,2025-11-01,26.92,2.41,11,26.279000000000003,2.411,10,10,0.6409999999999982,-0.0414765657403521,0.10704071616203481
Cote d'Ivoire,CIV,2025-12-01,27.71,1.29,12,26.332,0.471,10,10,1.378,173.88535031847135,0.7296666666666667
Cote d'Ivoire,CIV,2026-01-01,28.69,0.77,1,27.174,0.3379999999999999,10,10,1.5160000000000018,127.810650887574,0.752666666666667
Cote d'Ivoire,CIV,2026-02-01,29.13,2.91,2,28.983,1.541,10,10,0.147000000000002,88.83841661258924,0.4686920830629466
Cote d'Ivoire,CIV,2026-03-01,27.82,5.8,3,28.401,3.97,10,10,-0.5809999999999995,46.09571788413097,0.3273119227539881
Cote d'Ivoire,CIV,2026-04-01,28.2,2.21,4,27.785000000000004,4.118,10,10,0.4149999999999956,-46.33317144244779,0.3008325238789049
Cote d'Ivoire,CIV,2026-05-01,28.11,4.06,5,27.277,4.506,10,10,0.833000000000002,-9.897913892587674,0.18832290279627203
Cote d'Ivoire,CIV,2026-06-01,26.22,18.39,6,25.809,7.415000000000001,10,10,0.4110000000000013,148.0107889413351,0.5685000000000002
Cote d'Ivoire,CIV,2026-07-01,25.77,1.77,7,25.355,3.770000000000001,10,10,0.4149999999999991,-53.05039787798409,0.33441865605658694
Cote d'Ivoire,CIV,2026-08-01,26.3,1.81,8,25.688,3.4090000000000003,10,10,0.6120000000000019,-46.90525080668818,0.3365262540334412
Cote d'Ivoire,CIV,2026-09-01,,,9,25.901,5.813,10,10,,,
Cote d'Ivoire,CIV,2026-10-01,,,10,25.954,5.801,10,10,,,
Cameroon,CMR,2015-01-01,23.22,0.08,1,24.591,0.156,10,10,-1.3710000000000022,-48.71794871794872,0.472089743589744
Cameroon,CMR,2015-02-01,24.44,0.74,2,25.71,0.646,10,10,-1.2699999999999996,14.551083591331263,0.2844220846233229
Cameroon,CMR,2015-03-01,24.56,2.86,3,25.039,3.629,10,10,-0.4789999999999992,-21.190410581427397,0.1857853862404702
Cameroon,CMR,2015-04-01,24.12,6.29,4,24.677,4.797,10,10,-0.5569999999999986,31.123618928496988,0.24845142797581804
Cameroon,CMR,2015-05-01,24.2,5.65,5,24.498,4.792,10,10,-0.2979999999999982,17.90484140233724,0.13919087367835256
Cameroon,CMR,2015-06-01,23.19,4.31,6,23.717,4.066,10,10,-0.527000000000001,6.000983767830786,0.11783825217248743
Cameroon,CMR,2015-07-01,23.05,3.09,7,23.117,3.853,10,10,-0.0669999999999966,-19.8027511030366,0.11018042218184909
Cameroon,CMR,2015-08-01,23.14,2.7,8,22.911,4.712999999999999,10,10,0.2289999999999992,-42.71164863144492,0.2517249098238911
Cameroon,CMR,2015-09-01,23.27,5.5,9,23.046,7.06,10,10,0.2240000000000002,-22.096317280453253,0.14781491973559963
Cameroon,CMR,2015-10-01,23.38,7.82,10,23.496,7.483,10,10,-0.1160000000000032,4.503541360416953,0.041851040135418634
Cameroon,CMR,2015-11-01,24.09,4.97,11,24.137,3.385,10,10,-0.0470000000000006,46.8242245199409,0.24195445593303794
Cameroon,CMR,2015-12-01,23.45,0.32,12,24.51,0.3359999999999999,10,10,-1.0599999999999987,-4.761904761904749,0.2004761904761902
Cameroon,CMR,2016-01-01,25.18,0.36,1,24.591,0.156,10,10,0.5889999999999986,130.76923076923077,0.5981666666666664
Cameroon,CMR,2016-02-01,26.53,0.17,2,25.71,0.646,10,10,0.8200000000000003,-73.68421052631578,0.5050877192982457
Cameroon,CMR,2016-03-01,25.08,5.81,3,25.039,3.629,10,10,0.0410000000000003,60.099200881785606,0.3073293377422614
Cameroon,CMR,2016-04-01,24.91,6.15,4,24.677,4.797,10,10,0.2330000000000005,28.205128205128226,0.17985897435897455
Cameroon,CMR,2016-05-01,24.22,5.32,5,24.498,4.792,10,10,-0.2779999999999987,11.018363939899842,0.10142515303283232
Cameroon,CMR,2016-06-01,23.2,5.47,6,23.717,4.066,10,10,-0.517000000000003,34.530250860796855,0.2588179209706515
Cameroon,CMR,2016-07-01,22.96,2.85,7,23.117,3.853,10,10,-0.1569999999999964,-26.031663638723074,0.15632498486028143
Cameroon,CMR,2016-08-01,22.8,6.7,8,22.911,4.712999999999999,10,10,-0.1110000000000006,42.1599830256737,0.2292999151283686
Cameroon,CMR,2016-09-01,22.86,6.19,9,23.046,7.06,10,10,-0.1859999999999999,-12.322946175637384,0.0926147308781869
Cameroon,CMR,2016-10-01,23.65,7.84,10,23.496,7.483,10,10,0.1539999999999963,4.77081384471469,0.0495207358902395
Cameroon,CMR,2016-11-01,24.17,3.56,11,24.137,3.385,10,10,0.0330000000000012,5.169867060561295,0.031349335302806675
Cameroon,CMR,2016-12-01,24.09,0.39,12,24.51,0.3359999999999999,10,10,-0.4199999999999981,16.071428571428587,0.15035714285714263
Cameroon,CMR,2017-01-01,24.34,0.27,1,24.591,0.156,10,10,-0.2510000000000012,73.07692307692308,0.407217948717949
Cameroon,CMR,2017-02-01,25.18,0.31,2,25.71,0.646,10,10,-0.5300000000000011,-52.0123839009288,0.34839525283797756
Cameroon,CMR,2017-03-01,24.72,3.38,3,25.039,3.629,10,10,-0.318999999999999,-6.861394323505101,0.087473638284192
Cameroon,CMR,2017-04-01,24.74,6.6,4,24.677,4.797,10,10,0.0629999999999988,37.58599124452783,0.19842995622263895
Cameroon,CMR,2017-05-01,24.37,6.38,5,24.498,4.792,10,10,-0.1279999999999965,33.13856427378965,0.187026154702281
Cameroon,CMR,2017-06-01,23.62,3.64,6,23.717,4.066,10,10,-0.0970000000000013,-10.477127397934082,0.06855230365633729
Cameroon,CMR,2017-07-01,22.86,4.27,7,23.117,3.853,10,10,-0.2569999999999979,10.82273553075524,0.09694701098710917
Cameroon,CMR,2017-08-01,22.72,4.02,8,22.911,4.712999999999999,10,10,-0.1910000000000025,-14.704010184595791,0.10535338425631272
Cameroon,CMR,2017-09-01,22.85,6.26,9,23.046,7.06,10,10,-0.1959999999999979,-11.331444759206798,0.08932389046270031
Cameroon,CMR,2017-10-01,23.51,6.83,10,23.496,7.483,10,10,0.0139999999999993,-8.726446612321256,0.0459655663949395
Cameroon,CMR,2017-11-01,23.78,5.12,11,24.137,3.385,10,10,-0.3569999999999993,51.25553914327916,0.3157776957163957
Cameroon,CMR,2017-12-01,24.29,0.28,12,24.51,0.3359999999999999,10,10,-0.2199999999999988,-16.66666666666665,0.11999999999999972
Cameroon,CMR,2018-01-01,23.83,0.15,1,24.591,0.156,10,10,-0.7610000000000028,-3.84615384615385,0.14606410256410304
Cameroon,CMR,2018-02-01,25.05,3.34,2,25.71,0.646,10,10,-0.6600000000000001,417.0278637770898,0.61
Cameroon,CMR,2018-03-01,24.22,2.47,3,25.039,3.629,10,10,-0.8189999999999991,-31.937172774869104,0.29618586387434537
Cameroon,CMR,2018-04-01,24.03,4.36,4,24.677,4.797,10,10,-0.6469999999999985,-9.109860329372513,0.15338263498019564
Cameroon,CMR,2018-05-01,23.97,4.17,5,24.498,4.792,10,10,-0.5279999999999987,-12.979966611018362,0.15289983305509158
Cameroon,CMR,2018-06-01,23.56,4.24,6,23.717,4.066,10,10,-0.1570000000000035,4.279390063944918,0.047563616986391846
Cameroon,CMR,2018-07-01,23.16,3.78,7,23.117,3.853,10,10,0.0430000000000028,-1.8946275629379807,0.01663980448135704
Cameroon,CMR,2018-08-01,22.77,4.14,8,22.911,4.712999999999999,10,10,-0.1410000000000018,-12.157861234882231,0.08428930617441147
Cameroon,CMR,2018-09-01,23.18,5.21,9,23.046,7.06,10,10,0.1340000000000003,-26.20396600566572,0.153353163361662
Cameroon,CMR,2018-10-01,23.59,8.72,10,23.496,7.483,10,10,0.0939999999999976,16.53080315381533,0.09832068243574293
Cameroon,CMR,2018-11-01,24.18,3.83,11,24.137,3.385,10,10,0.0429999999999992,13.146233382570156,0.0728978335795173
Cameroon,CMR,2018-12-01,24.22,0.11,12,24.51,0.3359999999999999,10,10,-0.2899999999999991,-67.26190476190477,0.38464285714285706
Cameroon,CMR,2019-01-01,25.17,0.27,1,24.591,0.156,10,10,0.5790000000000006,73.07692307692308,0.4618846153846155
Cameroon,CMR,2019-02-01,25.42,0.83,2,25.71,0.646,10,10,-0.2899999999999991,28.4829721362229,0.19074819401444768
Cameroon,CMR,2019-03-01,25.39,2.06,3,25.039,3.629,10,10,0.3510000000000026,-43.23505097823092,0.274675254891155
Cameroon,CMR,2019-04-01,25.5,1.71,4,24.677,4.797,10,10,0.8230000000000004,-64.35272045028142,0.45893026891807387
Cameroon,CMR,2019-05-01,25.72,1.14,5,24.498,4.792,10,10,1.2220000000000013,-76.21035058430718,0.5847184195882027
Cameroon,CMR,2019-06-01,24.92,0.68,6,23.717,4.066,10,10,1.2029999999999994,-83.27594687653713,0.6168797343826855
Cameroon,CMR,2019-07-01,23.62,5.1,7,23.117,3.853,10,10,0.5030000000000037,32.36439138333764,0.24565529025002214
Cameroon,CMR,2019-08-01,22.59,6.27,8,22.911,4.712999999999999,10,10,-0.3210000000000015,33.03628262253343,0.21868141311266737
Cameroon,CMR,2019-09-01,23.12,6.58,9,23.046,7.06,10,10,0.0740000000000016,-6.798866855524073,0.046327667610953964
Cameroon,CMR,2019-10-01,22.83,8.67,10,23.496,7.483,10,10,-0.6660000000000039,15.862621943070964,0.19031310971535548
Cameroon,CMR,2019-11-01,24.08,2.71,11,24.137,3.385,10,10,-0.0570000000000021,-19.940915805022165,0.10920457902511117
Cameroon,CMR,2019-12-01,24.72,0.02,12,24.51,0.3359999999999999,10,10,0.2100000000000008,-94.04761904761904,0.5052380952380953
Cameroon,CMR,2020-01-01,25.26,0.02,1,24.591,0.156,10,10,0.6690000000000005,-87.17948717948718,0.547397435897436
Cameroon,CMR,2020-02-01,27.36,0.19,2,25.71,0.646,10,10,1.6499999999999986,-70.58823529411765,0.627941176470588
Cameroon,CMR,2020-03-01,25.23,9.12,3,25.039,3.629,10,10,0.1910000000000025,151.3089005235602,0.5318333333333337
Cameroon,CMR,2020-04-01,24.47,5.2,4,24.677,4.797,10,10,-0.2070000000000007,8.401084010840117,0.0765054200542007
Cameroon,CMR,2020-05-01,24.45,5.9,5,24.498,4.792,10,10,-0.0479999999999982,23.121869782971636,0.12360934891485788
Cameroon,CMR,2020-06-01,23.57,5.12,6,23.717,4.066,10,10,-0.147000000000002,25.92228234136745,0.15411141170683756
Cameroon,CMR,2020-07-01,22.49,4.93,7,23.117,3.853,10,10,-0.6269999999999989,27.95224500389305,0.24426122501946507
Cameroon,CMR,2020-08-01,22.59,5.64,8,22.911,4.712999999999999,10,10,-0.3210000000000015,19.66900063653725,0.15184500318268648
Cameroon,CMR,2020-09-01,22.56,7.39,9,23.046,7.06,10,10,-0.4860000000000006,4.6742209631728056,0.10437110481586413
Cameroon,CMR,2020-10-01,22.93,5.17,10,23.496,7.483,10,10,-0.5660000000000025,-30.910062809033807,0.24888364737850277
Cameroon,CMR,2020-11-01,23.9,1.69,11,24.137,3.385,10,10,-0.2370000000000018,-50.07385524372231,0.28986927621861186
Cameroon,CMR,2020-12-01,24.31,0.39,12,24.51,0.3359999999999999,10,10,-0.1999999999999993,16.071428571428587,0.11369047619047615
Cameroon,CMR,2021-01-01,24.85,0.18,1,24.591,0.156,10,10,0.2590000000000003,15.38461538461538,0.12008974358974361
Cameroon,CMR,2021-02-01,25.41,0.06,2,25.71,0.646,10,10,-0.3000000000000007,-90.71207430340556,0.5035603715170279
Cameroon,CMR,2021-03-01,25.11,2.71,3,25.039,3.629,10,10,0.0710000000000015,-25.32378065582805,0.13845223661247383
Cameroon,CMR,2021-04-01,24.74,3.72,4,24.677,4.797,10,10,0.0629999999999988,-22.45153220762976,0.1227576610381486
Cameroon,CMR,2021-05-01,23.99,8.07,5,24.498,4.792,10,10,-0.5079999999999991,68.40567612687815,0.42669504730105723
Cameroon,CMR,2021-06-01,23.66,6.75,6,23.717,4.066,10,10,-0.0570000000000021,66.01082144613872,0.33955410723069396
Cameroon,CMR,2021-07-01,22.81,3.05,7,23.117,3.853,10,10,-0.3069999999999986,-20.840903192317683,0.15537118262825486
Cameroon,CMR,2021-08-01,22.91,4.0,8,22.911,4.712999999999999,10,10,-0.0010000000000012,-15.128368342881377,0.07580850838107375
Cameroon,CMR,2021-09-01,22.82,7.54,9,23.046,7.06,10,10,-0.2259999999999991,6.798866855524086,0.07166100094428694
Cameroon,CMR,2021-10-01,23.42,6.26,10,23.496,7.483,10,10,-0.0760000000000005,-16.343712414806895,0.09438522874070121
Cameroon,CMR,2021-11-01,24.05,5.43,11,24.137,3.385,10,10,-0.0869999999999997,60.41358936484489,0.3165679468242244
Cameroon,CMR,2021-12-01,24.14,1.04,12,24.51,0.3359999999999999,10,10,-0.3699999999999974,209.5238095238096,0.5616666666666662
Cameroon,CMR,2022-01-01,24.25,0.14,1,24.591,0.156,10,10,-0.3410000000000011,-10.256410256410248,0.10811538461538475
Cameroon,CMR,2022-02-01,25.38,0.23,2,25.71,0.646,10,10,-0.3300000000000018,-64.39628482972137,0.37698142414860714
Cameroon,CMR,2022-03-01,25.22,2.03,3,25.039,3.629,10,10,0.1810000000000009,-44.061724993111056,0.2504752916322221
Cameroon,CMR,2022-04-01,24.49,3.72,4,24.677,4.797,10,10,-0.1870000000000011,-22.45153220762976,0.14342432770481564
Cameroon,CMR,2022-05-01,24.17,4.64,5,24.498,4.792,10,10,-0.3279999999999958,-3.171953255425713,0.07052643294379453
Cameroon,CMR,2022-06-01,23.44,3.66,6,23.717,4.066,10,10,-0.277000000000001,-9.985243482538117,0.09609288407935743
Cameroon,CMR,2022-07-01,22.64,6.26,7,23.117,3.853,10,10,-0.4769999999999967,62.47080197248896,0.39185400986244423
Cameroon,CMR,2022-08-01,22.42,7.36,8,22.911,4.712999999999999,10,10,-0.4909999999999996,56.16380224909827,0.3626523445788246
Cameroon,CMR,2022-09-01,22.66,15.77,9,23.046,7.06,10,10,-0.3859999999999992,123.37110481586404,0.5643333333333332
Cameroon,CMR,2022-10-01,23.21,9.64,10,23.496,7.483,10,10,-0.2860000000000013,28.82533743151144,0.19179335382422408
Cameroon,CMR,2022-11-01,23.69,1.81,11,24.137,3.385,10,10,-0.4469999999999992,-46.5288035450517,0.30714401772525834
Cameroon,CMR,2022-12-01,23.28,0.51,12,24.51,0.3359999999999999,10,10,-1.2299999999999969,51.7857142857143,0.463928571428571
Cameroon,CMR,2023-01-01,23.89,0.08,1,24.591,0.156,10,10,-0.7010000000000005,-48.71794871794872,0.360423076923077
Cameroon,CMR,2023-02-01,24.66,0.4,2,25.71,0.646,10,10,-1.0500000000000007,-38.08049535603715,0.3654024767801859
Cameroon,CMR,2023-03-01,23.96,3.65,3,25.039,3.629,10,10,-1.078999999999997,0.5786718104160901,0.1827266923854133
Cameroon,CMR,2023-04-01,24.39,4.66,4,24.677,4.797,10,10,-0.286999999999999,-2.8559516364394324,0.06211309151553033
Cameroon,CMR,2023-05-01,24.7,2.96,5,24.498,4.792,10,10,0.2020000000000017,-38.23038397328881,0.22481858653311101
Cameroon,CMR,2023-06-01,23.34,4.18,6,23.717,4.066,10,10,-0.3770000000000024,2.8037383177570065,0.07685202492211876
Cameroon,CMR,2023-07-01,24.0,3.0,7,23.117,3.853,10,10,0.8830000000000027,-22.138593303919027,0.25785963318626226
Cameroon,CMR,2023-08-01,23.63,3.57,8,22.911,4.712999999999999,10,10,0.7189999999999976,-24.25206874602163,0.2410936770634411
Cameroon,CMR,2023-09-01,23.51,4.04,9,23.046,7.06,10,10,0.4640000000000022,-42.77620396600566,0.29121435316336197
Cameroon,CMR,2023-10-01,24.58,6.54,10,23.496,7.483,10,10,1.083999999999996,-12.60189763463851,0.24367615483985855
Cameroon,CMR,2023-11-01,24.29,3.68,11,24.137,3.385,10,10,0.1529999999999987,8.714918759231903,0.0690745937961593
Cameroon,CMR,2023-12-01,25.36,0.23,12,24.51,0.3359999999999999,10,10,0.8500000000000014,-31.54761904761904,0.2994047619047621
Cameroon,CMR,2024-01-01,25.92,0.01,1,24.591,0.156,10,10,1.3290000000000006,-93.58974358974358,0.689448717948718
Cameroon,CMR,2024-02-01,27.67,0.19,2,25.71,0.646,10,10,1.9600000000000009,-70.58823529411765,0.6796078431372551
Cameroon,CMR,2024-03-01,26.9,2.2,3,25.039,3.629,10,10,1.8610000000000009,-39.3772389087903,0.5070528612106183
Cameroon,CMR,2024-04-01,25.38,5.56,4,24.677,4.797,10,10,0.7029999999999994,15.905774442359808,0.1966955388784656
Cameroon,CMR,2024-05-01,25.19,3.69,5,24.498,4.792,10,10,0.6920000000000037,-22.99666110183639,0.2303166388425159
Cameroon,CMR,2024-06-01,24.67,2.61,6,23.717,4.066,10,10,0.9529999999999994,-35.80914904082636,0.337879078537465
Cameroon,CMR,2024-07-01,23.58,2.2,7,23.117,3.853,10,10,0.4630000000000009,-42.90163508954062,0.2916748421143699
Cameroon,CMR,2024-08-01,23.54,2.73,8,22.911,4.712999999999999,10,10,0.6289999999999978,-42.07511139401654,0.31520889030341565
Cameroon,CMR,2024-09-01,23.63,6.12,9,23.046,7.06,10,10,0.5839999999999996,-13.314447592067982,0.16390557129367317
Cameroon,CMR,2024-10-01,23.86,7.34,10,23.496,7.483,10,10,0.3639999999999972,-1.910998262728849,0.07022165798031045
Cameroon,CMR,2024-11-01,25.14,1.05,11,24.137,3.385,10,10,1.003,-68.98079763663219,0.5120706548498276
Cameroon,CMR,2024-12-01,27.24,0.07,12,24.51,0.3359999999999999,10,10,2.7300000000000004,-79.16666666666666,0.8508333333333333
Cameroon,CMR,2025-01-01,27.14,0.26,1,24.591,0.156,10,10,2.5489999999999995,66.66666666666667,0.7581666666666667
Cameroon,CMR,2025-02-01,27.59,0.54,2,25.71,0.646,10,10,1.879999999999999,-16.408668730650152,0.39537667698658396
Cameroon,CMR,2025-03-01,26.24,3.15,3,25.039,3.629,10,10,1.2010000000000003,-13.199228437586113,0.2661628088545973
Cameroon,CMR,2025-04-01,26.33,3.53,4,24.677,4.797,10,10,1.6529999999999987,-26.412341046487388,0.40756170523243673
Cameroon,CMR,2025-05-01,25.27,3.49,5,24.498,4.792,10,10,0.772000000000002,-27.170283806343896,0.26451808569838653
Cameroon,CMR,2025-06-01,24.18,3.44,6,23.717,4.066,10,10,0.4629999999999974,-15.39596655189375,0.15414649942613498
Cameroon,CMR,2025-07-01,22.93,4.24,7,23.117,3.853,10,10,-0.1869999999999976,10.044121463794449,0.08138727398563851
Cameroon,CMR,2025-08-01,23.4,1.85,8,22.911,4.712999999999999,10,10,0.4889999999999972,-60.74687035858264,0.3852343517929127
Cameroon,CMR,2025-09-01,23.36,5.49,9,23.046,7.06,10,10,0.314,-22.23796033994333,0.16352313503305
Cameroon,CMR,2025-10-01,23.25,5.94,10,23.496,7.483,10,10,-0.2460000000000022,-20.62007216357075,0.1441003608178541
Cameroon,CMR,2025-11-01,24.96,2.27,11,24.137,3.385,10,10,0.8230000000000004,-32.93943870014772,0.3018638601674053
Cameroon,CMR,2025-12-01,26.53,0.51,12,24.51,0.3359999999999999,10,10,2.020000000000003,51.7857142857143,0.5955952380952387
Cameroon,CMR,2026-01-01,27.16,0.32,1,24.591,0.156,10,10,2.568999999999999,105.12820512820514,0.9281666666666666
Cameroon,CMR,2026-02-01,26.64,1.19,2,25.71,0.646,10,10,0.9299999999999996,84.21052631578945,0.5760526315789471
Cameroon,CMR,2026-03-01,26.84,2.22,3,25.039,3.629,10,10,1.801000000000002,-38.82612289887021,0.494297281161018
Cameroon,CMR,2026-04-01,25.34,6.62,4,24.677,4.797,10,10,0.6630000000000003,38.00291849072338,0.30051459245361695
Cameroon,CMR,2026-05-01,25.24,4.43,5,24.498,4.792,10,10,0.7420000000000009,-7.554257095158599,0.16143795214245982
Cameroon,CMR,2026-06-01,25.07,1.56,6,23.717,4.066,10,10,1.352999999999998,-61.6330545991146,0.5336652729955726
Cameroon,CMR,2026-07-01,24.56,3.0,7,23.117,3.853,10,10,1.4430000000000014,-22.138593303919027,0.35119296651959536
Cameroon,CMR,2026-08-01,24.41,3.65,8,22.911,4.712999999999999,10,10,1.4989999999999988,-22.55463611287926,0.3626065138977294
Cameroon,CMR,2026-09-01,,,9,23.046,7.06,10,10,,,
Cameroon,CMR,2026-10-01,,,10,23.496,7.483,10,10,,,
Democratic Republic of Congo,COD,2015-01-01,24.94,3.52,1,25.149,5.988,10,10,-0.2089999999999996,-41.215764863059455,0.24091215764863055
Democratic Republic of Congo,COD,2015-02-01,25.02,4.72,2,25.593,6.078,10,10,-0.5730000000000004,-22.342875946034887,0.2072143797301745
Democratic Republic of Congo,COD,2015-03-01,25.5,5.52,3,25.57,6.315,10,10,-0.0700000000000002,-12.589073634204276,0.07461203483768808
Democratic Republic of Congo,COD,2015-04-01,25.28,4.1,4,25.55,7.188,10,10,-0.2699999999999996,-42.960489705064,0.2598024485253199
Democratic Republic of Congo,COD,2015-05-01,25.63,4.2,5,25.363,5.254,10,10,0.2669999999999994,-20.060905976398924,0.14480452988199452
Democratic Republic of Congo,COD,2015-06-01,24.35,0.04,6,23.983,0.38,10,10,0.3670000000000009,-89.47368421052632,0.5085350877192985
Democratic Republic of Congo,COD,2015-07-01,25.25,0.0,7,23.677,0.146,10,10,1.5730000000000004,-100.0,0.7621666666666667
Democratic Republic of Congo,COD,2015-08-01,26.22,0.05,8,24.599,0.357,10,10,1.6209999999999989,-85.99439775910365,0.7001386554621847
Democratic Republic of Congo,COD,2015-09-01,27.57,1.08,9,25.873,1.805,10,10,1.6969999999999992,-40.16620498614959,0.48366435826408116
Democratic Republic of Congo,COD,2015-10-01,26.98,2.18,10,25.738,5.394,10,10,1.2420000000000009,-59.58472376714868,0.5049236188357435
Democratic Republic of Congo,COD,2015-11-01,25.17,10.69,11,25.132,9.939,10,10,0.0380000000000038,7.556092162189349,0.04411379414428071
Democratic Republic of Congo,COD,2015-12-01,25.03,9.17,12,25.067,9.042,10,10,-0.036999999999999,1.4156160141561611,0.013244746737447306
Democratic Republic of Congo,COD,2016-01-01,25.82,3.31,1,25.149,5.988,10,10,0.6709999999999994,-44.72277889111557,0.33544722778891106
Democratic Republic of Congo,COD,2016-02-01,25.9,8.39,2,25.593,6.078,10,10,0.3069999999999986,38.038828562026985,0.24136080947680136
Democratic Republic of Congo,COD,2016-03-01,26.08,6.55,3,25.57,6.315,10,10,0.509999999999998,3.721298495645294,0.10360649247822615
Democratic Republic of Congo,COD,2016-04-01,25.71,8.99,4,25.55,7.188,10,10,0.1600000000000001,25.069560378408468,0.152014468558709
Democratic Republic of Congo,COD,2016-05-01,25.14,3.36,5,25.363,5.254,10,10,-0.2229999999999989,-36.04872478111915,0.21741029057226222
Democratic Republic of Congo,COD,2016-06-01,23.67,0.41,6,23.983,0.38,10,10,-0.3129999999999988,7.894736842105256,0.09164035087719274
Democratic Republic of Congo,COD,2016-07-01,23.06,0.1,7,23.677,0.146,10,10,-0.6170000000000009,-31.50684931506849,0.26036757990867593
Democratic Republic of Congo,COD,2016-08-01,24.46,0.89,8,24.599,0.357,10,10,-0.1389999999999993,149.29971988795515,0.5231666666666666
Democratic Republic of Congo,COD,2016-09-01,25.77,1.0,9,25.873,1.805,10,10,-0.1030000000000015,-44.598337950138514,0.2401583564173595
Democratic Republic of Congo,COD,2016-10-01,25.9,4.06,10,25.738,5.394,10,10,0.161999999999999,-24.73118279569893,0.15065591397849448
Democratic Republic of Congo,COD,2016-11-01,25.5,10.7,11,25.132,9.939,10,10,0.3680000000000021,7.656705906026756,0.09961686286346746
Democratic Republic of Congo,COD,2016-12-01,25.2,7.22,12,25.067,9.042,10,10,0.1329999999999991,-20.150409201504093,0.12291871267418698
Democratic Republic of Congo,COD,2017-01-01,25.14,5.21,1,25.149,5.988,10,10,-0.0090000000000003,-12.992651970607888,0.0664632598530395
Democratic Republic of Congo,COD,2017-02-01,25.31,5.31,2,25.593,6.078,10,10,-0.2830000000000012,-12.63573543928925,0.11034534386311312
Democratic Republic of Congo,COD,2017-03-01,25.62,4.97,3,25.57,6.315,10,10,0.0500000000000007,-21.29849564528899,0.11482581155977842
Democratic Republic of Congo,COD,2017-04-01,25.83,7.59,4,25.55,7.188,10,10,0.2799999999999976,5.592654424040068,0.0746299387868666
Democratic Republic of Congo,COD,2017-05-01,25.29,8.89,5,25.363,5.254,10,10,-0.0730000000000004,69.20441568328894,0.35818874508311144
Democratic Republic of Congo,COD,2017-06-01,24.29,0.38,6,23.983,0.38,10,10,0.3069999999999986,0.0,0.05116666666666644
Democratic Republic of Congo,COD,2017-07-01,23.11,0.05,7,23.677,0.146,10,10,-0.5670000000000002,-65.75342465753424,0.42326712328767124
Democratic Republic of Congo,COD,2017-08-01,23.71,0.27,8,24.599,0.357,10,10,-0.8889999999999993,-24.369747899159663,0.2700154061624649
Democratic Republic of Congo,COD,2017-09-01,25.28,3.63,9,25.873,1.805,10,10,-0.593,101.1080332409972,0.5988333333333333
Democratic Republic of Congo,COD,2017-10-01,25.23,6.33,10,25.738,5.394,10,10,-0.5079999999999991,17.352614015572858,0.1714297367445308
Democratic Republic of Congo,COD,2017-11-01,24.54,11.29,11,25.132,9.939,10,10,-0.5919999999999987,13.592916792433837,0.16663125062883566
Democratic Republic of Congo,COD,2017-12-01,24.95,8.72,12,25.067,9.042,10,10,-0.1170000000000008,-3.5611590356115816,0.03730579517805804
Democratic Republic of Congo,COD,2018-01-01,24.55,8.17,1,25.149,5.988,10,10,-0.5990000000000002,36.43954575818302,0.2820310621242485
Democratic Republic of Congo,COD,2018-02-01,25.42,5.09,2,25.593,6.078,10,10,-0.1729999999999982,-16.255347153668975,0.11011006910167791
Democratic Republic of Congo,COD,2018-03-01,24.92,2.99,3,25.57,6.315,10,10,-0.6499999999999986,-52.65241488519398,0.371595407759303
Democratic Republic of Congo,COD,2018-04-01,24.9,6.21,4,25.55,7.188,10,10,-0.6500000000000021,-13.606010016694489,0.17636338341680613
Democratic Republic of Congo,COD,2018-05-01,25.12,12.38,5,25.363,5.254,10,10,-0.2429999999999985,135.6299961933765,0.5404999999999998
Democratic Republic of Congo,COD,2018-06-01,23.73,0.17,6,23.983,0.38,10,10,-0.2530000000000001,-55.26315789473684,0.3184824561403509
Democratic Republic of Congo,COD,2018-07-01,23.39,0.23,7,23.677,0.146,10,10,-0.286999999999999,57.534246575342486,0.3355045662100456
Democratic Republic of Congo,COD,2018-08-01,24.0,0.45,8,24.599,0.357,10,10,-0.5990000000000002,26.050420168067216,0.23008543417366945
Democratic Republic of Congo,COD,2018-09-01,25.13,1.96,9,25.873,1.805,10,10,-0.7430000000000021,8.58725761772852,0.1667696214219763
Democratic Republic of Congo,COD,2018-10-01,25.36,9.84,10,25.738,5.394,10,10,-0.3780000000000001,82.42491657397107,0.47512458286985537
Democratic Republic of Congo,COD,2018-11-01,25.49,9.31,11,25.132,9.939,10,10,0.3580000000000005,-6.328604487372972,0.0913096891035316
Democratic Republic of Congo,COD,2018-12-01,24.72,16.26,12,25.067,9.042,10,10,-0.3470000000000013,79.82747179827474,0.4569706923247073
Democratic Republic of Congo,COD,2019-01-01,24.86,3.17,1,25.149,5.988,10,10,-0.2890000000000015,-47.06078824315298,0.28347060788243184
Democratic Republic of Congo,COD,2019-02-01,25.69,1.73,2,25.593,6.078,10,10,0.0970000000000013,-71.5366897005594,0.3738501151694639
Democratic Republic of Congo,COD,2019-03-01,25.95,1.69,3,25.57,6.315,10,10,0.379999999999999,-73.23832145684878,0.42952494061757707
Democratic Republic of Congo,COD,2019-04-01,26.3,2.7,4,25.55,7.188,10,10,0.75,-62.43739565943238,0.4371869782971619
Democratic Republic of Congo,COD,2019-05-01,25.93,2.04,5,25.363,5.254,10,10,0.5670000000000002,-61.17244004567948,0.4003622002283974
Democratic Republic of Congo,COD,2019-06-01,24.32,0.12,6,23.983,0.38,10,10,0.3369999999999997,-68.42105263157895,0.3982719298245614
Democratic Republic of Congo,COD,2019-07-01,24.68,0.55,7,23.677,0.146,10,10,1.003,276.7123287671233,0.6671666666666667
Democratic Republic of Congo,COD,2019-08-01,25.66,0.2,8,24.599,0.357,10,10,1.061,-43.97759103641457,0.39672128851540617
Democratic Republic of Congo,COD,2019-09-01,26.19,3.16,9,25.873,1.805,10,10,0.3170000000000001,75.06925207756233,0.42817959372114495
Democratic Republic of Congo,COD,2019-10-01,25.12,7.65,10,25.738,5.394,10,10,-0.6179999999999986,41.82424916573972,0.3121212458286984
Democratic Republic of Congo,COD,2019-11-01,25.24,8.5,11,25.132,9.939,10,10,0.1080000000000005,-14.47831773820304,0.09039158869101528
Democratic Republic of Congo,COD,2019-12-01,24.84,12.37,12,25.067,9.042,10,10,-0.2270000000000003,36.80601636806016,0.2218634151736342
Democratic Republic of Congo,COD,2020-01-01,25.79,11.36,1,25.149,5.988,10,10,0.6409999999999982,89.71275885103537,0.5553971275885099
Democratic Republic of Congo,COD,2020-02-01,25.84,10.4,2,25.593,6.078,10,10,0.2469999999999999,71.10891740704179,0.39671125370187554
Democratic Republic of Congo,COD,2020-03-01,25.52,7.4,3,25.57,6.315,10,10,-0.0500000000000007,17.18131433095805,0.09423990498812371
Democratic Republic of Congo,COD,2020-04-01,25.53,8.75,4,25.55,7.188,10,10,-0.0199999999999995,21.730662214802454,0.11198664440734551
Democratic Republic of Congo,COD,2020-05-01,25.31,6.9,5,25.363,5.254,10,10,-0.0530000000000008,31.32851161020177,0.16547589138434232
Democratic Republic of Congo,COD,2020-06-01,23.57,1.46,6,23.983,0.38,10,10,-0.4130000000000002,284.2105263157895,0.5688333333333334
Democratic Republic of Congo,COD,2020-07-01,22.92,0.15,7,23.677,0.146,10,10,-0.7569999999999979,2.739726027397263,0.13986529680365262
Democratic Republic of Congo,COD,2020-08-01,23.75,0.66,8,24.599,0.357,10,10,-0.8490000000000002,84.87394957983192,0.5658697478991597
Democratic Republic of Congo,COD,2020-09-01,24.86,1.22,9,25.873,1.805,10,10,-1.0130000000000017,-32.409972299168984,0.3308831948291785
Democratic Republic of Congo,COD,2020-10-01,25.11,7.02,10,25.738,5.394,10,10,-0.6280000000000001,30.14460511679643,0.25538969225064884
Democratic Republic of Congo,COD,2020-11-01,24.77,18.1,11,25.132,9.939,10,10,-0.3619999999999983,82.11087634570885,0.4708877150618773
Democratic Republic of Congo,COD,2020-12-01,24.55,12.8,12,25.067,9.042,10,10,-0.5169999999999995,41.561601415616025,0.2939746737447467
Democratic Republic of Congo,COD,2021-01-01,24.79,7.24,1,25.149,5.988,10,10,-0.3590000000000017,20.90848363393453,0.16437575150300626
Democratic Republic of Congo,COD,2021-02-01,25.06,6.99,2,25.593,6.078,10,10,-0.5330000000000013,15.004935834155969,0.1638580125041134
Democratic Republic of Congo,COD,2021-03-01,24.86,6.69,3,25.57,6.315,10,10,-0.7100000000000009,5.93824228028505,0.14802454473475873
Democratic Republic of Congo,COD,2021-04-01,25.35,7.72,4,25.55,7.188,10,10,-0.1999999999999993,7.401224262659989,0.07033945464663316
Democratic Republic of Congo,COD,2021-05-01,24.58,4.22,5,25.363,5.254,10,10,-0.7830000000000013,-19.680243623905596,0.22890121811952818
Democratic Republic of Congo,COD,2021-06-01,24.22,0.45,6,23.983,0.38,10,10,0.2369999999999983,18.42105263157895,0.13160526315789445
Democratic Republic of Congo,COD,2021-07-01,23.42,0.06,7,23.677,0.146,10,10,-0.2569999999999979,-58.9041095890411,0.3373538812785385
Democratic Republic of Congo,COD,2021-08-01,24.66,0.83,8,24.599,0.357,10,10,0.0609999999999999,132.49299719887952,0.5101666666666667
Democratic Republic of Congo,COD,2021-09-01,25.21,2.19,9,25.873,1.805,10,10,-0.6630000000000003,21.32963988919666,0.21714819944598335
Democratic Republic of Congo,COD,2021-10-01,25.38,4.77,10,25.738,5.394,10,10,-0.3580000000000005,-11.568409343715247,0.11750871338524299
Democratic Republic of Congo,COD,2021-11-01,25.25,7.17,11,25.132,9.939,10,10,0.1180000000000021,-27.85994566857833,0.15896639500955867
Democratic Republic of Congo,COD,2021-12-01,25.51,7.01,12,25.067,9.042,10,10,0.4430000000000014,-22.47290422472904,0.18619785445697878
Democratic Republic of Congo,COD,2022-01-01,24.9,8.95,1,25.149,5.988,10,10,-0.2490000000000023,49.46559786239143,0.2888279893119575
Democratic Republic of Congo,COD,2022-02-01,25.27,7.91,2,25.593,6.078,10,10,-0.3230000000000004,30.1414939124712,0.2045408028956894
Democratic Republic of Congo,COD,2022-03-01,25.39,13.35,3,25.57,6.315,10,10,-0.1799999999999997,111.40142517814728,0.5299999999999999
Democratic Republic of Congo,COD,2022-04-01,25.15,7.71,4,25.55,7.188,10,10,-0.4000000000000021,7.262103505843076,0.10297718419588239
Democratic Republic of Congo,COD,2022-05-01,25.02,3.95,5,25.363,5.254,10,10,-0.3429999999999999,-24.819185382565653,0.18126259357949492
Democratic Republic of Congo,COD,2022-06-01,23.16,0.06,6,23.983,0.38,10,10,-0.8230000000000004,-84.21052631578947,0.5582192982456141
Democratic Republic of Congo,COD,2022-07-01,23.26,0.21,7,23.677,0.146,10,10,-0.416999999999998,43.83561643835617,0.2886780821917805
Democratic Republic of Congo,COD,2022-08-01,23.55,0.09,8,24.599,0.357,10,10,-1.0489999999999997,-74.78991596638656,0.5487829131652661
Democratic Republic of Congo,COD,2022-09-01,25.42,1.05,9,25.873,1.805,10,10,-0.4529999999999994,-41.82825484764543,0.28464127423822705
Democratic Republic of Congo,COD,2022-10-01,25.7,3.72,10,25.738,5.394,10,10,-0.0380000000000002,-31.034482758620683,0.16150574712643678
Democratic Republic of Congo,COD,2022-11-01,24.56,10.88,11,25.132,9.939,10,10,-0.5719999999999992,9.467753295100117,0.14267209980883377
Democratic Republic of Congo,COD,2022-12-01,24.62,5.85,12,25.067,9.042,10,10,-0.4469999999999992,-35.301924353019245,0.25100962176509606
Democratic Republic of Congo,COD,2023-01-01,24.73,5.84,1,25.149,5.988,10,10,-0.4190000000000005,-2.471609886439555,0.08219138276553119
Democratic Republic of Congo,COD,2023-02-01,25.89,5.53,2,25.593,6.078,10,10,0.2970000000000006,-9.01612372490951,0.09458061862454765
Democratic Republic of Congo,COD,2023-03-01,25.02,8.91,3,25.57,6.315,10,10,-0.5500000000000007,41.09263657957246,0.2971298495645291
Democratic Republic of Congo,COD,2023-04-01,25.21,9.05,4,25.55,7.188,10,10,-0.3399999999999998,25.904284919309976,0.18618809126321653
Democratic Republic of Congo,COD,2023-05-01,25.34,4.46,5,25.363,5.254,10,10,-0.0229999999999996,-15.112295393985528,0.07939481030326091
Democratic Republic of Congo,COD,2023-06-01,23.92,0.44,6,23.983,0.38,10,10,-0.0629999999999988,15.789473684210526,0.08944736842105243
Democratic Republic of Congo,COD,2023-07-01,23.57,0.09,7,23.677,0.146,10,10,-0.1069999999999993,-38.35616438356164,0.20961415525114144
Democratic Republic of Congo,COD,2023-08-01,24.6,0.07,8,24.599,0.357,10,10,0.0010000000000012,-80.3921568627451,0.4021274509803924
Democratic Republic of Congo,COD,2023-09-01,25.86,0.81,9,25.873,1.805,10,10,-0.0130000000000016,-55.124653739612185,0.27778993536472785
Democratic Republic of Congo,COD,2023-10-01,26.22,4.01,10,25.738,5.394,10,10,0.4819999999999993,-25.65813867259919,0.20862402669632918
Democratic Republic of Congo,COD,2023-11-01,25.31,4.88,11,25.132,9.939,10,10,0.1780000000000008,-50.90049300734481,0.2841691317033908
Democratic Republic of Congo,COD,2023-12-01,25.41,6.08,12,25.067,9.042,10,10,0.3429999999999999,-32.75823932758239,0.2209578633045786
Democratic Republic of Congo,COD,2024-01-01,25.97,3.11,1,25.149,5.988,10,10,0.820999999999998,-48.06279225116901,0.37714729458917806
Democratic Republic of Congo,COD,2024-02-01,26.53,4.71,2,25.593,6.078,10,10,0.9370000000000012,-22.50740375123396,0.2687036854228367
Democratic Republic of Congo,COD,2024-03-01,26.84,5.08,3,25.57,6.315,10,10,1.2699999999999996,-19.556611243072044,0.3094497228820268
Democratic Republic of Congo,COD,2024-04-01,26.24,9.06,4,25.55,7.188,10,10,0.6899999999999977,26.04340567612689,0.24521702838063408
Democratic Republic of Congo,COD,2024-05-01,26.27,2.14,5,25.363,5.254,10,10,0.907,-59.26912828321278,0.44751230808273057
Democratic Republic of Congo,COD,2024-06-01,24.6,0.27,6,23.983,0.38,10,10,0.6170000000000009,-28.947368421052627,0.2475701754385966
Democratic Republic of Congo,COD,2024-07-01,24.11,0.02,7,23.677,0.146,10,10,0.4329999999999998,-86.3013698630137,0.5036735159817352
Democratic Republic of Congo,COD,2024-08-01,25.38,0.06,8,24.599,0.357,10,10,0.7809999999999988,-83.19327731092437,0.5461330532212884
Democratic Republic of Congo,COD,2024-09-01,27.44,1.95,9,25.873,1.805,10,10,1.5670000000000002,8.033240997229905,0.30133287165281625
Democratic Republic of Congo,COD,2024-10-01,26.38,4.36,10,25.738,5.394,10,10,0.6419999999999995,-19.16944753429736,0.2028472376714867
Democratic Republic of Congo,COD,2024-11-01,25.49,7.87,11,25.132,9.939,10,10,0.3580000000000005,-20.816983599959755,0.16375158466646553
Democratic Republic of Congo,COD,2024-12-01,25.84,4.94,12,25.067,9.042,10,10,0.7729999999999997,-45.36606945366069,0.3556636806016367
Democratic Republic of Congo,COD,2025-01-01,25.9,4.93,1,25.149,5.988,10,10,0.7509999999999977,-17.66867067468271,0.21351002004007982
Democratic Republic of Congo,COD,2025-02-01,26.63,3.79,2,25.593,6.078,10,10,1.036999999999999,-37.64396182954919,0.3610531424810791
Democratic Republic of Congo,COD,2025-03-01,26.91,3.68,3,25.57,6.315,10,10,1.34,-41.72604908946951,0.4319635787806809
Democratic Republic of Congo,COD,2025-04-01,26.1,10.73,4,25.55,7.188,10,10,0.5500000000000007,49.27657206455204,0.33804952698942703
Democratic Republic of Congo,COD,2025-05-01,25.67,12.97,5,25.363,5.254,10,10,0.3070000000000021,146.85953559192998,0.551166666666667
Democratic Republic of Congo,COD,2025-06-01,24.91,1.24,6,23.983,0.38,10,10,0.9269999999999996,226.3157894736842,0.6545
Democratic Republic of Congo,COD,2025-07-01,23.33,0.05,7,23.677,0.146,10,10,-0.3470000000000013,-65.75342465753424,0.3866004566210048
Democratic Republic of Congo,COD,2025-08-01,23.01,0.02,8,24.599,0.357,10,10,-1.5889999999999986,-94.39775910364143,0.7368221288515402
Democratic Republic of Congo,COD,2025-09-01,25.75,0.64,9,25.873,1.805,10,10,-0.1230000000000011,-64.54293628808864,0.34321468144044337
Democratic Republic of Congo,COD,2025-10-01,25.68,5.07,10,25.738,5.394,10,10,-0.0579999999999998,-6.006674082313679,0.03970003707823503
Democratic Republic of Congo,COD,2025-11-01,25.51,7.29,11,25.132,9.939,10,10,0.3780000000000036,-26.65258074252943,0.19626290371264776
Democratic Republic of Congo,COD,2025-12-01,25.03,5.78,12,25.067,9.042,10,10,-0.036999999999999,-36.07608936076089,0.18654711347047093
Democratic Republic of Congo,COD,2026-01-01,25.45,10.25,1,25.149,5.988,10,10,0.3009999999999984,71.17568470273879,0.4060450901803604
Democratic Republic of Congo,COD,2026-02-01,25.26,4.81,2,25.593,6.078,10,10,-0.3329999999999984,-20.862125699243183,0.15981062849621566
Democratic Republic of Congo,COD,2026-03-01,25.78,4.58,3,25.57,6.315,10,10,0.2100000000000008,-27.474267616785426,0.17237133808392727
Democratic Republic of Congo,COD,2026-04-01,25.66,5.49,4,25.55,7.188,10,10,0.1099999999999994,-23.62270450751252,0.13644685587089583
Democratic Republic of Congo,COD,2026-05-01,25.78,2.62,5,25.363,5.254,10,10,0.4170000000000016,-50.13323182337266,0.3201661591168636
Democratic Republic of Congo,COD,2026-06-01,24.6,0.11,6,23.983,0.38,10,10,0.6170000000000009,-71.05263157894737,0.45809649122807033
Democratic Republic of Congo,COD,2026-07-01,23.89,0.06,7,23.677,0.146,10,10,0.2130000000000009,-58.9041095890411,0.33002054794520563
Democratic Republic of Congo,COD,2026-08-01,26.34,0.11,8,24.599,0.357,10,10,1.7409999999999997,-69.18767507002802,0.6361050420168067
Democratic Republic of Congo,COD,2026-09-01,,,9,25.873,1.805,10,10,,,
Democratic Republic of Congo,COD,2026-10-01,,,10,25.738,5.394,10,10,,,
Ethiopia,ETH,2015-01-01,14.21,0.13,1,14.971,0.408,10,10,-0.7609999999999992,-68.13725490196079,0.4675196078431372
Ethiopia,ETH,2015-02-01,16.86,0.3,2,16.811,1.208,10,10,0.0489999999999994,-75.16556291390728,0.38399448123620294
Ethiopia,ETH,2015-03-01,18.0,0.62,3,17.918,1.53,10,10,0.0820000000000007,-59.47712418300654,0.31105228758169945
Ethiopia,ETH,2015-04-01,19.3,0.24,4,17.905,3.736,10,10,1.3949999999999996,-93.57601713062098,0.7003800856531048
Ethiopia,ETH,2015-05-01,18.21,4.59,5,17.813,3.188,10,10,0.397000000000002,43.977415307402765,0.2860537432036808
Ethiopia,ETH,2015-06-01,17.65,5.24,6,17.624000000000002,5.328,10,10,0.0259999999999962,-1.6516516516516528,0.012591591591590965
Ethiopia,ETH,2015-07-01,16.65,7.56,7,16.012,9.324,10,10,0.6379999999999981,-18.918918918918923,0.20092792792792763
Ethiopia,ETH,2015-08-01,15.99,9.1,8,15.639,9.809,10,10,0.3509999999999991,-7.228055867060876,0.09464027933530422
Ethiopia,ETH,2015-09-01,15.92,2.57,9,15.528,6.029999999999999,10,10,0.3919999999999994,-57.379767827529015,0.3522321724709783
Ethiopia,ETH,2015-10-01,15.36,0.26,10,14.424,1.642,10,10,0.9359999999999982,-84.16565164433618,0.5768282582216806
Ethiopia,ETH,2015-11-01,14.94,0.6,11,13.818,0.732,10,10,1.121999999999998,-18.0327868852459,0.2771639344262292
Ethiopia,ETH,2015-12-01,15.12,0.91,12,13.931,0.329,10,10,1.1889999999999985,176.59574468085106,0.6981666666666664
Ethiopia,ETH,2016-01-01,16.01,1.02,1,14.971,0.408,10,10,1.0390000000000017,149.99999999999997,0.6731666666666669
Ethiopia,ETH,2016-02-01,17.5,0.69,2,16.811,1.208,10,10,0.6890000000000001,-42.88079470198676,0.32923730684326713
Ethiopia,ETH,2016-03-01,18.92,1.42,3,17.918,1.53,10,10,1.0020000000000024,-7.189542483660137,0.2029477124183011
Ethiopia,ETH,2016-04-01,18.4,4.07,4,17.905,3.736,10,10,0.4949999999999974,8.940042826552478,0.12720021413276195
Ethiopia,ETH,2016-05-01,16.8,5.37,5,17.813,3.188,10,10,-1.012999999999998,68.44416562107907,0.5110541614387283
Ethiopia,ETH,2016-06-01,17.14,3.41,6,17.624000000000002,5.328,10,10,-0.4840000000000017,-35.9984984984985,0.26065915915915944
Ethiopia,ETH,2016-07-01,15.83,7.67,7,16.012,9.324,10,10,-0.1820000000000003,-17.739167739167737,0.11902917202917207
Ethiopia,ETH,2016-08-01,15.44,9.6,8,15.639,9.809,10,10,-0.1990000000000016,-2.130696299316968,0.043820148163251776
Ethiopia,ETH,2016-09-01,15.25,6.49,9,15.528,6.029999999999999,10,10,-0.2780000000000004,7.628524046434509,0.08447595356550594
Ethiopia,ETH,2016-10-01,13.79,1.5,10,14.424,1.642,10,10,-0.6340000000000021,-8.647990255785635,0.14890661794559518
Ethiopia,ETH,2016-11-01,13.31,0.23,11,13.818,0.732,10,10,-0.5080000000000009,-68.5792349726776,0.4275628415300548
Ethiopia,ETH,2016-12-01,12.96,0.07,12,13.931,0.329,10,10,-0.971,-78.72340425531915,0.5554503546099291
Ethiopia,ETH,2017-01-01,13.46,0.0,1,14.971,0.408,10,10,-1.5109999999999992,-100.0,0.7518333333333331
Ethiopia,ETH,2017-02-01,16.08,3.86,2,16.811,1.208,10,10,-0.7310000000000016,219.5364238410596,0.6218333333333336
Ethiopia,ETH,2017-03-01,17.24,2.07,3,17.918,1.53,10,10,-0.6780000000000008,35.29411764705881,0.2894705882352942
Ethiopia,ETH,2017-04-01,17.65,0.83,4,17.905,3.736,10,10,-0.2550000000000025,-77.78372591006423,0.4314186295503216
Ethiopia,ETH,2017-05-01,17.29,4.81,5,17.813,3.188,10,10,-0.5229999999999997,50.87829360100377,0.34155813467168544
Ethiopia,ETH,2017-06-01,18.48,2.69,6,17.624000000000002,5.328,10,10,0.8559999999999981,-49.512012012012015,0.3902267267267264
Ethiopia,ETH,2017-07-01,16.1,10.39,7,16.012,9.324,10,10,0.0880000000000009,11.43286143286144,0.07183097383097402
Ethiopia,ETH,2017-08-01,15.8,9.65,8,15.639,9.809,10,10,0.1609999999999996,-1.6209603425425698,0.034938135046046113
Ethiopia,ETH,2017-09-01,15.22,8.38,9,15.528,6.029999999999999,10,10,-0.3079999999999998,38.97180762852408,0.2461923714759537
Ethiopia,ETH,2017-10-01,14.31,1.26,10,14.424,1.642,10,10,-0.1140000000000007,-23.26431181485993,0.13532155907429977
Ethiopia,ETH,2017-11-01,13.48,0.3,11,13.818,0.732,10,10,-0.3380000000000009,-59.01639344262295,0.3514153005464482
Ethiopia,ETH,2017-12-01,12.65,0.05,12,13.931,0.329,10,10,-1.2810000000000006,-84.80243161094225,0.6375121580547114
Ethiopia,ETH,2018-01-01,15.06,0.04,1,14.971,0.408,10,10,0.0890000000000004,-90.19607843137256,0.4658137254901962
Ethiopia,ETH,2018-02-01,16.45,1.62,2,16.811,1.208,10,10,-0.3610000000000006,34.10596026490067,0.23069646799117013
Ethiopia,ETH,2018-03-01,17.67,0.51,3,17.918,1.53,10,10,-0.2479999999999975,-66.66666666666666,0.37466666666666615
Ethiopia,ETH,2018-04-01,17.11,4.2,4,17.905,3.736,10,10,-0.7950000000000017,12.419700214132774,0.19459850107066415
Ethiopia,ETH,2018-05-01,17.59,2.22,5,17.813,3.188,10,10,-0.2229999999999989,-30.363864491844407,0.18898598912588851
Ethiopia,ETH,2018-06-01,17.02,6.23,6,17.624000000000002,5.328,10,10,-0.6040000000000028,16.929429429429433,0.1853138138138143
Ethiopia,ETH,2018-07-01,15.77,6.96,7,16.012,9.324,10,10,-0.2420000000000008,-25.353925353925355,0.16710296010296025
Ethiopia,ETH,2018-08-01,15.38,10.53,8,15.639,9.809,10,10,-0.2590000000000003,7.350392496686699,0.0799186291501002
Ethiopia,ETH,2018-09-01,14.93,1.91,9,15.528,6.029999999999999,10,10,-0.5980000000000008,-68.3250414593698,0.44129187396351577
Ethiopia,ETH,2018-10-01,14.81,0.86,10,14.424,1.642,10,10,0.3859999999999992,-47.62484774665043,0.30245757206658536
Ethiopia,ETH,2018-11-01,14.03,0.9,11,13.818,0.732,10,10,0.2119999999999979,22.950819672131157,0.15008743169398878
Ethiopia,ETH,2018-12-01,14.67,0.04,12,13.931,0.329,10,10,0.738999999999999,-87.8419452887538,0.5623763931104355
Ethiopia,ETH,2019-01-01,14.92,0.0,1,14.971,0.408,10,10,-0.0510000000000001,-100.0,0.5085000000000001
Ethiopia,ETH,2019-02-01,17.72,0.41,2,16.811,1.208,10,10,0.9089999999999988,-66.05960264900664,0.48179801324503296
Ethiopia,ETH,2019-03-01,18.07,1.87,3,17.918,1.53,10,10,0.152000000000001,22.222222222222225,0.13644444444444462
Ethiopia,ETH,2019-04-01,17.34,4.48,4,17.905,3.736,10,10,-0.5650000000000013,19.914346895074967,0.19373840114204172
Ethiopia,ETH,2019-05-01,18.29,1.16,5,17.813,3.188,10,10,0.4770000000000003,-63.61355081555834,0.39756775407779177
Ethiopia,ETH,2019-06-01,17.95,5.45,6,17.624000000000002,5.328,10,10,0.3259999999999969,2.289789789789788,0.06578228228228175
Ethiopia,ETH,2019-07-01,16.35,6.86,7,16.012,9.324,10,10,0.3380000000000009,-26.42642642642642,0.18846546546546558
Ethiopia,ETH,2019-08-01,15.51,10.0,8,15.639,9.809,10,10,-0.1290000000000013,1.947191354878162,0.031235956774391026
Ethiopia,ETH,2019-09-01,15.58,12.34,9,15.528,6.029999999999999,10,10,0.0519999999999996,104.64344941956884,0.5086666666666666
Ethiopia,ETH,2019-10-01,13.4,0.92,10,14.424,1.642,10,10,-1.024000000000001,-43.97076735688185,0.3905205034510761
Ethiopia,ETH,2019-11-01,14.08,1.16,11,13.818,0.732,10,10,0.2619999999999987,58.46994535519124,0.3360163934426227
Ethiopia,ETH,2019-12-01,14.51,0.32,12,13.931,0.329,10,10,0.5789999999999988,-2.7355623100303976,0.1101778115501518
Ethiopia,ETH,2020-01-01,15.72,0.08,1,14.971,0.408,10,10,0.7490000000000006,-80.3921568627451,0.526794117647059
Ethiopia,ETH,2020-02-01,17.29,0.34,2,16.811,1.208,10,10,0.4789999999999992,-71.85430463576158,0.4391048565121411
Ethiopia,ETH,2020-03-01,19.18,1.5,3,17.918,1.53,10,10,1.2620000000000005,-1.960784313725492,0.22013725490196087
Ethiopia,ETH,2020-04-01,17.86,6.64,4,17.905,3.736,10,10,-0.0450000000000017,77.73019271948608,0.3961509635974307
Ethiopia,ETH,2020-05-01,16.95,4.37,5,17.813,3.188,10,10,-0.8629999999999995,37.07653701380177,0.3292160184023421
Ethiopia,ETH,2020-06-01,17.09,6.21,6,17.624000000000002,5.328,10,10,-0.5340000000000025,16.554054054054046,0.17177027027027064
Ethiopia,ETH,2020-07-01,15.35,13.84,7,16.012,9.324,10,10,-0.6620000000000008,48.43414843414843,0.35250407550407564
Ethiopia,ETH,2020-08-01,15.35,14.41,8,15.639,9.809,10,10,-0.2890000000000015,46.90590274237943,0.28269618037856403
Ethiopia,ETH,2020-09-01,15.35,7.61,9,15.528,6.029999999999999,10,10,-0.1780000000000008,26.202321724709805,0.16067827529021583
Ethiopia,ETH,2020-10-01,13.7,1.75,10,14.424,1.642,10,10,-0.724000000000002,6.577344701583426,0.15355339017458414
Ethiopia,ETH,2020-11-01,13.22,0.18,11,13.818,0.732,10,10,-0.5980000000000008,-75.40983606557377,0.4767158469945356
Ethiopia,ETH,2020-12-01,13.44,0.11,12,13.931,0.329,10,10,-0.4910000000000014,-66.56534954407294,0.41466008105369834
Ethiopia,ETH,2021-01-01,14.43,1.12,1,14.971,0.408,10,10,-0.5410000000000004,174.50980392156862,0.5901666666666667
Ethiopia,ETH,2021-02-01,16.27,0.93,2,16.811,1.208,10,10,-0.5410000000000004,-23.01324503311257,0.2052328918322296
Ethiopia,ETH,2021-03-01,17.62,0.23,3,17.918,1.53,10,10,-0.2979999999999982,-84.9673202614379,0.4745032679738559
Ethiopia,ETH,2021-04-01,17.93,3.13,4,17.905,3.736,10,10,0.0249999999999985,-16.22055674518201,0.08526945039257645
Ethiopia,ETH,2021-05-01,17.16,3.26,5,17.813,3.188,10,10,-0.6529999999999987,2.258469259723967,0.12012567963195295
Ethiopia,ETH,2021-06-01,17.74,4.81,6,17.624000000000002,5.328,10,10,0.1159999999999961,-9.722222222222236,0.06794444444444386
Ethiopia,ETH,2021-07-01,15.58,6.85,7,16.012,9.324,10,10,-0.4320000000000004,-26.533676533676537,0.20466838266838275
Ethiopia,ETH,2021-08-01,15.8,10.06,8,15.639,9.809,10,10,0.1609999999999996,2.5588745030074365,0.03962770584837045
Ethiopia,ETH,2021-09-01,15.53,5.72,9,15.528,6.029999999999999,10,10,0.0019999999999988,-5.140961857379762,0.026038142620231942
Ethiopia,ETH,2021-10-01,14.15,2.44,10,14.424,1.642,10,10,-0.2740000000000009,48.59926918392203,0.28866301258627697
Ethiopia,ETH,2021-11-01,13.71,1.75,11,13.818,0.732,10,10,-0.1080000000000005,139.07103825136613,0.5180000000000001
Ethiopia,ETH,2021-12-01,13.33,0.88,12,13.931,0.329,10,10,-0.6010000000000009,167.4772036474164,0.6001666666666668
Ethiopia,ETH,2022-01-01,14.65,1.03,1,14.971,0.408,10,10,-0.3209999999999997,152.45098039215685,0.5535
Ethiopia,ETH,2022-02-01,16.35,0.97,2,16.811,1.208,10,10,-0.4609999999999985,-19.70198675496689,0.17534326710816753
Ethiopia,ETH,2022-03-01,17.6,0.89,3,17.918,1.53,10,10,-0.3179999999999978,-41.830065359477125,0.26215032679738526
Ethiopia,ETH,2022-04-01,18.09,3.27,4,17.905,3.736,10,10,0.1849999999999987,-12.473233404710914,0.09319950035688768
Ethiopia,ETH,2022-05-01,19.6,0.24,5,17.813,3.188,10,10,1.7870000000000026,-92.47176913425344,0.7601921790046009
Ethiopia,ETH,2022-06-01,17.69,5.81,6,17.624000000000002,5.328,10,10,0.0659999999999989,9.046546546546534,0.056232732732732486
Ethiopia,ETH,2022-07-01,15.5,9.11,7,16.012,9.324,10,10,-0.5120000000000005,-2.2951522951523,0.09680909480909491
Ethiopia,ETH,2022-08-01,15.27,6.56,8,15.639,9.809,10,10,-0.3690000000000015,-33.12264247119993,0.2271132123559999
Ethiopia,ETH,2022-09-01,15.39,4.6,9,15.528,6.029999999999999,10,10,-0.1379999999999999,-23.714759535655052,0.14157379767827524
Ethiopia,ETH,2022-10-01,14.31,2.05,10,14.424,1.642,10,10,-0.1140000000000007,24.847746650426288,0.14323873325213157
Ethiopia,ETH,2022-11-01,13.66,0.26,11,13.818,0.732,10,10,-0.1580000000000012,-64.48087431693989,0.34873770491803296
Ethiopia,ETH,2022-12-01,14.31,0.6,12,13.931,0.329,10,10,0.3789999999999995,82.37082066869299,0.47502077001013154
Ethiopia,ETH,2023-01-01,14.46,0.08,1,14.971,0.408,10,10,-0.5109999999999992,-80.3921568627451,0.48712745098039206
Ethiopia,ETH,2023-02-01,16.18,0.27,2,16.811,1.208,10,10,-0.6310000000000002,-77.64900662251655,0.4934116997792494
Ethiopia,ETH,2023-03-01,17.22,2.95,3,17.918,1.53,10,10,-0.6980000000000004,92.81045751633988,0.5803856209150329
Ethiopia,ETH,2023-04-01,16.85,7.2,4,17.905,3.736,10,10,-1.0549999999999995,92.71948608137046,0.6394307637401856
Ethiopia,ETH,2023-05-01,17.0,4.51,5,17.813,3.188,10,10,-0.8129999999999988,41.46800501882058,0.3428400250941027
Ethiopia,ETH,2023-06-01,17.04,5.53,6,17.624000000000002,5.328,10,10,-0.5840000000000032,3.7912912912912895,0.11628978978979032
Ethiopia,ETH,2023-07-01,16.68,9.8,7,16.012,9.324,10,10,0.6679999999999993,5.105105105105114,0.1368588588588588
Ethiopia,ETH,2023-08-01,16.23,8.46,8,15.639,9.809,10,10,0.5909999999999993,-13.752676113773068,0.16726338056886522
Ethiopia,ETH,2023-09-01,16.23,3.94,9,15.528,6.029999999999999,10,10,0.702,-34.66003316749585,0.2903001658374792
Ethiopia,ETH,2023-10-01,15.49,1.89,10,14.424,1.642,10,10,1.065999999999999,15.103532277710094,0.25318432805521696
Ethiopia,ETH,2023-11-01,14.18,1.32,11,13.818,0.732,10,10,0.3619999999999983,80.32786885245903,0.46197267759562827
Ethiopia,ETH,2023-12-01,15.26,0.27,12,13.931,0.329,10,10,1.3289999999999988,-17.933130699088142,0.3111656534954405
Ethiopia,ETH,2024-01-01,16.79,0.58,1,14.971,0.408,10,10,1.818999999999999,42.15686274509802,0.5139509803921566
Ethiopia,ETH,2024-02-01,17.41,2.69,2,16.811,1.208,10,10,0.5990000000000002,122.682119205298,0.5998333333333333
Ethiopia,ETH,2024-03-01,17.66,3.24,3,17.918,1.53,10,10,-0.2579999999999991,111.76470588235294,0.5429999999999998
Ethiopia,ETH,2024-04-01,18.52,3.3,4,17.905,3.736,10,10,0.6149999999999984,-11.670235546038544,0.16085117773019247
Ethiopia,ETH,2024-05-01,19.24,1.35,5,17.813,3.188,10,10,1.4269999999999996,-57.65370138017565,0.5261018402342115
Ethiopia,ETH,2024-06-01,18.44,7.9,6,17.624000000000002,5.328,10,10,0.815999999999999,48.27327327327327,0.37736636636636617
Ethiopia,ETH,2024-07-01,16.31,14.2,7,16.012,9.324,10,10,0.2979999999999982,52.29515229515229,0.3111424281424278
Ethiopia,ETH,2024-08-01,15.62,9.72,8,15.639,9.809,10,10,-0.0190000000000019,-0.9073300030584198,0.007703316681959083
Ethiopia,ETH,2024-09-01,15.88,6.74,9,15.528,6.029999999999999,10,10,0.3520000000000003,11.774461028192388,0.11753897180762865
Ethiopia,ETH,2024-10-01,14.92,3.49,10,14.424,1.642,10,10,0.4959999999999986,112.5456760048721,0.5826666666666664
Ethiopia,ETH,2024-11-01,13.57,0.62,11,13.818,0.732,10,10,-0.2480000000000011,-15.30054644808743,0.11783606557377066
Ethiopia,ETH,2024-12-01,13.06,0.04,12,13.931,0.329,10,10,-0.8710000000000004,-87.8419452887538,0.5843763931104358
Ethiopia,ETH,2025-01-01,15.21,0.01,1,14.971,0.408,10,10,0.2390000000000007,-97.54901960784314,0.5275784313725491
Ethiopia,ETH,2025-02-01,16.98,0.05,2,16.811,1.208,10,10,0.1690000000000004,-95.86092715231788,0.5074713024282562
Ethiopia,ETH,2025-03-01,17.93,2.34,3,17.918,1.53,10,10,0.0120000000000004,52.94117647058823,0.26670588235294124
Ethiopia,ETH,2025-04-01,18.25,1.64,4,17.905,3.736,10,10,0.3449999999999988,-56.10278372591007,0.3380139186295502
Ethiopia,ETH,2025-05-01,18.91,3.75,5,17.813,3.188,10,10,1.0970000000000013,17.62860727728985,0.2709763697197828
Ethiopia,ETH,2025-06-01,19.15,4.56,6,17.624000000000002,5.328,10,10,1.5259999999999962,-14.414414414414424,0.3264054054054048
Ethiopia,ETH,2025-07-01,16.52,12.27,7,16.012,9.324,10,10,0.5079999999999991,31.595881595881597,0.24264607464607452
Ethiopia,ETH,2025-08-01,15.59,13.74,8,15.639,9.809,10,10,-0.0490000000000012,40.07544092160259,0.20854387127467983
Ethiopia,ETH,2025-09-01,15.49,9.9,9,15.528,6.029999999999999,10,10,-0.0380000000000002,64.17910447761196,0.32722885572139315
Ethiopia,ETH,2025-10-01,14.06,1.85,10,14.424,1.642,10,10,-0.3640000000000007,12.667478684531057,0.12400406008932206
Ethiopia,ETH,2025-11-01,13.13,0.26,11,13.818,0.732,10,10,-0.6880000000000006,-64.48087431693989,0.4370710382513662
Ethiopia,ETH,2025-12-01,14.85,0.63,12,13.931,0.329,10,10,0.9189999999999988,91.48936170212764,0.6106134751773047
Ethiopia,ETH,2026-01-01,15.23,0.38,1,14.971,0.408,10,10,0.2590000000000003,-6.8627450980392215,0.07748039215686282
Ethiopia,ETH,2026-02-01,17.85,0.34,2,16.811,1.208,10,10,1.0390000000000017,-71.85430463576158,0.5324381898454749
Ethiopia,ETH,2026-03-01,17.36,4.63,3,17.918,1.53,10,10,-0.5579999999999998,202.6143790849673,0.593
Ethiopia,ETH,2026-04-01,17.01,2.32,4,17.905,3.736,10,10,-0.8949999999999996,-37.90149892933619,0.33867416131334754
Ethiopia,ETH,2026-05-01,18.64,1.32,5,17.813,3.188,10,10,0.8270000000000017,-58.59473023839398,0.4308069845253035
Ethiopia,ETH,2026-06-01,19.35,1.2,6,17.624000000000002,5.328,10,10,1.725999999999999,-77.47747747747748,0.6750540540540539
Ethiopia,ETH,2026-07-01,18.03,8.98,7,16.012,9.324,10,10,2.0180000000000007,-3.689403689403683,0.35478035178035183
Ethiopia,ETH,2026-08-01,16.55,9.36,8,15.639,9.809,10,10,0.9109999999999996,-4.577428891834046,0.1747204777925035
Ethiopia,ETH,2026-09-01,,,9,15.528,6.029999999999999,10,10,,,
Ethiopia,ETH,2026-10-01,,,10,14.424,1.642,10,10,,,
Ghana,GHA,2015-01-01,26.89,0.63,1,27.476,0.962,10,10,-0.5859999999999985,-34.51143451143451,0.27022383922383897
Ghana,GHA,2015-02-01,27.62,2.43,2,28.006,1.6960000000000002,10,10,-0.3859999999999992,43.27830188679245,0.2807248427672954
Ghana,GHA,2015-03-01,27.9,4.93,3,27.917,4.605,10,10,-0.017000000000003,7.057546145494033,0.038121064060804
Ghana,GHA,2015-04-01,27.53,3.07,4,27.826,4.893,10,10,-0.2959999999999994,-37.2573063560188,0.23561986511342725
Ghana,GHA,2015-05-01,27.49,3.39,5,27.452,6.771000000000001,10,10,0.0380000000000002,-49.93354009747453,0.256001033820706
Ghana,GHA,2015-06-01,25.67,7.26,6,26.095,7.418000000000001,10,10,-0.4249999999999971,-2.12995416554329,0.0814831041610493
Ghana,GHA,2015-07-01,24.78,2.48,7,24.848000000000003,3.185,10,10,-0.0680000000000013,-22.135007849293565,0.12200837257980138
Ghana,GHA,2015-08-01,24.59,0.79,8,24.37,1.638,10,10,0.2200000000000024,-51.77045177045176,0.29551892551892583
Ghana,GHA,2015-09-01,25.21,1.31,9,25.262,4.1,10,10,-0.0519999999999996,-68.04878048780488,0.34891056910569096
Ghana,GHA,2015-10-01,26.44,4.95,10,26.344,6.041,10,10,0.096,-18.0599238536666,0.106299619268333
Ghana,GHA,2015-11-01,27.15,2.42,11,27.197,2.989,10,10,-0.046999999999997,-19.036467045834726,0.10301566856250646
Ghana,GHA,2015-12-01,27.21,0.43,12,27.534,0.9469999999999998,10,10,-0.3240000000000016,-54.59345300950369,0.3269672650475187
Ghana,GHA,2016-01-01,27.59,0.3,1,27.476,0.962,10,10,0.1140000000000007,-68.81496881496881,0.36307484407484414
Ghana,GHA,2016-02-01,28.1,0.62,2,28.006,1.6960000000000002,10,10,0.0940000000000012,-63.443396226415096,0.33288364779874235
Ghana,GHA,2016-03-01,28.58,4.53,3,27.917,4.605,10,10,0.6629999999999967,-1.6286644951139913,0.1186433224755694
Ghana,GHA,2016-04-01,28.21,3.45,4,27.826,4.893,10,10,0.3840000000000003,-29.49110974862047,0.2114555487431024
Ghana,GHA,2016-05-01,27.32,6.33,5,27.452,6.771000000000001,10,10,-0.1319999999999979,-6.513070447496687,0.054565352237483086
Ghana,GHA,2016-06-01,25.84,6.33,6,26.095,7.418000000000001,10,10,-0.254999999999999,-14.667026152601789,0.11583513076300878
Ghana,GHA,2016-07-01,24.6,2.14,7,24.848000000000003,3.185,10,10,-0.2480000000000011,-32.81004709576138,0.2053835688121404
Ghana,GHA,2016-08-01,24.38,1.34,8,24.37,1.638,10,10,0.0100000000000015,-18.192918192918185,0.09263125763125783
Ghana,GHA,2016-09-01,25.36,5.2,9,25.262,4.1,10,10,0.0979999999999989,26.82926829268294,0.15047967479674784
Ghana,GHA,2016-10-01,26.41,5.64,10,26.344,6.041,10,10,0.0659999999999989,-6.637973845389833,0.04418986922694898
Ghana,GHA,2016-11-01,27.4,2.11,11,27.197,2.989,10,10,0.2030000000000029,-29.40782870525259,0.1808724768595968
Ghana,GHA,2016-12-01,27.45,1.14,12,27.534,0.9469999999999998,10,10,-0.0840000000000031,20.38014783526928,0.11590073917634691
Ghana,GHA,2017-01-01,27.34,0.95,1,27.476,0.962,10,10,-0.1359999999999992,-1.2474012474012486,0.028903672903672774
Ghana,GHA,2017-02-01,27.71,1.27,2,28.006,1.6960000000000002,10,10,-0.2959999999999994,-25.11792452830189,0.1749229559748427
Ghana,GHA,2017-03-01,27.82,3.77,3,27.917,4.605,10,10,-0.0970000000000013,-18.132464712269265,0.1068289902280132
Ghana,GHA,2017-04-01,27.79,4.95,4,27.826,4.893,10,10,-0.0360000000000013,1.1649294911097563,0.011824647455548998
Ghana,GHA,2017-05-01,27.49,6.57,5,27.452,6.771000000000001,10,10,0.0380000000000002,-2.968542312804616,0.021176044897356448
Ghana,GHA,2017-06-01,26.07,7.8,6,26.095,7.418000000000001,10,10,-0.0249999999999985,5.149636020490681,0.029914846769119822
Ghana,GHA,2017-07-01,24.78,3.44,7,24.848000000000003,3.185,10,10,-0.0680000000000013,8.00627943485086,0.05136473050758785
Ghana,GHA,2017-08-01,23.89,2.12,8,24.37,1.638,10,10,-0.4799999999999969,29.42612942612944,0.22713064713064668
Ghana,GHA,2017-09-01,24.89,2.29,9,25.262,4.1,10,10,-0.3719999999999999,-44.14634146341463,0.28273170731707314
Ghana,GHA,2017-10-01,26.48,2.56,10,26.344,6.041,10,10,0.1359999999999992,-57.62291011421949,0.31078121723776403
Ghana,GHA,2017-11-01,27.0,3.12,11,27.197,2.989,10,10,-0.1969999999999956,4.38273670123788,0.054747016839521996
Ghana,GHA,2017-12-01,27.34,1.24,12,27.534,0.9469999999999998,10,10,-0.1940000000000026,30.939809926082383,0.1870323829637457
Ghana,GHA,2018-01-01,27.02,0.23,1,27.476,0.962,10,10,-0.4559999999999995,-76.0914760914761,0.4564573804573804
Ghana,GHA,2018-02-01,27.93,2.89,2,28.006,1.6960000000000002,10,10,-0.0760000000000005,70.4009433962264,0.3646713836477988
Ghana,GHA,2018-03-01,27.53,3.35,3,27.917,4.605,10,10,-0.3870000000000004,-27.252985884907694,0.20076492942453855
Ghana,GHA,2018-04-01,27.57,2.86,4,27.826,4.893,10,10,-0.2560000000000002,-41.54915184958104,0.25041242591457186
Ghana,GHA,2018-05-01,26.76,8.63,5,27.452,6.771000000000001,10,10,-0.6919999999999966,27.45532417663565,0.252609954216511
Ghana,GHA,2018-06-01,26.17,5.12,6,26.095,7.418000000000001,10,10,0.0750000000000028,-30.978700458344576,0.16739350229172334
Ghana,GHA,2018-07-01,24.85,3.49,7,24.848000000000003,3.185,10,10,0.0019999999999988,9.576138147566724,0.04821402407116675
Ghana,GHA,2018-08-01,24.38,1.34,8,24.37,1.638,10,10,0.0100000000000015,-18.192918192918185,0.09263125763125783
Ghana,GHA,2018-09-01,25.43,4.22,9,25.262,4.1,10,10,0.1679999999999992,2.926829268292686,0.0426341463414633
Ghana,GHA,2018-10-01,26.39,4.93,10,26.344,6.041,10,10,0.0459999999999993,-18.390994868399268,0.09962164100866289
Ghana,GHA,2018-11-01,27.4,2.21,11,27.197,2.989,10,10,0.2030000000000029,-26.0622281699565,0.16414447418311634
Ghana,GHA,2018-12-01,27.96,0.69,12,27.534,0.9469999999999998,10,10,0.4259999999999984,-27.13833157338965,0.206691657866948
Ghana,GHA,2019-01-01,27.95,1.25,1,27.476,0.962,10,10,0.4740000000000002,29.937629937629943,0.22868814968814977
Ghana,GHA,2019-02-01,28.26,2.9,2,28.006,1.6960000000000002,10,10,0.2540000000000013,70.99056603773583,0.39728616352201274
Ghana,GHA,2019-03-01,28.22,4.3,3,27.917,4.605,10,10,0.3029999999999972,-6.623235613463621,0.08361617806731764
Ghana,GHA,2019-04-01,28.04,5.71,4,27.826,4.893,10,10,0.2139999999999986,16.6973227059064,0.11915328019619845
Ghana,GHA,2019-05-01,27.56,7.72,5,27.452,6.771000000000001,10,10,0.1080000000000005,14.01565499926154,0.08807827499630778
Ghana,GHA,2019-06-01,25.86,5.21,6,26.095,7.418000000000001,10,10,-0.2349999999999994,-29.765435427338915,0.18799384380336115
Ghana,GHA,2019-07-01,24.93,4.08,7,24.848000000000003,3.185,10,10,0.0819999999999971,28.100470957613812,0.15416902145473524
Ghana,GHA,2019-08-01,24.46,1.1,8,24.37,1.638,10,10,0.0900000000000034,-32.844932844932835,0.17922466422466474
Ghana,GHA,2019-09-01,25.35,5.19,9,25.262,4.1,10,10,0.0880000000000009,26.585365853658555,0.1475934959349596
Ghana,GHA,2019-10-01,26.02,8.45,10,26.344,6.041,10,10,-0.3240000000000016,39.87750372454892,0.2533875186227449
Ghana,GHA,2019-11-01,27.5,2.37,11,27.197,2.989,10,10,0.3030000000000044,-20.70926731348276,0.15404633656741454
Ghana,GHA,2019-12-01,27.96,1.14,12,27.534,0.9469999999999998,10,10,0.4259999999999984,20.38014783526928,0.17290073917634613
Ghana,GHA,2020-01-01,27.96,0.24,1,27.476,0.962,10,10,0.4840000000000017,-75.05197505197505,0.4559265419265422
Ghana,GHA,2020-02-01,28.84,0.19,2,28.006,1.6960000000000002,10,10,0.8339999999999996,-88.79716981132077,0.5829858490566038
Ghana,GHA,2020-03-01,27.99,3.46,3,27.917,4.605,10,10,0.0729999999999968,-24.86427795874049,0.1364880564603686
Ghana,GHA,2020-04-01,27.73,4.45,4,27.826,4.893,10,10,-0.096,-9.053750255466984,0.061268751277334915
Ghana,GHA,2020-05-01,27.58,8.38,5,27.452,6.771000000000001,10,10,0.1280000000000001,23.763107369664745,0.1401488701816571
Ghana,GHA,2020-06-01,26.03,8.95,6,26.095,7.418000000000001,10,10,-0.0649999999999977,20.65246697222969,0.11409566819448139
Ghana,GHA,2020-07-01,24.38,1.38,7,24.848000000000003,3.185,10,10,-0.4680000000000035,-56.67189952904239,0.3613594976452125
Ghana,GHA,2020-08-01,23.78,0.36,8,24.37,1.638,10,10,-0.5899999999999963,-78.02197802197803,0.4884432234432229
Ghana,GHA,2020-09-01,24.95,4.06,9,25.262,4.1,10,10,-0.3120000000000011,-0.9756097560975618,0.056878048780487994
Ghana,GHA,2020-10-01,26.12,6.29,10,26.344,6.041,10,10,-0.2240000000000002,4.121834133421628,0.05794250400044151
Ghana,GHA,2020-11-01,27.07,3.13,11,27.197,2.989,10,10,-0.1269999999999953,4.717296754767482,0.04475315044050329
Ghana,GHA,2020-12-01,27.36,1.5,12,27.534,0.9469999999999998,10,10,-0.174000000000003,58.39493136219643,0.3209746568109827
Ghana,GHA,2021-01-01,27.23,2.59,1,27.476,0.962,10,10,-0.2459999999999986,169.23076923076923,0.5409999999999998
Ghana,GHA,2021-02-01,27.85,1.9,2,28.006,1.6960000000000002,10,10,-0.1559999999999988,12.028301886792436,0.08614150943396198
Ghana,GHA,2021-03-01,27.29,5.2,3,27.917,4.605,10,10,-0.6270000000000024,12.920738327904466,0.16910369163952274
Ghana,GHA,2021-04-01,27.76,3.81,4,27.826,4.893,10,10,-0.0659999999999989,-22.13366033108522,0.12166830165542591
Ghana,GHA,2021-05-01,27.26,3.55,5,27.452,6.771000000000001,10,10,-0.1919999999999966,-47.57052134101316,0.2698526067050652
Ghana,GHA,2021-06-01,26.68,5.46,6,26.095,7.418000000000001,10,10,0.5850000000000009,-26.39525478565653,0.2294762739282828
Ghana,GHA,2021-07-01,25.01,3.13,7,24.848000000000003,3.185,10,10,0.161999999999999,-1.7268445839874462,0.035634222919937064
Ghana,GHA,2021-08-01,25.13,4.0,8,24.37,1.638,10,10,0.7600000000000016,144.2002442002442,0.6266666666666669
Ghana,GHA,2021-09-01,25.49,6.89,9,25.262,4.1,10,10,0.2279999999999979,68.04878048780488,0.378243902439024
Ghana,GHA,2021-10-01,26.33,8.13,10,26.344,6.041,10,10,-0.0140000000000028,34.58036748882638,0.1752351707774657
Ghana,GHA,2021-11-01,26.96,3.72,11,27.197,2.989,10,10,-0.2369999999999947,24.4563399130144,0.1617816995650711
Ghana,GHA,2021-12-01,27.51,0.76,12,27.534,0.9469999999999998,10,10,-0.0240000000000009,-19.746568109820476,0.10273284054910253
Ghana,GHA,2022-01-01,27.26,1.2,1,27.476,0.962,10,10,-0.2159999999999975,24.740124740124735,0.15970062370062327
Ghana,GHA,2022-02-01,27.5,2.0,2,28.006,1.6960000000000002,10,10,-0.5060000000000002,17.92452830188678,0.17395597484276726
Ghana,GHA,2022-03-01,27.68,4.42,3,27.917,4.605,10,10,-0.2370000000000018,-4.017372421281208,0.05958686210640634
Ghana,GHA,2022-04-01,27.32,8.16,4,27.826,4.893,10,10,-0.5060000000000002,66.76885346413245,0.4181776006539956
Ghana,GHA,2022-05-01,27.16,9.4,5,27.452,6.771000000000001,10,10,-0.291999999999998,38.827351942106034,0.2428034263771965
Ghana,GHA,2022-06-01,26.02,11.64,6,26.095,7.418000000000001,10,10,-0.0749999999999992,56.91561067673226,0.2970780533836611
Ghana,GHA,2022-07-01,24.7,1.7,7,24.848000000000003,3.185,10,10,-0.1480000000000032,-46.62480376766091,0.25779068550497175
Ghana,GHA,2022-08-01,23.61,2.24,8,24.37,1.638,10,10,-0.759999999999998,36.75213675213677,0.3104273504273502
Ghana,GHA,2022-09-01,24.9,4.84,9,25.262,4.1,10,10,-0.3620000000000019,18.048780487804887,0.15057723577235807
Ghana,GHA,2022-10-01,26.14,5.5,10,26.344,6.041,10,10,-0.2040000000000006,-8.95547094851845,0.07877735474259234
Ghana,GHA,2022-11-01,26.84,3.01,11,27.197,2.989,10,10,-0.3569999999999957,0.702576112412175,0.06301288056206016
Ghana,GHA,2022-12-01,26.77,1.58,12,27.534,0.9469999999999998,10,10,-0.7640000000000029,66.84266103484691,0.4615466385075684
Ghana,GHA,2023-01-01,27.28,0.98,1,27.476,0.962,10,10,-0.1959999999999979,1.871101871101873,0.04202217602217568
Ghana,GHA,2023-02-01,27.79,1.13,2,28.006,1.6960000000000002,10,10,-0.216000000000001,-33.372641509433976,0.20286320754717005
Ghana,GHA,2023-03-01,27.78,5.25,3,27.917,4.605,10,10,-0.1370000000000004,14.006514657980468,0.09286590662323574
Ghana,GHA,2023-04-01,27.65,7.41,4,27.826,4.893,10,10,-0.1760000000000019,51.44083384426733,0.2865375025546703
Ghana,GHA,2023-05-01,27.7,6.17,5,27.452,6.771000000000001,10,10,0.2480000000000011,-8.876089203958069,0.08571377935312385
Ghana,GHA,2023-06-01,26.02,7.4,6,26.095,7.418000000000001,10,10,-0.0749999999999992,-0.2426530062011415,0.013713265031005575
Ghana,GHA,2023-07-01,25.47,8.3,7,24.848000000000003,3.185,10,10,0.6219999999999963,160.59654631083205,0.603666666666666
Ghana,GHA,2023-08-01,25.03,2.0,8,24.37,1.638,10,10,0.6600000000000037,22.100122100122107,0.22050061050061115
Ghana,GHA,2023-09-01,25.71,4.75,9,25.262,4.1,10,10,0.4480000000000004,15.853658536585376,0.15393495934959361
Ghana,GHA,2023-10-01,26.73,5.38,10,26.344,6.041,10,10,0.3859999999999992,-10.941897036914412,0.11904281851790527
Ghana,GHA,2023-11-01,27.32,5.82,11,27.197,2.989,10,10,0.1230000000000046,94.7139511542322,0.49406975577116174
Ghana,GHA,2023-12-01,27.93,0.73,12,27.534,0.9469999999999998,10,10,0.3959999999999972,-22.914466737064405,0.18057233368532155
Ghana,GHA,2024-01-01,28.24,1.25,1,27.476,0.962,10,10,0.7639999999999993,29.937629937629943,0.27702148302148294
Ghana,GHA,2024-02-01,28.46,1.63,2,28.006,1.6960000000000002,10,10,0.4540000000000006,-3.89150943396228,0.09512421383647818
Ghana,GHA,2024-03-01,28.38,6.84,3,27.917,4.605,10,10,0.4629999999999974,48.5342019543974,0.31983767643865324
Ghana,GHA,2024-04-01,28.66,5.06,4,27.826,4.893,10,10,0.8339999999999996,3.413039035356628,0.15606519517678308
Ghana,GHA,2024-05-01,28.2,7.57,5,27.452,6.771000000000001,10,10,0.7480000000000011,11.800324915079004,0.18366829124206188
Ghana,GHA,2024-06-01,26.59,9.01,6,26.095,7.418000000000001,10,10,0.495000000000001,21.461310326233463,0.1898065516311675
Ghana,GHA,2024-07-01,24.98,1.71,7,24.848000000000003,3.185,10,10,0.1319999999999979,-46.31083202511774,0.25355416012558835
Ghana,GHA,2024-08-01,24.45,1.09,8,24.37,1.638,10,10,0.0800000000000018,-33.45543345543345,0.18061050061050088
Ghana,GHA,2024-09-01,25.33,2.25,9,25.262,4.1,10,10,0.0679999999999978,-45.12195121951219,0.23694308943089393
Ghana,GHA,2024-10-01,26.38,8.58,10,26.344,6.041,10,10,0.0359999999999978,42.02946532031122,0.21614732660155572
Ghana,GHA,2024-11-01,27.33,1.98,11,27.197,2.989,10,10,0.1330000000000026,-33.757109401137505,0.1909522136723546
Ghana,GHA,2024-12-01,27.85,0.26,12,27.534,0.9469999999999998,10,10,0.3159999999999989,-72.54487856388594,0.41539105948609617
Ghana,GHA,2025-01-01,27.75,1.34,1,27.476,0.962,10,10,0.2740000000000009,39.293139293139305,0.24213236313236336
Ghana,GHA,2025-02-01,27.84,3.43,2,28.006,1.6960000000000002,10,10,-0.1660000000000003,102.24056603773585,0.5276666666666667
Ghana,GHA,2025-03-01,28.03,4.87,3,27.917,4.605,10,10,0.1129999999999995,5.754614549402836,0.04760640608034743
Ghana,GHA,2025-04-01,27.86,4.93,4,27.826,4.893,10,10,0.0339999999999989,0.7561823012466774,0.00944757817289987
Ghana,GHA,2025-05-01,27.5,7.13,5,27.452,6.771000000000001,10,10,0.0480000000000018,5.302023334810206,0.03451011667405133
Ghana,GHA,2025-06-01,26.54,10.67,6,26.095,7.418000000000001,10,10,0.4450000000000003,43.83930978700456,0.29336321560168954
Ghana,GHA,2025-07-01,24.38,0.98,7,24.848000000000003,3.185,10,10,-0.4680000000000035,-69.23076923076923,0.4241538461538467
Ghana,GHA,2025-08-01,23.88,1.45,8,24.37,1.638,10,10,-0.4899999999999984,-11.477411477411474,0.13905372405372377
Ghana,GHA,2025-09-01,25.18,4.29,9,25.262,4.1,10,10,-0.0820000000000007,4.634146341463424,0.03683739837398391
Ghana,GHA,2025-10-01,26.16,6.84,10,26.344,6.041,10,10,-0.184000000000001,13.22628703856978,0.09679810185951572
Ghana,GHA,2025-11-01,26.92,4.85,11,27.197,2.989,10,10,-0.2769999999999939,62.26162596186015,0.35747479647596636
Ghana,GHA,2025-12-01,27.19,3.38,12,27.534,0.9469999999999998,10,10,-0.3440000000000012,256.9165786694826,0.5573333333333336
Ghana,GHA,2026-01-01,27.32,1.63,1,27.476,0.962,10,10,-0.1559999999999988,69.43866943866944,0.37319334719334696
Ghana,GHA,2026-02-01,27.32,4.35,2,28.006,1.6960000000000002,10,10,-0.6859999999999999,156.4858490566037,0.6143333333333333
Ghana,GHA,2026-03-01,27.5,4.59,3,27.917,4.605,10,10,-0.4170000000000016,-0.3257328990227944,0.07112866449511424
Ghana,GHA,2026-04-01,27.88,5.67,4,27.826,4.893,10,10,0.0539999999999984,15.87982832618026,0.08839914163090103
Ghana,GHA,2026-05-01,27.71,10.24,5,27.452,6.771000000000001,10,10,0.2580000000000026,51.233200413528266,0.29916600206764177
Ghana,GHA,2026-06-01,26.6,16.74,6,26.095,7.418000000000001,10,10,0.5050000000000026,125.66729576705306,0.5841666666666671
Ghana,GHA,2026-07-01,25.11,2.1,7,24.848000000000003,3.185,10,10,0.2619999999999969,-34.06593406593406,0.21399633699633644
Ghana,GHA,2026-08-01,24.51,2.5,8,24.37,1.638,10,10,0.1400000000000041,52.62515262515264,0.28645909645909723
Ghana,GHA,2026-09-01,,,9,25.262,4.1,10,10,,,
Ghana,GHA,2026-10-01,,,10,26.344,6.041,10,10,,,
Guinea,GIN,2015-01-01,26.79,0.0,1,27.593,0.003,10,10,-0.8030000000000008,-100.0,0.6338333333333335
Guinea,GIN,2015-02-01,27.04,0.0,2,27.675,0.011,10,10,-0.6350000000000016,-100.0,0.6058333333333336
Guinea,GIN,2015-03-01,26.92,0.0,3,27.451,0.043,10,10,-0.5309999999999988,-100.0,0.5884999999999998
Guinea,GIN,2015-04-01,27.06,0.07,4,27.684,0.407,10,10,-0.6239999999999988,-82.80098280098281,0.5180049140049138
Guinea,GIN,2015-05-01,27.44,9.5,5,27.762,5.984,10,10,-0.3219999999999992,58.7566844919786,0.34745008912655956
Guinea,GIN,2015-06-01,26.71,17.73,6,27.185,15.312,10,10,-0.4750000000000014,15.791536050156736,0.1581243469174506
Guinea,GIN,2015-07-01,26.35,50.06,7,26.467,44.878,10,10,-0.1170000000000008,11.546860377022156,0.0772343018851109
Guinea,GIN,2015-08-01,26.28,33.89,8,26.238,38.372,10,10,0.0420000000000015,-11.68039195246534,0.06540195976232696
Guinea,GIN,2015-09-01,26.28,23.75,9,26.536,20.263,10,10,-0.2560000000000002,17.208705522380704,0.12871019427857022
Guinea,GIN,2015-10-01,27.04,8.41,10,27.194,9.752,10,10,-0.1539999999999999,-13.761279737489737,0.09447306535411533
Guinea,GIN,2015-11-01,27.81,1.22,11,27.876,2.487,10,10,-0.0659999999999989,-50.94491355046241,0.2657245677523119
Guinea,GIN,2015-12-01,27.12,0.0,12,27.764,0.03,10,10,-0.6439999999999984,-100.0,0.6073333333333331
Guinea,GIN,2016-01-01,27.59,0.02,1,27.593,0.003,10,10,-0.0030000000000001,566.6666666666667,0.5005000000000001
Guinea,GIN,2016-02-01,27.56,0.0,2,27.675,0.011,10,10,-0.1150000000000019,-100.0,0.519166666666667
Guinea,GIN,2016-03-01,27.96,0.0,3,27.451,0.043,10,10,0.5090000000000003,-100.0,0.5848333333333334
Guinea,GIN,2016-04-01,27.61,0.77,4,27.684,0.407,10,10,-0.073999999999998,89.18918918918918,0.45827927927927886
Guinea,GIN,2016-05-01,27.12,2.03,5,27.762,5.984,10,10,-0.6419999999999995,-66.07620320855615,0.4373810160427807
Guinea,GIN,2016-06-01,26.71,44.54,6,27.185,15.312,10,10,-0.4750000000000014,190.8829676071055,0.5791666666666669
Guinea,GIN,2016-07-01,26.07,82.27,7,26.467,44.878,10,10,-0.397000000000002,83.31922099915326,0.48276277166243325
Guinea,GIN,2016-08-01,25.95,36.21,8,26.238,38.372,10,10,-0.2880000000000002,-5.634316689252578,0.07617158344626293
Guinea,GIN,2016-09-01,26.23,40.79,9,26.536,20.263,10,10,-0.3060000000000009,101.30286729506986,0.5510000000000002
Guinea,GIN,2016-10-01,27.12,5.01,10,27.194,9.752,10,10,-0.073999999999998,-48.6259228876128,0.255462947771397
Guinea,GIN,2016-11-01,27.81,2.0,11,27.876,2.487,10,10,-0.0659999999999989,-19.58182549256132,0.10890912746280643
Guinea,GIN,2016-12-01,27.62,0.0,12,27.764,0.03,10,10,-0.1439999999999983,-100.0,0.5239999999999997
Guinea,GIN,2017-01-01,27.64,0.0,1,27.593,0.003,10,10,0.0470000000000006,-100.0,0.5078333333333335
Guinea,GIN,2017-02-01,27.49,0.0,2,27.675,0.011,10,10,-0.1850000000000022,-100.0,0.5308333333333337
Guinea,GIN,2017-03-01,27.13,0.04,3,27.451,0.043,10,10,-0.3210000000000015,-6.976744186046502,0.08838372093023275
Guinea,GIN,2017-04-01,27.71,0.52,4,27.684,0.407,10,10,0.0260000000000033,27.76412776412776,0.1431539721539727
Guinea,GIN,2017-05-01,27.85,6.2,5,27.762,5.984,10,10,0.0880000000000009,3.609625668449201,0.03271479500891282
Guinea,GIN,2017-06-01,27.2,18.67,6,27.185,15.312,10,10,0.014999999999997,21.930512016718914,0.11215256008359407
Guinea,GIN,2017-07-01,26.42,43.83,7,26.467,44.878,10,10,-0.0470000000000006,-2.335219929586884,0.019509432981267852
Guinea,GIN,2017-08-01,26.28,51.14,8,26.238,38.372,10,10,0.0420000000000015,33.27426248306057,0.1733713124153031
Guinea,GIN,2017-09-01,26.71,12.06,9,26.536,20.263,10,10,0.1739999999999995,-40.48265311158268,0.2314132655579133
Guinea,GIN,2017-10-01,27.22,3.9,10,27.194,9.752,10,10,0.0259999999999998,-60.00820344544708,0.3043743505605687
Guinea,GIN,2017-11-01,27.51,5.73,11,27.876,2.487,10,10,-0.3659999999999961,130.39806996381182,0.5609999999999994
Guinea,GIN,2017-12-01,27.14,0.0,12,27.764,0.03,10,10,-0.6239999999999988,-100.0,0.6039999999999998
Guinea,GIN,2018-01-01,26.53,0.0,1,27.593,0.003,10,10,-1.0629999999999988,-100.0,0.6771666666666665
Guinea,GIN,2018-02-01,26.4,0.11,2,27.675,0.011,10,10,-1.275000000000002,900.0000000000002,0.7125000000000004
Guinea,GIN,2018-03-01,26.45,0.06,3,27.451,0.043,10,10,-1.0010000000000012,39.53488372093024,0.3645077519379847
Guinea,GIN,2018-04-01,26.96,0.0,4,27.684,0.407,10,10,-0.7239999999999966,-100.0,0.6206666666666661
Guinea,GIN,2018-05-01,27.11,0.31,5,27.762,5.984,10,10,-0.652000000000001,-94.81951871657756,0.5827642602495546
Guinea,GIN,2018-06-01,26.67,10.56,6,27.185,15.312,10,10,-0.5150000000000006,-31.03448275862069,0.24100574712643688
Guinea,GIN,2018-07-01,26.1,24.9,7,26.467,44.878,10,10,-0.3670000000000009,-44.516244039395694,0.28374788686364527
Guinea,GIN,2018-08-01,25.87,47.08,8,26.238,38.372,10,10,-0.3679999999999985,22.69363077243823,0.17480148719552424
Guinea,GIN,2018-09-01,26.26,27.54,9,26.536,20.263,10,10,-0.2759999999999998,35.91274737205745,0.22556373686028722
Guinea,GIN,2018-10-01,27.04,9.91,10,27.194,9.752,10,10,-0.1539999999999999,1.620180475799849,0.03376756904566589
Guinea,GIN,2018-11-01,27.59,5.05,11,27.876,2.487,10,10,-0.2859999999999978,103.05589063128268,0.5476666666666663
Guinea,GIN,2018-12-01,27.44,0.01,12,27.764,0.03,10,10,-0.323999999999998,-66.66666666666666,0.3873333333333329
Guinea,GIN,2019-01-01,27.43,0.0,1,27.593,0.003,10,10,-0.1630000000000002,-100.0,0.5271666666666667
Guinea,GIN,2019-02-01,27.58,0.0,2,27.675,0.011,10,10,-0.0950000000000024,-100.0,0.5158333333333337
Guinea,GIN,2019-03-01,27.4,0.0,3,27.451,0.043,10,10,-0.0510000000000019,-100.0,0.5085000000000003
Guinea,GIN,2019-04-01,27.65,0.18,4,27.684,0.407,10,10,-0.0339999999999989,-55.77395577395578,0.28453644553644536
Guinea,GIN,2019-05-01,27.76,0.17,5,27.762,5.984,10,10,-0.0019999999999988,-97.1590909090909,0.48612878787878766
Guinea,GIN,2019-06-01,27.47,6.09,6,27.185,15.312,10,10,0.2849999999999966,-60.22727272727273,0.3486363636363631
Guinea,GIN,2019-07-01,26.47,55.02,7,26.467,44.878,10,10,0.0029999999999965,22.59904630331121,0.11349523151655547
Guinea,GIN,2019-08-01,26.06,61.07,8,26.238,38.372,10,10,-0.1780000000000008,59.1525070363807,0.32542920184857027
Guinea,GIN,2019-09-01,26.54,12.84,9,26.536,20.263,10,10,0.0039999999999977,-36.63327246705818,0.18383302900195717
Guinea,GIN,2019-10-01,27.09,10.83,10,27.194,9.752,10,10,-0.1039999999999992,11.054142739950793,0.07260404703308716
Guinea,GIN,2019-11-01,27.63,4.96,11,27.876,2.487,10,10,-0.2459999999999986,99.43707277844791,0.5381853638922394
Guinea,GIN,2019-12-01,27.95,0.0,12,27.764,0.03,10,10,0.1859999999999999,-100.0,0.531
Guinea,GIN,2020-01-01,27.54,0.01,1,27.593,0.003,10,10,-0.0530000000000008,233.33333333333331,0.5088333333333335
Guinea,GIN,2020-02-01,28.37,0.0,2,27.675,0.011,10,10,0.6950000000000003,-100.0,0.6158333333333333
Guinea,GIN,2020-03-01,28.36,0.02,3,27.451,0.043,10,10,0.9089999999999988,-53.48837209302325,0.41894186046511606
Guinea,GIN,2020-04-01,28.43,1.77,4,27.684,0.407,10,10,0.7460000000000022,334.8894348894349,0.6243333333333337
Guinea,GIN,2020-05-01,27.85,9.68,5,27.762,5.984,10,10,0.0880000000000009,61.764705882352935,0.3234901960784315
Guinea,GIN,2020-06-01,27.41,4.14,6,27.185,15.312,10,10,0.2249999999999978,-72.96238244514106,0.40231191222570495
Guinea,GIN,2020-07-01,26.4,37.44,7,26.467,44.878,10,10,-0.0670000000000037,-16.5738223628504,0.09403577848091928
Guinea,GIN,2020-08-01,25.95,18.43,8,26.238,38.372,10,10,-0.2880000000000002,-51.97018659439174,0.30785093297195876
Guinea,GIN,2020-09-01,26.4,6.24,9,26.536,20.263,10,10,-0.1360000000000027,-69.20495484380397,0.368691440885687
Guinea,GIN,2020-10-01,27.35,7.3,10,27.194,9.752,10,10,0.1560000000000023,-25.14356029532403,0.15171780147662053
Guinea,GIN,2020-11-01,28.28,0.13,11,27.876,2.487,10,10,0.4040000000000034,-94.77281865701649,0.5411974266184163
Guinea,GIN,2020-12-01,28.65,0.0,12,27.764,0.03,10,10,0.8859999999999992,-100.0,0.6476666666666665
Guinea,GIN,2021-01-01,28.34,0.0,1,27.593,0.003,10,10,0.7469999999999999,-100.0,0.6244999999999999
Guinea,GIN,2021-02-01,27.98,0.0,2,27.675,0.011,10,10,0.3049999999999997,-100.0,0.5508333333333333
Guinea,GIN,2021-03-01,27.49,0.0,3,27.451,0.043,10,10,0.0389999999999979,-100.0,0.5064999999999996
Guinea,GIN,2021-04-01,27.85,0.16,4,27.684,0.407,10,10,0.1660000000000039,-60.68796068796068,0.33110647010647076
Guinea,GIN,2021-05-01,27.43,5.91,5,27.762,5.984,10,10,-0.3320000000000007,-1.236631016042778,0.06151648841354734
Guinea,GIN,2021-06-01,27.27,15.1,6,27.185,15.312,10,10,0.0849999999999973,-1.3845350052246703,0.021089341692789566
Guinea,GIN,2021-07-01,26.49,64.32,7,26.467,44.878,10,10,0.0229999999999961,43.32189491510315,0.22044280790884843
Guinea,GIN,2021-08-01,26.34,61.45,8,26.238,38.372,10,10,0.1020000000000003,60.14281246742416,0.31771406233712085
Guinea,GIN,2021-09-01,26.74,23.67,9,26.536,20.263,10,10,0.203999999999997,16.81389725114743,0.11806948625573666
Guinea,GIN,2021-10-01,27.33,15.83,10,27.194,9.752,10,10,0.1359999999999992,62.32567678424941,0.3342950505879136
Guinea,GIN,2021-11-01,27.85,0.95,11,27.876,2.487,10,10,-0.0259999999999962,-61.80136710896663,0.31334016887816585
Guinea,GIN,2021-12-01,28.31,0.0,12,27.764,0.03,10,10,0.5459999999999994,-100.0,0.5909999999999999
Guinea,GIN,2022-01-01,28.26,0.0,1,27.593,0.003,10,10,0.6670000000000016,-100.0,0.611166666666667
Guinea,GIN,2022-02-01,27.79,0.0,2,27.675,0.011,10,10,0.1149999999999984,-100.0,0.5191666666666664
Guinea,GIN,2022-03-01,27.38,0.0,3,27.451,0.043,10,10,-0.0710000000000015,-100.0,0.5118333333333336
Guinea,GIN,2022-04-01,27.09,0.04,4,27.684,0.407,10,10,-0.5939999999999976,-90.17199017199016,0.5498599508599504
Guinea,GIN,2022-05-01,28.08,2.43,5,27.762,5.984,10,10,0.3179999999999978,-59.39171122994652,0.34995855614973226
Guinea,GIN,2022-06-01,27.17,6.03,6,27.185,15.312,10,10,-0.0150000000000005,-60.61912225705328,0.30559561128526647
Guinea,GIN,2022-07-01,26.44,35.46,7,26.467,44.878,10,10,-0.027000000000001,-20.985783680199653,0.10942891840099843
Guinea,GIN,2022-08-01,26.12,30.69,8,26.238,38.372,10,10,-0.1179999999999985,-20.019806108620863,0.11976569720977073
Guinea,GIN,2022-09-01,26.35,17.46,9,26.536,20.263,10,10,-0.1859999999999999,-13.83309480333612,0.10016547401668059
Guinea,GIN,2022-10-01,27.1,10.4,10,27.194,9.752,10,10,-0.0939999999999976,6.644790812141115,0.04889062072737184
Guinea,GIN,2022-11-01,27.64,1.83,11,27.876,2.487,10,10,-0.2359999999999971,-26.417370325693607,0.1714201849618009
Guinea,GIN,2022-12-01,27.84,0.22,12,27.764,0.03,10,10,0.0760000000000005,633.3333333333333,0.5126666666666667
Guinea,GIN,2023-01-01,27.44,0.0,1,27.593,0.003,10,10,-0.1529999999999987,-100.0,0.5254999999999997
Guinea,GIN,2023-02-01,27.62,0.0,2,27.675,0.011,10,10,-0.0549999999999997,-100.0,0.5091666666666667
Guinea,GIN,2023-03-01,27.03,0.31,3,27.451,0.043,10,10,-0.4209999999999994,620.9302325581397,0.5701666666666666
Guinea,GIN,2023-04-01,28.1,0.39,4,27.684,0.407,10,10,0.4160000000000039,-4.176904176904181,0.09021785421785489
Guinea,GIN,2023-05-01,28.01,19.24,5,27.762,5.984,10,10,0.2480000000000011,221.52406417112297,0.5413333333333336
Guinea,GIN,2023-06-01,27.37,13.51,6,27.185,15.312,10,10,0.1849999999999987,-11.76854754440962,0.08967607105538121
Guinea,GIN,2023-07-01,27.04,25.85,7,26.467,44.878,10,10,0.5729999999999968,-42.39939391238469,0.3074969695619229
Guinea,GIN,2023-08-01,26.88,19.73,8,26.238,38.372,10,10,0.6419999999999995,-48.58229959345356,0.3499114979672677
Guinea,GIN,2023-09-01,27.25,16.62,9,26.536,20.263,10,10,0.7139999999999986,-17.978581651285584,0.2088929082564277
Guinea,GIN,2023-10-01,27.45,15.87,10,27.194,9.752,10,10,0.2560000000000002,62.73584905660379,0.3563459119496856
Guinea,GIN,2023-11-01,28.08,2.4,11,27.876,2.487,10,10,0.2040000000000006,-3.49819059107359,0.051490952955368055
Guinea,GIN,2023-12-01,27.68,0.07,12,27.764,0.03,10,10,-0.0839999999999996,133.33333333333331,0.5139999999999999
Guinea,GIN,2024-01-01,28.37,0.0,1,27.593,0.003,10,10,0.777000000000001,-100.0,0.6295000000000002
Guinea,GIN,2024-02-01,28.92,0.0,2,27.675,0.011,10,10,1.245000000000001,-100.0,0.7075000000000001
Guinea,GIN,2024-03-01,28.39,0.0,3,27.451,0.043,10,10,0.939,-100.0,0.6565
Guinea,GIN,2024-04-01,28.38,0.17,4,27.684,0.407,10,10,0.6960000000000015,-58.23095823095823,0.4071547911547914
Guinea,GIN,2024-05-01,28.97,4.37,5,27.762,5.984,10,10,1.2079999999999984,-26.97192513368984,0.33619295900178225
Guinea,GIN,2024-06-01,27.87,16.75,6,27.185,15.312,10,10,0.6849999999999987,9.391327063740848,0.1611233019853707
Guinea,GIN,2024-07-01,26.89,29.63,7,26.467,44.878,10,10,0.4229999999999982,-33.976558670172466,0.24038279335086202
Guinea,GIN,2024-08-01,26.65,24.03,8,26.238,38.372,10,10,0.411999999999999,-37.37621182111957,0.25554772577226437
Guinea,GIN,2024-09-01,26.6,21.66,9,26.536,20.263,10,10,0.064,6.894339436411204,0.04513836384872268
Guinea,GIN,2024-10-01,27.2,10.06,10,27.194,9.752,10,10,0.0060000000000002,3.158326497128811,0.016791632485644088
Guinea,GIN,2024-11-01,28.56,0.6,11,27.876,2.487,10,10,0.684000000000001,-75.8745476477684,0.49337273823884215
Guinea,GIN,2024-12-01,27.89,0.0,12,27.764,0.03,10,10,0.1260000000000012,-100.0,0.5210000000000002
Guinea,GIN,2025-01-01,28.37,0.15,1,27.593,0.003,10,10,0.777000000000001,4899.999999999999,0.6295000000000002
Guinea,GIN,2025-02-01,27.98,0.0,2,27.675,0.011,10,10,0.3049999999999997,-100.0,0.5508333333333333
Guinea,GIN,2025-03-01,27.09,0.05,3,27.451,0.043,10,10,-0.3610000000000006,16.279069767441875,0.14156201550387615
Guinea,GIN,2025-04-01,28.08,0.26,4,27.684,0.407,10,10,0.3960000000000008,-36.117936117936125,0.24658968058968073
Guinea,GIN,2025-05-01,28.33,0.31,5,27.762,5.984,10,10,0.5679999999999978,-94.81951871657756,0.5687642602495542
Guinea,GIN,2025-06-01,28.12,2.61,6,27.185,15.312,10,10,0.9349999999999988,-82.95454545454545,0.5706060606060605
Guinea,GIN,2025-07-01,26.49,43.09,7,26.467,44.878,10,10,0.0229999999999961,-3.984134765363868,0.02375400716015202
Guinea,GIN,2025-08-01,26.36,45.32,8,26.238,38.372,10,10,0.1219999999999998,18.10695298655269,0.11086809826609675
Guinea,GIN,2025-09-01,26.73,20.1,9,26.536,20.263,10,10,0.193999999999999,-0.8044218526377966,0.036355442596522146
Guinea,GIN,2025-10-01,27.59,2.0,10,27.194,9.752,10,10,0.3960000000000008,-79.49138638228057,0.46345693191140297
Guinea,GIN,2025-11-01,27.94,1.7,11,27.876,2.487,10,10,0.0640000000000036,-31.644551668677124,0.16888942501005288
Guinea,GIN,2025-12-01,27.81,0.0,12,27.764,0.03,10,10,0.0459999999999993,-100.0,0.5076666666666666
Guinea,GIN,2026-01-01,28.45,0.0,1,27.593,0.003,10,10,0.8569999999999993,-100.0,0.6428333333333333
Guinea,GIN,2026-02-01,28.04,0.0,2,27.675,0.011,10,10,0.3649999999999984,-100.0,0.5608333333333331
Guinea,GIN,2026-03-01,27.73,0.0,3,27.451,0.043,10,10,0.2789999999999999,-100.0,0.5465
Guinea,GIN,2026-04-01,27.4,0.0,4,27.684,0.407,10,10,-0.2839999999999989,-100.0,0.5473333333333331
Guinea,GIN,2026-05-01,28.4,0.37,5,27.762,5.984,10,10,0.6379999999999981,-93.81684491978608,0.5754175579322635
Guinea,GIN,2026-06-01,28.12,4.5,6,27.185,15.312,10,10,0.9349999999999988,-70.61128526645768,0.5088897596656216
Guinea,GIN,2026-07-01,27.71,1.29,7,26.467,44.878,10,10,1.2429999999999986,-97.12554035384822,0.6927943684359076
Guinea,GIN,2026-08-01,27.41,0.97,8,26.238,38.372,10,10,1.1720000000000006,-97.47211508391536,0.6826939087529103
Guinea,GIN,2026-09-01,,,9,26.536,20.263,10,10,,,
Guinea,GIN,2026-10-01,,,10,27.194,9.752,10,10,,,
Kenya,KEN,2015-01-01,21.52,0.23,1,20.798,1.106,10,10,0.7220000000000013,-79.20433996383363,0.5163550331525018
Kenya,KEN,2015-02-01,21.99,1.86,2,21.785,0.891,10,10,0.2049999999999983,108.75420875420876,0.5341666666666663
Kenya,KEN,2015-03-01,21.65,0.81,3,22.114,1.764,10,10,-0.4639999999999986,-54.08163265306122,0.3477414965986392
Kenya,KEN,2015-04-01,21.24,2.84,4,20.762,3.673000000000001,10,10,0.477999999999998,-22.679008984481364,0.19306171158907315
Kenya,KEN,2015-05-01,19.88,1.2,5,19.515,1.7259999999999998,10,10,0.3649999999999984,-30.47508690614136,0.21320876786403986
Kenya,KEN,2015-06-01,19.25,0.83,6,19.02,0.784,10,10,0.2300000000000004,5.8673469387755,0.0676700680272109
Kenya,KEN,2015-07-01,19.33,0.37,7,18.867,0.469,10,10,0.4629999999999974,-21.1087420042644,0.18271037668798823
Kenya,KEN,2015-08-01,19.77,0.28,8,19.552,0.393,10,10,0.2179999999999999,-28.75318066157761,0.18009923664122135
Kenya,KEN,2015-09-01,21.06,0.16,9,20.625,0.512,10,10,0.4349999999999987,-68.75,0.4162499999999998
Kenya,KEN,2015-10-01,21.6,0.94,10,21.345,1.293,10,10,0.2550000000000025,-27.300850734725447,0.17900425367362766
Kenya,KEN,2015-11-01,20.7,2.92,11,20.445,2.729,10,10,0.254999999999999,6.998900696225717,0.07749450348112842
Kenya,KEN,2015-12-01,20.07,2.83,12,20.165,1.753,10,10,-0.0949999999999988,61.437535653166,0.32302101159916313
Kenya,KEN,2016-01-01,20.52,2.21,1,20.798,1.106,10,10,-0.2779999999999987,99.81916817359854,0.5454291742013258
Kenya,KEN,2016-02-01,21.4,1.05,2,21.785,0.891,10,10,-0.3850000000000015,17.845117845117848,0.15339225589225614
Kenya,KEN,2016-03-01,23.24,0.88,3,22.114,1.764,10,10,1.1260000000000012,-50.11337868480725,0.43823356009070313
Kenya,KEN,2016-04-01,21.21,2.71,4,20.762,3.673000000000001,10,10,0.4480000000000004,-26.218350122515663,0.20575841727924504
Kenya,KEN,2016-05-01,19.86,1.35,5,19.515,1.7259999999999998,10,10,0.3449999999999988,-21.78447276940902,0.1664223638470449
Kenya,KEN,2016-06-01,19.14,0.74,6,19.02,0.784,10,10,0.120000000000001,-5.612244897959188,0.048061224489796106
Kenya,KEN,2016-07-01,19.02,0.13,7,18.867,0.469,10,10,0.1529999999999987,-72.28144989339019,0.38690724946695076
Kenya,KEN,2016-08-01,19.16,0.29,8,19.552,0.393,10,10,-0.3919999999999994,-26.2086513994911,0.19637659033078875
Kenya,KEN,2016-09-01,20.1,0.33,9,20.625,0.512,10,10,-0.5249999999999986,-35.546875,0.26523437499999974
Kenya,KEN,2016-10-01,21.38,0.47,10,21.345,1.293,10,10,0.0350000000000001,-63.65042536736272,0.32408546017014694
Kenya,KEN,2016-11-01,20.11,3.19,11,20.445,2.729,10,10,-0.3350000000000008,16.892634664712343,0.1402965066568952
Kenya,KEN,2016-12-01,20.29,0.69,12,20.165,1.753,10,10,0.125,-60.63890473474045,0.32402785700703557
Kenya,KEN,2017-01-01,21.55,0.18,1,20.798,1.106,10,10,0.7520000000000024,-83.7251356238698,0.5439590114526828
Kenya,KEN,2017-02-01,21.98,0.55,2,21.785,0.891,10,10,0.1950000000000002,-38.2716049382716,0.22385802469135804
Kenya,KEN,2017-03-01,23.14,0.44,3,22.114,1.764,10,10,1.0260000000000034,-75.05668934240363,0.5462834467120187
Kenya,KEN,2017-04-01,21.45,1.38,4,20.762,3.673000000000001,10,10,0.6879999999999988,-62.42853253471278,0.42680932934023036
Kenya,KEN,2017-05-01,19.5,2.84,5,19.515,1.7259999999999998,10,10,-0.0150000000000005,64.54229432213211,0.3252114716106606
Kenya,KEN,2017-06-01,19.67,0.26,6,19.02,0.784,10,10,0.6500000000000021,-66.83673469387756,0.4425170068027215
Kenya,KEN,2017-07-01,19.34,0.53,7,18.867,0.469,10,10,0.472999999999999,13.00639658848614,0.14386531627576388
Kenya,KEN,2017-08-01,19.66,0.38,8,19.552,0.393,10,10,0.1080000000000005,-3.307888040712471,0.034539440203562435
Kenya,KEN,2017-09-01,20.34,0.52,9,20.625,0.512,10,10,-0.2850000000000001,1.562500000000001,0.05531250000000002
Kenya,KEN,2017-10-01,21.57,1.05,10,21.345,1.293,10,10,0.2250000000000014,-18.793503480278414,0.13146751740139231
Kenya,KEN,2017-11-01,20.0,2.27,11,20.445,2.729,10,10,-0.4450000000000003,-16.819347746427265,0.15826340539880304
Kenya,KEN,2017-12-01,20.85,0.38,12,20.165,1.753,10,10,0.6850000000000023,-78.32287507130634,0.5057810420231987
Kenya,KEN,2018-01-01,21.99,0.24,1,20.798,1.106,10,10,1.1920000000000002,-78.30018083182641,0.5901675708257987
Kenya,KEN,2018-02-01,22.27,0.23,2,21.785,0.891,10,10,0.4849999999999994,-74.18630751964086,0.4517648709315375
Kenya,KEN,2018-03-01,19.4,6.48,3,22.114,1.764,10,10,-2.713999999999998,267.34693877551024,0.952333333333333
Kenya,KEN,2018-04-01,18.83,6.99,4,20.762,3.673000000000001,10,10,-1.9320000000000024,90.30765042199836,0.7735382521099923
Kenya,KEN,2018-05-01,17.89,2.91,5,19.515,1.7259999999999998,10,10,-1.625,68.59791425260721,0.6138229045963693
Kenya,KEN,2018-06-01,17.68,0.87,6,19.02,0.784,10,10,-1.34,10.969387755102035,0.27818027210884355
Kenya,KEN,2018-07-01,17.52,0.43,7,18.867,0.469,10,10,-1.3470000000000013,-8.315565031982949,0.26607782515991496
Kenya,KEN,2018-08-01,18.84,0.51,8,19.552,0.393,10,10,-0.7119999999999997,29.77099236641221,0.2675216284987277
Kenya,KEN,2018-09-01,20.47,0.3,9,20.625,0.512,10,10,-0.1550000000000011,-41.40625000000001,0.23286458333333354
Kenya,KEN,2018-10-01,20.78,1.08,10,21.345,1.293,10,10,-0.5649999999999977,-16.473317865429223,0.17653325599381242
Kenya,KEN,2018-11-01,21.0,1.41,11,20.445,2.729,10,10,0.5549999999999997,-48.3327226090143,0.3341636130450714
Kenya,KEN,2018-12-01,20.07,2.81,12,20.165,1.753,10,10,-0.0949999999999988,60.29663434112948,0.31731650503898057
Kenya,KEN,2019-01-01,20.91,0.67,1,20.798,1.106,10,10,0.1120000000000018,-39.42133815551537,0.21577335744424384
Kenya,KEN,2019-02-01,22.45,0.18,2,21.785,0.891,10,10,0.6649999999999991,-79.7979797979798,0.5098232323232322
Kenya,KEN,2019-03-01,23.56,0.29,3,22.114,1.764,10,10,1.4460000000000015,-83.56009070294785,0.6588004535147395
Kenya,KEN,2019-04-01,22.85,1.18,4,20.762,3.673000000000001,10,10,2.088000000000001,-67.87367274707323,0.6873683637353663
Kenya,KEN,2019-05-01,20.09,1.53,5,19.515,1.7259999999999998,10,10,0.5749999999999993,-11.355735805330228,0.15261201235998437
Kenya,KEN,2019-06-01,19.03,1.84,6,19.02,0.784,10,10,0.0100000000000015,134.6938775510204,0.5016666666666669
Kenya,KEN,2019-07-01,19.6,0.49,7,18.867,0.469,10,10,0.7330000000000005,4.4776119402985,0.14455472636815925
Kenya,KEN,2019-08-01,20.03,0.39,8,19.552,0.393,10,10,0.4780000000000015,-0.7633587786259549,0.08348346055979669
Kenya,KEN,2019-09-01,20.98,0.42,9,20.625,0.512,10,10,0.3550000000000004,-17.968750000000007,0.14901041666666678
Kenya,KEN,2019-10-01,20.09,4.43,10,21.345,1.293,10,10,-1.254999999999999,242.6140757927301,0.7091666666666665
Kenya,KEN,2019-11-01,19.99,2.79,11,20.445,2.729,10,10,-0.4550000000000018,2.2352510076951244,0.08700958837180925
Kenya,KEN,2019-12-01,19.77,3.14,12,20.165,1.753,10,10,-0.3949999999999996,79.12150598973189,0.4614408632819927
Kenya,KEN,2020-01-01,20.13,2.88,1,20.798,1.106,10,10,-0.6679999999999993,160.39783001808314,0.6113333333333332
Kenya,KEN,2020-02-01,20.73,1.24,2,21.785,0.891,10,10,-1.0549999999999995,39.16947250280584,0.37168069584736246
Kenya,KEN,2020-03-01,21.15,3.44,3,22.114,1.764,10,10,-0.9639999999999986,95.01133786848072,0.63572335600907
Kenya,KEN,2020-04-01,19.98,7.13,4,20.762,3.673000000000001,10,10,-0.782,94.11924857065068,0.6009295761865867
Kenya,KEN,2020-05-01,18.67,1.03,5,19.515,1.7259999999999998,10,10,-0.8449999999999989,-40.32444959443799,0.3424555813055231
Kenya,KEN,2020-06-01,18.51,1.63,6,19.02,0.784,10,10,-0.509999999999998,107.9081632653061,0.5849999999999996
Kenya,KEN,2020-07-01,18.19,0.34,7,18.867,0.469,10,10,-0.6769999999999996,-27.50533049040512,0.2503599857853589
Kenya,KEN,2020-08-01,19.89,0.44,8,19.552,0.393,10,10,0.3380000000000009,11.959287531806613,0.11612977099236654
Kenya,KEN,2020-09-01,20.19,1.33,9,20.625,0.512,10,10,-0.4349999999999987,159.765625,0.5724999999999998
Kenya,KEN,2020-10-01,21.33,2.31,10,21.345,1.293,10,10,-0.0150000000000005,78.65429234338748,0.39577146171693744
Kenya,KEN,2020-11-01,20.2,2.8,11,20.445,2.729,10,10,-0.245000000000001,2.601685599120547,0.053841761328936234
Kenya,KEN,2020-12-01,19.98,1.32,12,20.165,1.753,10,10,-0.1849999999999987,-24.700513405590417,0.1543359003612852
Kenya,KEN,2021-01-01,20.56,0.61,1,20.798,1.106,10,10,-0.2379999999999995,-44.84629294755877,0.26389813140446045
Kenya,KEN,2021-02-01,21.04,1.52,2,21.785,0.891,10,10,-0.745000000000001,70.59483726150393,0.47714085297418646
Kenya,KEN,2021-03-01,21.96,0.6,3,22.114,1.764,10,10,-0.1539999999999963,-65.98639455782313,0.35559863945578174
Kenya,KEN,2021-04-01,20.86,2.64,4,20.762,3.673000000000001,10,10,0.0979999999999989,-28.124149196841824,0.15695407931754227
Kenya,KEN,2021-05-01,19.2,2.81,5,19.515,1.7259999999999998,10,10,-0.3150000000000013,62.804171494785656,0.3665208574739285
Kenya,KEN,2021-06-01,18.83,0.13,6,19.02,0.784,10,10,-0.1900000000000012,-83.41836734693877,0.4487585034013607
Kenya,KEN,2021-07-01,18.35,0.51,7,18.867,0.469,10,10,-0.5169999999999995,8.74200426439232,0.12987668798862817
Kenya,KEN,2021-08-01,19.32,0.45,8,19.552,0.393,10,10,-0.2319999999999993,14.50381679389313,0.1111857506361322
Kenya,KEN,2021-09-01,20.53,0.26,9,20.625,0.512,10,10,-0.0949999999999988,-49.21875,0.26192708333333314
Kenya,KEN,2021-10-01,21.65,0.57,10,21.345,1.293,10,10,0.3049999999999997,-55.91647331786543,0.33041569992266046
Kenya,KEN,2021-11-01,21.54,1.26,11,20.445,2.729,10,10,1.0949999999999989,-53.82924148039575,0.4516462074019786
Kenya,KEN,2021-12-01,19.67,2.82,12,20.165,1.753,10,10,-0.4949999999999974,60.86708499714773,0.3868354249857382
Kenya,KEN,2022-01-01,20.11,0.97,1,20.798,1.106,10,10,-0.6879999999999988,-12.296564195298382,0.17614948764315838
Kenya,KEN,2022-02-01,21.65,1.22,2,21.785,0.891,10,10,-0.1350000000000015,36.92480359147025,0.2071240179573515
Kenya,KEN,2022-03-01,22.86,0.6,3,22.114,1.764,10,10,0.7460000000000022,-65.98639455782313,0.45426530612244936
Kenya,KEN,2022-04-01,21.35,1.63,4,20.762,3.673000000000001,10,10,0.588000000000001,-55.62210726926219,0.3761105363463111
Kenya,KEN,2022-05-01,20.55,0.85,5,19.515,1.7259999999999998,10,10,1.035,-50.7531865585168,0.426265932792584
Kenya,KEN,2022-06-01,19.31,0.29,6,19.02,0.784,10,10,0.2899999999999991,-63.01020408163266,0.36338435374149647
Kenya,KEN,2022-07-01,18.47,0.63,7,18.867,0.469,10,10,-0.397000000000002,34.328358208955216,0.2378084577114431
Kenya,KEN,2022-08-01,18.76,0.5,8,19.552,0.393,10,10,-0.791999999999998,27.22646310432569,0.2681323155216281
Kenya,KEN,2022-09-01,19.45,0.94,9,20.625,0.512,10,10,-1.1750000000000007,83.59374999999999,0.6138020833333334
Kenya,KEN,2022-10-01,21.12,0.28,10,21.345,1.293,10,10,-0.2249999999999978,-78.34493426140757,0.4292246713070375
Kenya,KEN,2022-11-01,20.19,2.06,11,20.445,2.729,10,10,-0.254999999999999,-24.514474166361307,0.16507237083180637
Kenya,KEN,2022-12-01,20.3,1.08,12,20.165,1.753,10,10,0.1350000000000015,-38.391329150028525,0.21445664575014287
Kenya,KEN,2023-01-01,20.55,0.51,1,20.798,1.106,10,10,-0.2479999999999975,-53.8878842676311,0.31077275467148846
Kenya,KEN,2023-02-01,22.5,0.33,2,21.785,0.891,10,10,0.7149999999999999,-62.96296296296296,0.43398148148148147
Kenya,KEN,2023-03-01,21.84,1.35,3,22.114,1.764,10,10,-0.2739999999999973,-23.46938775510204,0.1630136054421764
Kenya,KEN,2023-04-01,20.14,3.58,4,20.762,3.673000000000001,10,10,-0.6219999999999999,-2.5319901987476285,0.11632661766040478
Kenya,KEN,2023-05-01,20.04,0.72,5,19.515,1.7259999999999998,10,10,0.5249999999999986,-58.285052143684815,0.3789252607184238
Kenya,KEN,2023-06-01,19.73,0.67,6,19.02,0.784,10,10,0.7100000000000009,-14.540816326530612,0.19103741496598653
Kenya,KEN,2023-07-01,19.53,0.22,7,18.867,0.469,10,10,0.6630000000000003,-53.09168443496802,0.37595842217484016
Kenya,KEN,2023-08-01,19.84,0.4,8,19.552,0.393,10,10,0.2880000000000002,1.781170483460561,0.05690585241730284
Kenya,KEN,2023-09-01,21.66,0.49,9,20.625,0.512,10,10,1.035,-4.296875000000004,0.19398437500000001
Kenya,KEN,2023-10-01,21.7,1.45,10,21.345,1.293,10,10,0.3550000000000004,12.142304717710752,0.11987819025522051
Kenya,KEN,2023-11-01,19.45,5.27,11,20.445,2.729,10,10,-0.995000000000001,93.11102968120188,0.6313884817393429
Kenya,KEN,2023-12-01,20.18,0.92,12,20.165,1.753,10,10,0.0150000000000005,-47.5185396463206,0.24009269823160306
Kenya,KEN,2024-01-01,20.14,2.56,1,20.798,1.106,10,10,-0.6579999999999977,131.4647377938517,0.6096666666666662
Kenya,KEN,2024-02-01,21.84,0.73,2,21.785,0.891,10,10,0.0549999999999997,-18.069584736251407,0.09951459034792365
Kenya,KEN,2024-03-01,22.34,2.75,3,22.114,1.764,10,10,0.2260000000000026,55.89569160997733,0.31714512471655376
Kenya,KEN,2024-04-01,19.71,6.65,4,20.762,3.673000000000001,10,10,-1.0519999999999996,81.05091206098555,0.580587893638261
Kenya,KEN,2024-05-01,19.47,2.02,5,19.515,1.7259999999999998,10,10,-0.0450000000000017,17.033603707995383,0.09266801853997719
Kenya,KEN,2024-06-01,19.05,0.58,6,19.02,0.784,10,10,0.0300000000000011,-26.020408163265312,0.13510204081632674
Kenya,KEN,2024-07-01,19.32,1.04,7,18.867,0.469,10,10,0.4529999999999994,121.74840085287846,0.5754999999999999
Kenya,KEN,2024-08-01,20.25,0.29,8,19.552,0.393,10,10,0.6980000000000004,-26.2086513994911,0.2473765903307889
Kenya,KEN,2024-09-01,21.47,0.37,9,20.625,0.512,10,10,0.8449999999999989,-27.734375,0.27950520833333314
Kenya,KEN,2024-10-01,22.23,0.35,10,21.345,1.293,10,10,0.8850000000000016,-72.93116782675946,0.5121558391337976
Kenya,KEN,2024-11-01,21.27,3.32,11,20.445,2.729,10,10,0.8249999999999993,21.65628435324293,0.24578142176621454
Kenya,KEN,2024-12-01,20.47,1.54,12,20.165,1.753,10,10,0.3049999999999997,-12.150598973188822,0.1115863281992774
Kenya,KEN,2025-01-01,21.34,1.11,1,20.798,1.106,10,10,0.5420000000000016,0.3616636528028936,0.09214165159734806
Kenya,KEN,2025-02-01,21.96,0.24,2,21.785,0.891,10,10,0.1750000000000007,-73.06397306397307,0.3944865319865321
Kenya,KEN,2025-03-01,22.02,2.49,3,22.114,1.764,10,10,-0.0939999999999976,41.15646258503403,0.2214489795918364
Kenya,KEN,2025-04-01,20.7,4.07,4,20.762,3.673000000000001,10,10,-0.0620000000000011,10.808603321535523,0.06437634994101113
Kenya,KEN,2025-05-01,20.15,1.13,5,19.515,1.7259999999999998,10,10,0.634999999999998,-34.53070683661645,0.27848686751641527
Kenya,KEN,2025-06-01,19.67,0.53,6,19.02,0.784,10,10,0.6500000000000021,-32.39795918367347,0.27032312925170104
Kenya,KEN,2025-07-01,19.29,0.47,7,18.867,0.469,10,10,0.4229999999999982,0.2132196162046791,0.0715660980810231
Kenya,KEN,2025-08-01,18.06,2.81,8,19.552,0.393,10,10,-1.4920000000000009,615.0127226463104,0.7486666666666668
Kenya,KEN,2025-09-01,20.63,0.18,9,20.625,0.512,10,10,0.004999999999999,-64.84375,0.3250520833333332
Kenya,KEN,2025-10-01,21.27,1.48,10,21.345,1.293,10,10,-0.0749999999999992,14.462490332559945,0.08481245166279959
Kenya,KEN,2025-11-01,20.75,0.82,11,20.445,2.729,10,10,0.3049999999999997,-69.9523635031147,0.4005951508489068
Kenya,KEN,2025-12-01,20.8,2.87,12,20.165,1.753,10,10,0.6350000000000016,63.71933827723901,0.4244300247195287
Kenya,KEN,2026-01-01,21.03,0.11,1,20.798,1.106,10,10,0.2320000000000028,-90.05424954792043,0.4889379144062693
Kenya,KEN,2026-02-01,21.67,4.33,2,21.785,0.891,10,10,-0.1149999999999984,385.9708193041526,0.5191666666666664
Kenya,KEN,2026-03-01,19.8,4.81,3,22.114,1.764,10,10,-2.3139999999999965,172.6757369614512,0.8856666666666662
Kenya,KEN,2026-04-01,20.2,2.96,4,20.762,3.673000000000001,10,10,-0.5620000000000012,-19.41192485706508,0.19072629095199226
Kenya,KEN,2026-05-01,19.85,1.21,5,19.515,1.7259999999999998,10,10,0.3350000000000008,-29.895712630359206,0.20531189648512949
Kenya,KEN,2026-06-01,19.75,0.18,6,19.02,0.784,10,10,0.7300000000000004,-77.04081632653063,0.5068707482993199
Kenya,KEN,2026-07-01,20.13,0.49,7,18.867,0.469,10,10,1.262999999999998,4.4776119402985,0.23288805970149215
Kenya,KEN,2026-08-01,20.08,0.37,8,19.552,0.393,10,10,0.5279999999999987,-5.852417302798988,0.11726208651399472
Kenya,KEN,2026-09-01,,,9,20.625,0.512,10,10,,,
Kenya,KEN,2026-10-01,,,10,21.345,1.293,10,10,,,
Liberia,LBR,2015-01-01,24.96,0.33,1,26.693,0.279,10,10,-1.7330000000000003,18.279569892473116,0.38023118279569895
Liberia,LBR,2015-02-01,26.01,2.47,2,27.419,0.784,10,10,-1.408999999999999,215.05102040816325,0.7348333333333331
Liberia,LBR,2015-03-01,26.83,1.59,3,27.682,1.228,10,10,-0.8520000000000003,29.478827361563525,0.28939413680781767
Liberia,LBR,2015-04-01,26.85,2.44,4,27.89,2.637,10,10,-1.0399999999999956,-7.4706105422829,0.2106863860447471
Liberia,LBR,2015-05-01,26.79,10.05,5,27.593,3.91,10,10,-0.8030000000000008,157.03324808184144,0.6338333333333335
Liberia,LBR,2015-06-01,25.31,18.37,6,26.298,9.515,10,10,-0.9880000000000032,93.0635838150289,0.6299845857418117
Liberia,LBR,2015-07-01,24.67,21.05,7,25.202,10.156,10,10,-0.532,107.26664040961008,0.5886666666666667
Liberia,LBR,2015-08-01,24.71,14.96,8,24.997,17.857,10,10,-0.286999999999999,-16.223329786638285,0.1289499822665246
Liberia,LBR,2015-09-01,25.08,11.9,9,25.429,11.834,10,10,-0.3490000000000037,0.5577150583065804,0.060955241958200186
Liberia,LBR,2015-10-01,25.72,17.07,10,26.051,9.043,10,10,-0.3309999999999995,88.76479044564859,0.49899061889490953
Liberia,LBR,2015-11-01,26.25,0.8,11,26.509,2.045,10,10,-0.2589999999999968,-60.880195599022,0.34756764466177614
Liberia,LBR,2015-12-01,24.68,0.28,12,26.646,0.423,10,10,-1.9659999999999973,-33.80614657210402,0.4966973995271863
Liberia,LBR,2016-01-01,25.68,0.81,1,26.693,0.279,10,10,-1.0130000000000017,190.32258064516128,0.6688333333333336
Liberia,LBR,2016-02-01,26.88,0.02,2,27.419,0.784,10,10,-0.5390000000000015,-97.44897959183672,0.5770782312925171
Liberia,LBR,2016-03-01,28.11,1.01,3,27.682,1.228,10,10,0.4280000000000008,-17.75244299674267,0.1600955483170468
Liberia,LBR,2016-04-01,28.45,1.79,4,27.89,2.637,10,10,0.5600000000000023,-32.11983314372393,0.25393249905195336
Liberia,LBR,2016-05-01,27.76,1.67,5,27.593,3.91,10,10,0.1670000000000016,-57.28900255754476,0.31427834612105743
Liberia,LBR,2016-06-01,26.3,20.04,6,26.298,9.515,10,10,0.0019999999999988,110.61481870730422,0.5003333333333332
Liberia,LBR,2016-07-01,24.82,9.36,7,25.202,10.156,10,10,-0.3820000000000014,-7.837731390311157,0.1028553236182227
Liberia,LBR,2016-08-01,24.94,1.85,8,24.997,17.857,10,10,-0.0569999999999986,-89.63991711933694,0.4576995855966845
Liberia,LBR,2016-09-01,25.42,2.92,9,25.429,11.834,10,10,-0.0090000000000003,-75.32533378401217,0.3781266689200609
Liberia,LBR,2016-10-01,26.18,1.13,10,26.051,9.043,10,10,0.1290000000000013,-87.50414685392016,0.45902073426960105
Liberia,LBR,2016-11-01,26.78,0.42,11,26.509,2.045,10,10,0.2710000000000043,-79.46210268948656,0.4424771801141002
Liberia,LBR,2016-12-01,27.11,0.13,12,26.646,0.423,10,10,0.4640000000000022,-69.26713947990544,0.4236690307328609
Liberia,LBR,2017-01-01,28.03,0.15,1,26.693,0.279,10,10,1.3369999999999995,-46.23655913978496,0.4540161290322581
Liberia,LBR,2017-02-01,28.14,0.31,2,27.419,0.784,10,10,0.7210000000000001,-60.45918367346938,0.4224625850340136
Liberia,LBR,2017-03-01,28.27,0.17,3,27.682,1.228,10,10,0.588000000000001,-86.15635179153095,0.5287817589576549
Liberia,LBR,2017-04-01,28.68,0.98,4,27.89,2.637,10,10,0.7900000000000027,-62.83655669321199,0.44584945013272703
Liberia,LBR,2017-05-01,28.24,1.23,5,27.593,3.91,10,10,0.6469999999999985,-68.54219948849105,0.4505443307757883
Liberia,LBR,2017-06-01,26.84,7.54,6,26.298,9.515,10,10,0.541999999999998,-20.756699947451395,0.19411683307058997
Liberia,LBR,2017-07-01,24.89,12.49,7,25.202,10.156,10,10,-0.3120000000000011,22.981488775108303,0.16690744387554168
Liberia,LBR,2017-08-01,24.89,5.59,8,24.997,17.857,10,10,-0.1069999999999993,-68.69574956599652,0.3613120811633158
Liberia,LBR,2017-09-01,25.44,6.37,9,25.429,11.834,10,10,0.0109999999999992,-46.17204664525942,0.2326935665596303
Liberia,LBR,2017-10-01,25.92,5.37,10,26.051,9.043,10,10,-0.1309999999999966,-40.61705186331969,0.2249185926499312
Liberia,LBR,2017-11-01,26.01,0.76,11,26.509,2.045,10,10,-0.4989999999999952,-62.8361858190709,0.3973475957620204
Liberia,LBR,2017-12-01,26.56,0.04,12,26.646,0.423,10,10,-0.0859999999999985,-90.5437352245863,0.46705200945626457
Liberia,LBR,2018-01-01,26.69,0.13,1,26.693,0.279,10,10,-0.0030000000000001,-53.40501792114696,0.2675250896057348
Liberia,LBR,2018-02-01,27.4,0.38,2,27.419,0.784,10,10,-0.0190000000000019,-51.53061224489795,0.26081972789115676
Liberia,LBR,2018-03-01,27.62,0.46,3,27.682,1.228,10,10,-0.0619999999999976,-62.54071661237786,0.3230369163952222
Liberia,LBR,2018-04-01,27.91,1.04,4,27.89,2.637,10,10,0.0200000000000031,-60.56124383769435,0.3061395525218056
Liberia,LBR,2018-05-01,27.56,2.39,5,27.593,3.91,10,10,-0.0330000000000012,-38.87468030690537,0.19987340153452704
Liberia,LBR,2018-06-01,26.22,2.81,6,26.298,9.515,10,10,-0.0780000000000029,-70.46768260641093,0.36533841303205516
Liberia,LBR,2018-07-01,25.62,4.42,7,25.202,10.156,10,10,0.4179999999999992,-56.47892871209138,0.35206131022712345
Liberia,LBR,2018-08-01,24.96,67.73,8,24.997,17.857,10,10,-0.036999999999999,279.2910343282747,0.5061666666666665
Liberia,LBR,2018-09-01,25.2,31.63,9,25.429,11.834,10,10,-0.2290000000000027,167.28071657934763,0.5381666666666671
Liberia,LBR,2018-10-01,25.9,11.67,10,26.051,9.043,10,10,-0.1509999999999998,29.05009399535553,0.1704171366434443
Liberia,LBR,2018-11-01,26.17,2.67,11,26.509,2.045,10,10,-0.3389999999999951,30.56234718826406,0.2093117359413195
Liberia,LBR,2018-12-01,26.22,0.83,12,26.646,0.423,10,10,-0.4259999999999984,96.21749408983447,0.5520874704491721
Liberia,LBR,2019-01-01,26.09,0.08,1,26.693,0.279,10,10,-0.6030000000000015,-71.32616487455196,0.4571308243727601
Liberia,LBR,2019-02-01,26.83,0.46,2,27.419,0.784,10,10,-0.5890000000000022,-41.3265306122449,0.30479931972789154
Liberia,LBR,2019-03-01,27.5,0.49,3,27.682,1.228,10,10,-0.1819999999999986,-60.09771986970684,0.3308219326818673
Liberia,LBR,2019-04-01,28.01,0.97,4,27.89,2.637,10,10,0.1200000000000045,-63.21577550246492,0.33607887751232535
Liberia,LBR,2019-05-01,27.87,0.8,5,27.593,3.91,10,10,0.277000000000001,-79.53964194373401,0.4438648763853369
Liberia,LBR,2019-06-01,26.6,8.86,6,26.298,9.515,10,10,0.3019999999999996,-6.883867577509208,0.0847526712208793
Liberia,LBR,2019-07-01,25.19,15.78,7,25.202,10.156,10,10,-0.0120000000000004,55.37613233556517,0.2788806616778259
Liberia,LBR,2019-08-01,24.8,20.81,8,24.997,17.857,10,10,-0.1969999999999991,16.536932295458364,0.115517994810625
Liberia,LBR,2019-09-01,25.39,14.07,9,25.429,11.834,10,10,-0.0390000000000014,18.89471015717425,0.10097355078587147
Liberia,LBR,2019-10-01,25.72,31.38,10,26.051,9.043,10,10,-0.3309999999999995,247.0087360389252,0.5551666666666666
Liberia,LBR,2019-11-01,26.54,8.16,11,26.509,2.045,10,10,0.0310000000000023,299.0220048899756,0.5051666666666671
Liberia,LBR,2019-12-01,26.56,0.41,12,26.646,0.423,10,10,-0.0859999999999985,-3.073286052009472,0.02969976359338044
Liberia,LBR,2020-01-01,26.43,0.02,1,26.693,0.279,10,10,-0.2630000000000017,-92.831541218638,0.5079910394265236
Liberia,LBR,2020-02-01,27.49,0.23,2,27.419,0.784,10,10,0.0709999999999979,-70.66326530612244,0.36514965986394515
Liberia,LBR,2020-03-01,27.65,2.46,3,27.682,1.228,10,10,-0.032,100.3257328990228,0.5053333333333333
Liberia,LBR,2020-04-01,27.7,1.87,4,27.89,2.637,10,10,-0.1899999999999977,-29.086082669700414,0.17709708001516836
Liberia,LBR,2020-05-01,27.3,5.96,5,27.593,3.91,10,10,-0.2929999999999992,52.42966751918158,0.3109816709292411
Liberia,LBR,2020-06-01,26.02,10.2,6,26.298,9.515,10,10,-0.2780000000000022,7.1991592222805965,0.08232912944473668
Liberia,LBR,2020-07-01,24.9,11.7,7,25.202,10.156,10,10,-0.3020000000000031,15.202835762111052,0.12634751214388912
Liberia,LBR,2020-08-01,24.42,11.72,8,24.997,17.857,10,10,-0.5769999999999982,-34.367474939799514,0.2680040413656639
Liberia,LBR,2020-09-01,25.17,9.85,9,25.429,11.834,10,10,-0.2590000000000003,-16.76525266182187,0.12699292997577605
Liberia,LBR,2020-10-01,25.97,4.4,10,26.051,9.043,10,10,-0.0809999999999995,-51.34358067013159,0.2702179033506578
Liberia,LBR,2020-11-01,26.24,1.13,11,26.509,2.045,10,10,-0.2689999999999983,-44.74327628361858,0.2685497147514259
Liberia,LBR,2020-12-01,26.6,1.36,12,26.646,0.423,10,10,-0.0459999999999958,221.51300236406615,0.5076666666666659
Liberia,LBR,2021-01-01,26.84,0.56,1,26.693,0.279,10,10,0.1469999999999984,100.7168458781362,0.5244999999999997
Liberia,LBR,2021-02-01,27.38,1.72,2,27.419,0.784,10,10,-0.0390000000000014,119.3877551020408,0.5065000000000003
Liberia,LBR,2021-03-01,26.9,2.65,3,27.682,1.228,10,10,-0.782,115.79804560260588,0.6303333333333333
Liberia,LBR,2021-04-01,27.31,7.55,4,27.89,2.637,10,10,-0.5799999999999983,186.3102009859689,0.5966666666666663
Liberia,LBR,2021-05-01,26.88,5.79,5,27.593,3.91,10,10,-0.713000000000001,48.08184143222506,0.3592425404944588
Liberia,LBR,2021-06-01,26.1,6.83,6,26.298,9.515,10,10,-0.1980000000000004,-28.21860220704152,0.17409301103520766
Liberia,LBR,2021-07-01,25.17,13.71,7,25.202,10.156,10,10,-0.032,34.99409216226861,0.18030379414467637
Liberia,LBR,2021-08-01,25.08,25.84,8,24.997,17.857,10,10,0.0829999999999984,44.70515764126113,0.2373591215396387
Liberia,LBR,2021-09-01,25.44,13.52,9,25.429,11.834,10,10,0.0109999999999992,14.247084671286125,0.07306875668976383
Liberia,LBR,2021-10-01,26.22,5.9,10,26.051,9.043,10,10,0.1690000000000004,-34.75616498949463,0.20194749161413988
Liberia,LBR,2021-11-01,26.47,2.49,11,26.509,2.045,10,10,-0.0389999999999979,21.760391198044022,0.11530195599021975
Liberia,LBR,2021-12-01,26.88,0.32,12,26.646,0.423,10,10,0.2340000000000017,-24.349881796690315,0.16074940898345186
Liberia,LBR,2022-01-01,26.47,0.39,1,26.693,0.279,10,10,-0.2230000000000025,39.78494623655913,0.2360913978494627
Liberia,LBR,2022-02-01,27.27,1.47,2,27.419,0.784,10,10,-0.1490000000000009,87.49999999999999,0.46233333333333343
Liberia,LBR,2022-03-01,26.98,1.76,3,27.682,1.228,10,10,-0.7019999999999982,43.32247557003257,0.33361237785016257
Liberia,LBR,2022-04-01,27.06,5.9,4,27.89,2.637,10,10,-0.8299999999999983,123.739097459234,0.6383333333333331
Liberia,LBR,2022-05-01,26.72,5.94,5,27.593,3.91,10,10,-0.8730000000000011,51.91815856777494,0.4050907928388749
Liberia,LBR,2022-06-01,25.95,7.53,6,26.298,9.515,10,10,-0.3480000000000025,-20.8617971623752,0.16230898581187642
Liberia,LBR,2022-07-01,24.93,6.24,7,25.202,10.156,10,10,-0.272000000000002,-38.55848759354076,0.2381257713010375
Liberia,LBR,2022-08-01,24.61,20.31,8,24.997,17.857,10,10,-0.3870000000000004,13.736909895279158,0.13318454947639585
Liberia,LBR,2022-09-01,24.98,17.62,9,25.429,11.834,10,10,-0.4490000000000016,48.893020111543024,0.3192984338910487
Liberia,LBR,2022-10-01,25.84,4.91,10,26.051,9.043,10,10,-0.2109999999999985,-45.70385933871503,0.2636859633602415
Liberia,LBR,2022-11-01,26.0,1.88,11,26.509,2.045,10,10,-0.5089999999999968,-8.068459657701714,0.12517563162184137
Liberia,LBR,2022-12-01,26.19,0.37,12,26.646,0.423,10,10,-0.4559999999999959,-12.529550827423176,0.1386477541371152
Liberia,LBR,2023-01-01,26.31,0.13,1,26.693,0.279,10,10,-0.3830000000000026,-53.40501792114696,0.33085842293906853
Liberia,LBR,2023-02-01,27.24,0.75,2,27.419,0.784,10,10,-0.179000000000002,-4.336734693877554,0.051517006802721435
Liberia,LBR,2023-03-01,27.72,0.79,3,27.682,1.228,10,10,0.0380000000000002,-35.667752442996736,0.18467209554831704
Liberia,LBR,2023-04-01,27.82,1.53,4,27.89,2.637,10,10,-0.0699999999999967,-41.979522184300336,0.22156427758816782
Liberia,LBR,2023-05-01,28.14,2.22,5,27.593,3.91,10,10,0.5470000000000006,-43.222506393861885,0.3072791986359762
Liberia,LBR,2023-06-01,26.46,5.64,6,26.298,9.515,10,10,0.161999999999999,-40.72517078297426,0.23062585391487114
Liberia,LBR,2023-07-01,26.32,2.23,7,25.202,10.156,10,10,1.1179999999999986,-78.04253643166601,0.5765460154916632
Liberia,LBR,2023-08-01,26.02,3.78,8,24.997,17.857,10,10,1.0229999999999997,-78.83183065464524,0.5646591532732261
Liberia,LBR,2023-09-01,26.42,4.06,9,25.429,11.834,10,10,0.9909999999999995,-65.69207368598953,0.4936270350966142
Liberia,LBR,2023-10-01,26.8,4.43,10,26.051,9.043,10,10,0.7490000000000023,-51.01183235651885,0.379892495115928
Liberia,LBR,2023-11-01,27.52,1.95,11,26.509,2.045,10,10,1.0110000000000028,-4.645476772616136,0.19172738386308114
Liberia,LBR,2023-12-01,28.04,0.38,12,26.646,0.423,10,10,1.394000000000002,-10.165484633569749,0.2831607565011824
Liberia,LBR,2024-01-01,29.43,0.19,1,26.693,0.279,10,10,2.7369999999999983,-31.89964157706094,0.615664874551971
Liberia,LBR,2024-02-01,29.55,0.03,2,27.419,0.784,10,10,2.131,-96.17346938775508,0.836034013605442
Liberia,LBR,2024-03-01,29.24,0.9,3,27.682,1.228,10,10,1.5579999999999998,-26.7100977198697,0.3932171552660152
Liberia,LBR,2024-04-01,29.11,2.3,4,27.89,2.637,10,10,1.2200000000000024,-12.779673871824048,0.267231702692454
Liberia,LBR,2024-05-01,28.67,3.05,5,27.593,3.91,10,10,1.0770000000000015,-21.99488491048594,0.28947442455242994
Liberia,LBR,2024-06-01,27.18,7.33,6,26.298,9.515,10,10,0.8819999999999979,-22.96374146085129,0.2618187073042561
Liberia,LBR,2024-07-01,25.51,4.58,7,25.202,10.156,10,10,0.3079999999999998,-54.90350531705396,0.3258508599186031
Liberia,LBR,2024-08-01,25.54,5.98,8,24.997,17.857,10,10,0.5429999999999993,-66.51173209385675,0.4230586604692836
Liberia,LBR,2024-09-01,25.75,6.4,9,25.429,11.834,10,10,0.3209999999999979,-45.91853980057461,0.2830926990028727
Liberia,LBR,2024-10-01,26.24,4.17,10,26.051,9.043,10,10,0.189,-53.88698440782925,0.3009349220391463
Liberia,LBR,2024-11-01,27.11,0.19,11,26.509,2.045,10,10,0.6010000000000026,-90.70904645476772,0.5537118989405057
Liberia,LBR,2024-12-01,27.62,0.11,12,26.646,0.423,10,10,0.9740000000000038,-73.9952718676123,0.5323096926713955
Liberia,LBR,2025-01-01,28.24,0.02,1,26.693,0.279,10,10,1.546999999999997,-92.831541218638,0.7219910394265228
Liberia,LBR,2025-02-01,28.33,0.85,2,27.419,0.784,10,10,0.9109999999999978,8.418367346938767,0.1939251700680268
Liberia,LBR,2025-03-01,27.84,1.0,3,27.682,1.228,10,10,0.1580000000000012,-18.566775244299677,0.11916720955483191
Liberia,LBR,2025-04-01,28.59,0.86,4,27.89,2.637,10,10,0.7000000000000028,-67.38718240424726,0.45360257868790343
Liberia,LBR,2025-05-01,28.67,0.62,5,27.593,3.91,10,10,1.0770000000000015,-84.14322250639385,0.6002161125319695
Liberia,LBR,2025-06-01,27.58,11.01,6,26.298,9.515,10,10,1.2819999999999965,15.712033631108763,0.2922268348222099
Liberia,LBR,2025-07-01,25.25,3.15,7,25.202,10.156,10,10,0.0479999999999982,-68.98385191020087,0.352919259551004
Liberia,LBR,2025-08-01,25.32,2.78,8,24.997,17.857,10,10,0.3230000000000004,-84.43187545500365,0.47599271060835163
Liberia,LBR,2025-09-01,26.2,2.34,9,25.429,11.834,10,10,0.7709999999999972,-80.2264661145851,0.529632330572925
Liberia,LBR,2025-10-01,26.95,3.58,10,26.051,9.043,10,10,0.8990000000000009,-60.41136790887979,0.4518901728777324
Liberia,LBR,2025-11-01,27.32,0.77,11,26.509,2.045,10,10,0.8110000000000035,-62.34718826405867,0.4469026079869606
Liberia,LBR,2025-12-01,27.6,0.46,12,26.646,0.423,10,10,0.9540000000000042,8.747044917257677,0.20273522458628906
Liberia,LBR,2026-01-01,28.12,0.3,1,26.693,0.279,10,10,1.4269999999999996,7.526881720430094,0.27546774193548373
Liberia,LBR,2026-02-01,28.13,0.1,2,27.419,0.784,10,10,0.7109999999999985,-87.24489795918367,0.5547244897959182
Liberia,LBR,2026-03-01,28.28,1.55,3,27.682,1.228,10,10,0.5980000000000025,26.22149837133551,0.23077415852334465
Liberia,LBR,2026-04-01,28.84,0.28,4,27.89,2.637,10,10,0.9500000000000028,-89.38187334091772,0.6052427000379224
Liberia,LBR,2026-05-01,28.93,0.46,5,27.593,3.91,10,10,1.3369999999999995,-88.23529411764706,0.6640098039215685
Liberia,LBR,2026-06-01,27.7,2.14,6,26.298,9.515,10,10,1.4019999999999977,-77.50919600630583,0.6212126466981954
Liberia,LBR,2026-07-01,27.16,0.18,7,25.202,10.156,10,10,1.9579999999999984,-98.22764868058292,0.8174715767362477
Liberia,LBR,2026-08-01,27.23,0.11,8,24.997,17.857,10,10,2.2330000000000005,-99.38399507196056,0.8690866420264696
Liberia,LBR,2026-09-01,,,9,25.429,11.834,10,10,,,
Liberia,LBR,2026-10-01,,,10,26.051,9.043,10,10,,,
Mali,MLI,2015-01-01,23.24,0.0,1,24.089,0.016,10,10,-0.8490000000000002,-100.0,0.6415000000000001
Mali,MLI,2015-02-01,27.79,0.02,2,27.158,0.006,10,10,0.6320000000000014,233.33333333333331,0.6053333333333336
Mali,MLI,2015-03-01,28.85,0.0,3,30.597,0.532,10,10,-1.747,-100.0,0.7911666666666667
Mali,MLI,2015-04-01,32.18,0.14,4,32.397000000000006,1.114,10,10,-0.2170000000000058,-87.4326750448833,0.47333004189108413
Mali,MLI,2015-05-01,31.84,2.02,5,31.794,2.584,10,10,0.0459999999999993,-21.826625386996906,0.11679979360165108
Mali,MLI,2015-06-01,28.68,5.76,6,29.078,5.764,10,10,-0.3979999999999961,-0.0693962526023672,0.0666803145963445
Mali,MLI,2015-07-01,26.48,10.41,7,26.446,8.476,10,10,0.0340000000000024,22.817366682397346,0.11975350007865379
Mali,MLI,2015-08-01,25.14,10.79,8,25.489,10.771,10,10,-0.3489999999999966,0.176399591495684,0.059048664624144515
Mali,MLI,2015-09-01,25.75,7.19,9,25.981,6.783,10,10,-0.2310000000000016,6.000294854784033,0.06850147427392042
Mali,MLI,2015-10-01,26.57,3.92,10,27.114,2.568,10,10,-0.5439999999999969,52.64797507788161,0.35390654205607425
Mali,MLI,2015-11-01,25.7,0.14,11,26.438,0.065,10,10,-0.7379999999999995,115.3846153846154,0.6229999999999999
Mali,MLI,2015-12-01,21.71,0.0,12,24.17,0.002,10,10,-2.4599999999999973,-100.0,0.9099999999999995
Mali,MLI,2016-01-01,22.87,0.15,1,24.089,0.016,10,10,-1.2189999999999976,837.5,0.7031666666666663
Mali,MLI,2016-02-01,24.89,0.0,2,27.158,0.006,10,10,-2.267999999999997,-100.0,0.8779999999999994
Mali,MLI,2016-03-01,30.21,0.0,3,30.597,0.532,10,10,-0.3870000000000004,-100.0,0.5645000000000001
Mali,MLI,2016-04-01,33.84,0.32,4,32.397000000000006,1.114,10,10,1.4429999999999978,-71.27468581687612,0.5968734290843802
Mali,MLI,2016-05-01,32.53,1.54,5,31.794,2.584,10,10,0.7360000000000007,-40.40247678018576,0.32467905056759555
Mali,MLI,2016-06-01,28.83,10.23,6,29.078,5.764,10,10,-0.2479999999999975,77.48091603053436,0.42873791348600476
Mali,MLI,2016-07-01,25.56,12.45,7,26.446,8.476,10,10,-0.8859999999999992,46.88532326569134,0.38209328299512324
Mali,MLI,2016-08-01,25.09,10.58,8,25.489,10.771,10,10,-0.3989999999999973,-1.7732801039829074,0.07536640051991408
Mali,MLI,2016-09-01,25.48,6.58,9,25.981,6.783,10,10,-0.5010000000000012,-2.992776057791529,0.09846388028895785
Mali,MLI,2016-10-01,27.51,1.92,10,27.114,2.568,10,10,0.3960000000000043,-25.233644859813086,0.19216822429906616
Mali,MLI,2016-11-01,26.63,0.17,11,26.438,0.065,10,10,0.1920000000000001,161.53846153846155,0.532
Mali,MLI,2016-12-01,24.53,0.0,12,24.17,0.002,10,10,0.360000000000003,-100.0,0.5600000000000005
Mali,MLI,2017-01-01,23.84,0.0,1,24.089,0.016,10,10,-0.2489999999999987,-100.0,0.5414999999999998
Mali,MLI,2017-02-01,27.77,0.0,2,27.158,0.006,10,10,0.6120000000000019,-100.0,0.6020000000000003
Mali,MLI,2017-03-01,31.36,0.15,3,30.597,0.532,10,10,0.7629999999999981,-71.80451127819548,0.4861892230576438
Mali,MLI,2017-04-01,31.91,2.28,4,32.397000000000006,1.114,10,10,-0.4870000000000054,104.6678635547576,0.5811666666666676
Mali,MLI,2017-05-01,31.16,2.85,5,31.794,2.584,10,10,-0.6340000000000003,10.294117647058824,0.15713725490196084
Mali,MLI,2017-06-01,29.08,4.25,6,29.078,5.764,10,10,0.0020000000000024,-26.266481609993065,0.13166574138329906
Mali,MLI,2017-07-01,26.26,7.36,7,26.446,8.476,10,10,-0.1859999999999964,-13.166588013213785,0.09683294006606832
Mali,MLI,2017-08-01,25.5,11.05,8,25.489,10.771,10,10,0.0110000000000027,2.590288738278727,0.01478477702472742
Mali,MLI,2017-09-01,26.37,5.8,9,25.981,6.783,10,10,0.3889999999999993,-14.49211263452749,0.13729389650597068
Mali,MLI,2017-10-01,27.78,0.68,10,27.114,2.568,10,10,0.6660000000000039,-73.5202492211838,0.4786012461059197
Mali,MLI,2017-11-01,26.76,0.01,11,26.438,0.065,10,10,0.3220000000000027,-84.61538461538461,0.4767435897435902
Mali,MLI,2017-12-01,24.25,0.0,12,24.17,0.002,10,10,0.0800000000000018,-100.0,0.5133333333333336
Mali,MLI,2018-01-01,23.97,0.01,1,24.089,0.016,10,10,-0.1189999999999997,-37.5,0.2073333333333333
Mali,MLI,2018-02-01,28.05,0.02,2,27.158,0.006,10,10,0.892000000000003,233.33333333333331,0.6486666666666672
Mali,MLI,2018-03-01,31.33,0.02,3,30.597,0.532,10,10,0.732999999999997,-96.2406015037594,0.6033696741854632
Mali,MLI,2018-04-01,32.81,0.31,4,32.397000000000006,1.114,10,10,0.4129999999999967,-72.17235188509873,0.4296950927588265
Mali,MLI,2018-05-01,31.53,3.73,5,31.794,2.584,10,10,-0.2639999999999993,44.34984520123839,0.26574922600619183
Mali,MLI,2018-06-01,29.3,3.19,6,29.078,5.764,10,10,0.2220000000000048,-44.65648854961832,0.26028244274809237
Mali,MLI,2018-07-01,26.12,9.52,7,26.446,8.476,10,10,-0.3259999999999969,12.317130722038682,0.11591898694352623
Mali,MLI,2018-08-01,24.44,16.13,8,25.489,10.771,10,10,-1.048999999999996,49.75396899080866,0.4236031782873759
Mali,MLI,2018-09-01,25.13,7.1,9,25.981,6.783,10,10,-0.8510000000000026,4.673448326699104,0.1652005749668293
Mali,MLI,2018-10-01,26.86,1.29,10,27.114,2.568,10,10,-0.2539999999999978,-49.76635514018691,0.2911651090342675
Mali,MLI,2018-11-01,26.2,0.0,11,26.438,0.065,10,10,-0.2379999999999995,-100.0,0.5396666666666666
Mali,MLI,2018-12-01,23.19,0.0,12,24.17,0.002,10,10,-0.9799999999999968,-100.0,0.6633333333333328
Mali,MLI,2019-01-01,23.5,0.0,1,24.089,0.016,10,10,-0.5889999999999986,-100.0,0.5981666666666664
Mali,MLI,2019-02-01,26.14,0.0,2,27.158,0.006,10,10,-1.0179999999999971,-100.0,0.6696666666666662
Mali,MLI,2019-03-01,29.38,0.05,3,30.597,0.532,10,10,-1.2170000000000023,-90.6015037593985,0.6558408521303262
Mali,MLI,2019-04-01,33.19,0.16,4,32.397000000000006,1.114,10,10,0.7929999999999922,-85.63734290843806,0.5603533812088556
Mali,MLI,2019-05-01,33.1,1.53,5,31.794,2.584,10,10,1.306000000000001,-40.78947368421053,0.42161403508771944
Mali,MLI,2019-06-01,30.43,5.98,6,29.078,5.764,10,10,1.352000000000004,3.7473976405274154,0.2440703215359711
Mali,MLI,2019-07-01,26.64,6.44,7,26.446,8.476,10,10,0.1940000000000026,-24.02076451156206,0.15243715589114407
Mali,MLI,2019-08-01,25.05,12.79,8,25.489,10.771,10,10,-0.4389999999999965,18.744777643672823,0.16689055488503018
Mali,MLI,2019-09-01,25.83,8.02,9,25.981,6.783,10,10,-0.1510000000000033,18.23676839156716,0.11635050862450301
Mali,MLI,2019-10-01,26.05,4.63,10,27.114,2.568,10,10,-1.0639999999999965,80.29595015576322,0.5788130841121488
Mali,MLI,2019-11-01,26.2,0.24,11,26.438,0.065,10,10,-0.2379999999999995,269.2307692307692,0.5396666666666666
Mali,MLI,2019-12-01,23.69,0.0,12,24.17,0.002,10,10,-0.4799999999999969,-100.0,0.5799999999999995
Mali,MLI,2020-01-01,23.08,0.0,1,24.089,0.016,10,10,-1.0090000000000003,-100.0,0.6681666666666667
Mali,MLI,2020-02-01,26.4,0.0,2,27.158,0.006,10,10,-0.7579999999999991,-100.0,0.6263333333333332
Mali,MLI,2020-03-01,30.3,3.46,3,30.597,0.532,10,10,-0.2970000000000006,550.375939849624,0.5495000000000001
Mali,MLI,2020-04-01,29.55,4.71,4,32.397000000000006,1.114,10,10,-2.847000000000005,322.8007181328545,0.9745000000000008
Mali,MLI,2020-05-01,30.95,2.94,5,31.794,2.584,10,10,-0.8440000000000012,13.77708978328173,0.20955211558307552
Mali,MLI,2020-06-01,27.98,4.9,6,29.078,5.764,10,10,-1.0979999999999954,-14.989590562109642,0.25794795281054744
Mali,MLI,2020-07-01,26.06,8.23,7,26.446,8.476,10,10,-0.3859999999999992,-2.9023124115148704,0.07884489539090755
Mali,MLI,2020-08-01,25.04,10.44,8,25.489,10.771,10,10,-0.448999999999998,-3.073066567635313,0.09019866617150957
Mali,MLI,2020-09-01,25.4,7.31,9,25.981,6.783,10,10,-0.5810000000000031,7.769423558897246,0.13568045112782007
Mali,MLI,2020-10-01,26.35,1.84,10,27.114,2.568,10,10,-0.7639999999999958,-28.34890965732087,0.26907788161993695
Mali,MLI,2020-11-01,25.32,0.0,11,26.438,0.065,10,10,-1.1179999999999986,-100.0,0.6863333333333331
Mali,MLI,2020-12-01,25.99,0.0,12,24.17,0.002,10,10,1.8200000000000005,-100.0,0.8033333333333335
Mali,MLI,2021-01-01,25.05,0.0,1,24.089,0.016,10,10,0.961000000000002,-100.0,0.660166666666667
Mali,MLI,2021-02-01,27.56,0.02,2,27.158,0.006,10,10,0.402000000000001,233.33333333333331,0.5670000000000002
Mali,MLI,2021-03-01,30.42,0.03,3,30.597,0.532,10,10,-0.1769999999999996,-94.36090225563908,0.5013045112781953
Mali,MLI,2021-04-01,32.58,0.47,4,32.397000000000006,1.114,10,10,0.1829999999999927,-57.80969479353681,0.3195484739676829
Mali,MLI,2021-05-01,31.87,2.49,5,31.794,2.584,10,10,0.0760000000000005,-3.637770897832812,0.03085552115583081
Mali,MLI,2021-06-01,29.35,4.76,6,29.078,5.764,10,10,0.2720000000000055,-17.418459403192234,0.13242563034929541
Mali,MLI,2021-07-01,26.73,7.81,7,26.446,8.476,10,10,0.2840000000000025,-7.857479943369528,0.08662073305018139
Mali,MLI,2021-08-01,25.18,12.59,8,25.489,10.771,10,10,-0.3089999999999975,16.88793983845512,0.1359396991922752
Mali,MLI,2021-09-01,26.17,4.98,9,25.981,6.783,10,10,0.189,-26.581158779301184,0.16440579389650592
Mali,MLI,2021-10-01,27.24,2.65,10,27.114,2.568,10,10,0.1260000000000012,3.193146417445477,0.03696573208722759
Mali,MLI,2021-11-01,26.97,0.02,11,26.438,0.065,10,10,0.532,-69.23076923076923,0.4348205128205128
Mali,MLI,2021-12-01,25.19,0.0,12,24.17,0.002,10,10,1.0200000000000031,-100.0,0.6700000000000005
Mali,MLI,2022-01-01,23.99,0.0,1,24.089,0.016,10,10,-0.0990000000000002,-100.0,0.5165000000000001
Mali,MLI,2022-02-01,26.66,0.0,2,27.158,0.006,10,10,-0.4979999999999975,-100.0,0.5829999999999996
Mali,MLI,2022-03-01,30.89,0.34,3,30.597,0.532,10,10,0.2929999999999992,-36.09022556390977,0.22928446115288204
Mali,MLI,2022-04-01,32.88,0.55,4,32.397000000000006,1.114,10,10,0.482999999999997,-50.62836624775584,0.3336418312387787
Mali,MLI,2022-05-01,31.95,1.4,5,31.794,2.584,10,10,0.1559999999999988,-45.82043343653252,0.25510216718266243
Mali,MLI,2022-06-01,29.3,6.03,6,29.078,5.764,10,10,0.2220000000000048,4.614850798056905,0.06007425399028533
Mali,MLI,2022-07-01,26.84,3.97,7,26.446,8.476,10,10,0.3940000000000019,-53.16186880604058,0.3314760106968699
Mali,MLI,2022-08-01,26.09,5.15,8,25.489,10.771,10,10,0.6010000000000026,-52.186426515643845,0.36109879924488636
Mali,MLI,2022-09-01,25.8,8.19,9,25.981,6.783,10,10,-0.1810000000000009,20.74303405572756,0.13388183694530462
Mali,MLI,2022-10-01,26.68,3.74,10,27.114,2.568,10,10,-0.4339999999999975,45.6386292834891,0.3005264797507784
Mali,MLI,2022-11-01,26.15,0.04,11,26.438,0.065,10,10,-0.2880000000000002,-38.46153846153847,0.2403076923076924
Mali,MLI,2022-12-01,25.24,0.02,12,24.17,0.002,10,10,1.0700000000000005,900.0,0.6783333333333335
Mali,MLI,2023-01-01,25.47,0.0,1,24.089,0.016,10,10,1.3810000000000002,-100.0,0.7301666666666667
Mali,MLI,2023-02-01,28.46,0.0,2,27.158,0.006,10,10,1.3020000000000032,-100.0,0.7170000000000005
Mali,MLI,2023-03-01,30.42,1.17,3,30.597,0.532,10,10,-0.1769999999999996,119.92481203007516,0.5295
Mali,MLI,2023-04-01,31.4,0.69,4,32.397000000000006,1.114,10,10,-0.997000000000007,-38.061041292639146,0.35647187312986356
Mali,MLI,2023-05-01,30.57,4.72,5,31.794,2.584,10,10,-1.2240000000000002,82.66253869969039,0.617312693498452
Mali,MLI,2023-06-01,28.46,3.67,6,29.078,5.764,10,10,-0.617999999999995,-36.32893823733519,0.28464469118667507
Mali,MLI,2023-07-01,27.7,3.99,7,26.446,8.476,10,10,1.2540000000000011,-52.92590844738084,0.4736295422369044
Mali,MLI,2023-08-01,28.02,2.18,8,25.489,10.771,10,10,2.5310000000000024,-79.76046792312692,0.8206356729489683
Mali,MLI,2023-09-01,28.56,3.47,9,25.981,6.783,10,10,2.578999999999997,-48.84269497272592,0.6740468081969625
Mali,MLI,2023-10-01,29.83,0.7,10,27.114,2.568,10,10,2.716000000000001,-72.74143302180686,0.8163738317757011
Mali,MLI,2023-11-01,29.76,0.03,11,26.438,0.065,10,10,3.3220000000000027,-53.846153846153854,0.7692307692307693
Mali,MLI,2023-12-01,25.55,0.0,12,24.17,0.002,10,10,1.3800000000000026,-100.0,0.7300000000000004
Mali,MLI,2024-01-01,25.88,0.0,1,24.089,0.016,10,10,1.7910000000000004,-100.0,0.7985
Mali,MLI,2024-02-01,27.86,0.0,2,27.158,0.006,10,10,0.7020000000000017,-100.0,0.6170000000000003
Mali,MLI,2024-03-01,32.81,0.1,3,30.597,0.532,10,10,2.213000000000001,-81.203007518797,0.7748483709273185
Mali,MLI,2024-04-01,33.63,1.51,4,32.397000000000006,1.114,10,10,1.232999999999997,35.547576301615784,0.3832378815080784
Mali,MLI,2024-05-01,32.44,2.62,5,31.794,2.584,10,10,0.6459999999999972,1.3931888544891653,0.11463261093911203
Mali,MLI,2024-06-01,29.37,8.87,6,29.078,5.764,10,10,0.2920000000000051,53.88619014573212,0.31809761739532816
Mali,MLI,2024-07-01,26.07,14.58,7,26.446,8.476,10,10,-0.3759999999999976,72.0151014629542,0.42274217398143726
Mali,MLI,2024-08-01,25.34,16.01,8,25.489,10.771,10,10,-0.1489999999999973,48.639866307678055,0.26803266487172317
Mali,MLI,2024-09-01,25.32,9.19,9,25.981,6.783,10,10,-0.6610000000000014,35.485773256671095,0.2875955329500224
Mali,MLI,2024-10-01,26.27,4.31,10,27.114,2.568,10,10,-0.8439999999999976,67.83489096573206,0.47984112149532654
Mali,MLI,2024-11-01,24.69,0.0,11,26.438,0.065,10,10,-1.7479999999999976,-100.0,0.791333333333333
Mali,MLI,2024-12-01,22.36,0.0,12,24.17,0.002,10,10,-1.8099999999999987,-100.0,0.8016666666666665
Mali,MLI,2025-01-01,23.35,0.0,1,24.089,0.016,10,10,-0.7389999999999972,-100.0,0.6231666666666662
Mali,MLI,2025-02-01,26.45,0.0,2,27.158,0.006,10,10,-0.7079999999999984,-100.0,0.6179999999999998
Mali,MLI,2025-03-01,32.33,0.11,3,30.597,0.532,10,10,1.732999999999997,-79.32330827067669,0.6854498746867164
Mali,MLI,2025-04-01,33.52,0.44,4,32.397000000000006,1.114,10,10,1.1229999999999976,-60.50269299820468,0.48968013165768964
Mali,MLI,2025-05-01,33.81,0.26,5,31.794,2.584,10,10,2.016000000000002,-89.93808049535603,0.7856904024767805
Mali,MLI,2025-06-01,33.3,0.26,6,29.078,5.764,10,10,4.222000000000001,-95.48924358084663,0.9774462179042331
Mali,MLI,2025-07-01,28.42,2.96,7,26.446,8.476,10,10,1.974000000000004,-65.07786691835771,0.6543893345917893
Mali,MLI,2025-08-01,28.49,0.8,8,25.489,10.771,10,10,3.001000000000001,-92.57264877912914,0.9628632438956457
Mali,MLI,2025-09-01,29.62,1.24,9,25.981,6.783,10,10,3.6389999999999993,-81.71900339083001,0.9085950169541501
Mali,MLI,2025-10-01,31.26,0.27,10,27.114,2.568,10,10,4.146000000000004,-89.48598130841121,0.947429906542056
Mali,MLI,2025-11-01,28.86,0.07,11,26.438,0.065,10,10,2.4220000000000006,7.692307692307699,0.4421282051282053
Mali,MLI,2025-12-01,26.59,0.07,12,24.17,0.002,10,10,2.4200000000000017,3400.0,0.9033333333333335
Mali,MLI,2026-01-01,26.54,0.0,1,24.089,0.016,10,10,2.4510000000000005,-100.0,0.9085000000000001
Mali,MLI,2026-02-01,27.83,0.0,2,27.158,0.006,10,10,0.6720000000000006,-100.0,0.6120000000000001
Mali,MLI,2026-03-01,32.17,0.1,3,30.597,0.532,10,10,1.5730000000000004,-81.203007518797,0.6681817042606517
Mali,MLI,2026-04-01,32.16,0.53,4,32.397000000000006,1.114,10,10,-0.2370000000000089,-52.42369838420108,0.30161849192100687
Mali,MLI,2026-05-01,33.47,2.83,5,31.794,2.584,10,10,1.6759999999999984,9.520123839009289,0.3269339525283795
Mali,MLI,2026-06-01,30.53,5.92,6,29.078,5.764,10,10,1.4520000000000053,2.706453851492014,0.255532269257461
Mali,MLI,2026-07-01,27.78,9.99,7,26.446,8.476,10,10,1.3340000000000032,17.862199150542697,0.31164432908604733
Mali,MLI,2026-08-01,26.99,7.58,8,25.489,10.771,10,10,1.5010000000000012,-29.62584718224862,0.39829590257791
Mali,MLI,2026-09-01,,,9,25.981,6.783,10,10,,,
Mali,MLI,2026-10-01,,,10,27.114,2.568,10,10,,,
Niger,NER,2015-01-01,21.54,0.0,1,22.96,0.0,10,10,-1.4200000000000017,,0.4733333333333339
Niger,NER,2015-02-01,27.4,0.09,2,26.051,0.013,10,10,1.3490000000000002,592.3076923076923,0.7248333333333333
Niger,NER,2015-03-01,29.67,0.05,3,31.021000000000004,0.031,10,10,-1.3510000000000026,61.29032258064517,0.5316182795698929
Niger,NER,2015-04-01,31.37,0.0,4,33.972,0.1379999999999999,10,10,-2.6020000000000003,-100.0,0.9336666666666666
Niger,NER,2015-05-01,34.92,0.19,5,34.736000000000004,0.683,10,10,0.1839999999999975,-72.18155197657394,0.39157442654953595
Niger,NER,2015-06-01,32.72,3.78,6,31.94,2.91,10,10,0.7800000000000011,29.896907216494835,0.27948453608247437
Niger,NER,2015-07-01,29.71,5.84,7,29.331,4.95,10,10,0.3790000000000013,17.979797979797972,0.15306565656565674
Niger,NER,2015-08-01,26.84,6.6,8,27.312,6.994,10,10,-0.4720000000000013,-5.6334000571918805,0.10683366695262629
Niger,NER,2015-09-01,27.31,3.22,9,27.655,3.466,10,10,-0.3450000000000024,-7.097518753606451,0.09298759376803266
Niger,NER,2015-10-01,29.17,0.95,10,28.529000000000003,0.5660000000000001,10,10,0.6409999999999982,67.84452296819785,0.4460559481743223
Niger,NER,2015-11-01,26.04,0.0,11,26.4,0.0,10,10,-0.3599999999999994,,0.11999999999999979
Niger,NER,2015-12-01,20.19,0.0,12,23.334,0.0,10,10,-3.1439999999999984,,1.0
Niger,NER,2016-01-01,21.88,0.0,1,22.96,0.0,10,10,-1.0800000000000018,,0.3600000000000006
Niger,NER,2016-02-01,24.74,0.0,2,26.051,0.013,10,10,-1.311,-100.0,0.7185
Niger,NER,2016-03-01,31.34,0.23,3,31.021000000000004,0.031,10,10,0.3189999999999955,641.9354838709678,0.5531666666666659
Niger,NER,2016-04-01,34.44,1.15,4,33.972,0.1379999999999999,10,10,0.4679999999999964,733.3333333333334,0.5779999999999994
Niger,NER,2016-05-01,34.39,1.28,5,34.736000000000004,0.683,10,10,-0.3460000000000036,87.40849194729135,0.49470912640312403
Niger,NER,2016-06-01,31.52,2.66,6,31.94,2.91,10,10,-0.4199999999999981,-8.59106529209622,0.11295532646048079
Niger,NER,2016-07-01,28.95,3.76,7,29.331,4.95,10,10,-0.3810000000000002,-24.04040404040405,0.18370202020202028
Niger,NER,2016-08-01,27.61,7.0,8,27.312,6.994,10,10,0.2979999999999982,0.0857878181298288,0.05009560575731551
Niger,NER,2016-09-01,27.32,5.14,9,27.655,3.466,10,10,-0.3350000000000008,48.29774956722447,0.29732208116945585
Niger,NER,2016-10-01,28.84,0.04,10,28.529000000000003,0.5660000000000001,10,10,0.3109999999999964,-92.93286219081271,0.5164976442873963
Niger,NER,2016-11-01,27.74,0.0,11,26.4,0.0,10,10,1.34,,0.4466666666666667
Niger,NER,2016-12-01,25.58,0.0,12,23.334,0.0,10,10,2.2459999999999987,,0.7486666666666663
Niger,NER,2017-01-01,24.23,0.0,1,22.96,0.0,10,10,1.2699999999999996,,0.4233333333333332
Niger,NER,2017-02-01,26.28,0.0,2,26.051,0.013,10,10,0.2290000000000027,-100.0,0.5381666666666671
Niger,NER,2017-03-01,30.36,0.0,3,31.021000000000004,0.031,10,10,-0.6610000000000049,-100.0,0.6101666666666675
Niger,NER,2017-04-01,34.23,0.02,4,33.972,0.1379999999999999,10,10,0.2579999999999955,-85.50724637681158,0.47053623188405713
Niger,NER,2017-05-01,34.58,1.13,5,34.736000000000004,0.683,10,10,-0.1560000000000059,65.44655929721813,0.3532327964860916
Niger,NER,2017-06-01,31.11,4.08,6,31.94,2.91,10,10,-0.8299999999999983,40.20618556701031,0.3393642611683846
Niger,NER,2017-07-01,28.56,5.06,7,29.331,4.95,10,10,-0.7710000000000008,2.2222222222222103,0.13961111111111119
Niger,NER,2017-08-01,27.42,6.39,8,27.312,6.994,10,10,0.1080000000000005,-8.635973691735774,0.061179868458678954
Niger,NER,2017-09-01,28.21,1.74,9,27.655,3.466,10,10,0.5549999999999997,-49.79803808424697,0.3414901904212348
Niger,NER,2017-10-01,28.45,0.16,10,28.529000000000003,0.5660000000000001,10,10,-0.0790000000000041,-71.73144876325088,0.37182391048292174
Niger,NER,2017-11-01,26.18,0.0,11,26.4,0.0,10,10,-0.2199999999999988,,0.07333333333333293
Niger,NER,2017-12-01,24.21,0.0,12,23.334,0.0,10,10,0.8760000000000012,,0.2920000000000004
Niger,NER,2018-01-01,21.77,0.0,1,22.96,0.0,10,10,-1.1900000000000013,,0.3966666666666671
Niger,NER,2018-02-01,27.5,0.04,2,26.051,0.013,10,10,1.4490000000000016,207.69230769230768,0.7415000000000003
Niger,NER,2018-03-01,31.28,0.02,3,31.021000000000004,0.031,10,10,0.2589999999999968,-35.48387096774193,0.22058602150537576
Niger,NER,2018-04-01,34.0,0.0,4,33.972,0.1379999999999999,10,10,0.0279999999999986,-100.0,0.5046666666666665
Niger,NER,2018-05-01,34.05,1.03,5,34.736000000000004,0.683,10,10,-0.686000000000007,50.80527086383601,0.36835968765251453
Niger,NER,2018-06-01,31.71,2.18,6,31.94,2.91,10,10,-0.2299999999999968,-25.08591065292096,0.16376288659793758
Niger,NER,2018-07-01,29.52,3.02,7,29.331,4.95,10,10,0.189,-38.98989898989899,0.22644949494949496
Niger,NER,2018-08-01,27.24,6.52,8,27.312,6.994,10,10,-0.0720000000000027,-6.777237632256222,0.04588618816128156
Niger,NER,2018-09-01,27.7,2.08,9,27.655,3.466,10,10,0.0449999999999981,-39.98845931909983,0.20744229659549884
Niger,NER,2018-10-01,29.63,0.86,10,28.529000000000003,0.5660000000000001,10,10,1.1009999999999955,51.94346289752648,0.4432173144876317
Niger,NER,2018-11-01,26.97,0.0,11,26.4,0.0,10,10,0.5700000000000003,,0.19000000000000009
Niger,NER,2018-12-01,23.28,0.0,12,23.334,0.0,10,10,-0.0539999999999984,,0.017999999999999468
Niger,NER,2019-01-01,23.7,0.0,1,22.96,0.0,10,10,0.7399999999999984,,0.24666666666666615
Niger,NER,2019-02-01,25.3,0.0,2,26.051,0.013,10,10,-0.7509999999999977,-100.0,0.6251666666666663
Niger,NER,2019-03-01,30.56,0.0,3,31.021000000000004,0.031,10,10,-0.4610000000000056,-100.0,0.5768333333333343
Niger,NER,2019-04-01,33.96,0.04,4,33.972,0.1379999999999999,10,10,-0.0120000000000004,-71.01449275362319,0.357072463768116
Niger,NER,2019-05-01,33.96,0.28,5,34.736000000000004,0.683,10,10,-0.7760000000000034,-59.004392386530014,0.4243552952659839
Niger,NER,2019-06-01,32.69,2.34,6,31.94,2.91,10,10,0.75,-19.58762886597939,0.22293814432989695
Niger,NER,2019-07-01,29.26,5.07,7,29.331,4.95,10,10,-0.0709999999999979,2.4242424242424265,0.023954545454545118
Niger,NER,2019-08-01,27.26,5.91,8,27.312,6.994,10,10,-0.0519999999999996,-15.498999142121814,0.08616166237727567
Niger,NER,2019-09-01,28.56,1.54,9,27.655,3.466,10,10,0.9049999999999976,-55.56837853433352,0.4286752260050005
Niger,NER,2019-10-01,28.33,1.13,10,28.529000000000003,0.5660000000000001,10,10,-0.1990000000000051,99.6466431095406,0.5313998822143705
Niger,NER,2019-11-01,27.93,0.0,11,26.4,0.0,10,10,1.5300000000000011,,0.5100000000000003
Niger,NER,2019-12-01,23.28,0.0,12,23.334,0.0,10,10,-0.0539999999999984,,0.017999999999999468
Niger,NER,2020-01-01,22.99,0.0,1,22.96,0.0,10,10,0.0299999999999975,,0.009999999999999168
Niger,NER,2020-02-01,25.06,0.0,2,26.051,0.013,10,10,-0.9909999999999995,-100.0,0.6651666666666666
Niger,NER,2020-03-01,31.36,0.01,3,31.021000000000004,0.031,10,10,0.3389999999999951,-67.74193548387096,0.395209677419354
Niger,NER,2020-04-01,34.18,0.07,4,33.972,0.1379999999999999,10,10,0.2079999999999984,-49.27536231884057,0.2810434782608693
Niger,NER,2020-05-01,34.44,0.75,5,34.736000000000004,0.683,10,10,-0.2960000000000065,9.809663250366023,0.09838164958516454
Niger,NER,2020-06-01,31.65,3.35,6,31.94,2.91,10,10,-0.2899999999999991,15.120274914089345,0.12393470790377992
Niger,NER,2020-07-01,29.2,5.11,7,29.331,4.95,10,10,-0.1310000000000002,3.232323232323235,0.03799494949494954
Niger,NER,2020-08-01,26.59,12.22,8,27.312,6.994,10,10,-0.7220000000000013,74.72118959107809,0.493939281288724
Niger,NER,2020-09-01,26.51,5.21,9,27.655,3.466,10,10,-1.1449999999999996,50.31736872475477,0.4424201769571071
Niger,NER,2020-10-01,26.37,0.61,10,28.529000000000003,0.5660000000000001,10,10,-2.1590000000000025,7.773851590105993,0.3987025912838637
Niger,NER,2020-11-01,24.35,0.0,11,26.4,0.0,10,10,-2.049999999999997,,0.6833333333333323
Niger,NER,2020-12-01,25.08,0.0,12,23.334,0.0,10,10,1.7459999999999989,,0.5819999999999996
Niger,NER,2021-01-01,24.1,0.0,1,22.96,0.0,10,10,1.1400000000000006,,0.38000000000000017
Niger,NER,2021-02-01,25.51,0.0,2,26.051,0.013,10,10,-0.5409999999999968,-100.0,0.5901666666666662
Niger,NER,2021-03-01,30.71,0.0,3,31.021000000000004,0.031,10,10,-0.3110000000000035,-100.0,0.551833333333334
Niger,NER,2021-04-01,33.26,0.0,4,33.972,0.1379999999999999,10,10,-0.7120000000000033,-100.0,0.6186666666666673
Niger,NER,2021-05-01,35.64,0.41,5,34.736000000000004,0.683,10,10,0.9039999999999964,-39.970717423133244,0.3505202537823323
Niger,NER,2021-06-01,32.57,1.79,6,31.94,2.91,10,10,0.6300000000000026,-38.48797250859107,0.2974398625429558
Niger,NER,2021-07-01,29.37,4.62,7,29.331,4.95,10,10,0.0390000000000014,-6.666666666666668,0.039833333333333575
Niger,NER,2021-08-01,27.41,6.39,8,27.312,6.994,10,10,0.0979999999999989,-8.635973691735774,0.05951320179201201
Niger,NER,2021-09-01,27.56,2.8,9,27.655,3.466,10,10,-0.0950000000000024,-19.21523369878823,0.11190950182727488
Niger,NER,2021-10-01,29.06,0.58,10,28.529000000000003,0.5660000000000001,10,10,0.5309999999999953,2.4734982332155298,0.10086749116607685
Niger,NER,2021-11-01,27.79,0.0,11,26.4,0.0,10,10,1.3900000000000006,,0.46333333333333354
Niger,NER,2021-12-01,23.61,0.0,12,23.334,0.0,10,10,0.2759999999999998,,0.09199999999999993
Niger,NER,2022-01-01,22.03,0.0,1,22.96,0.0,10,10,-0.9299999999999996,,0.3099999999999999
Niger,NER,2022-02-01,25.28,0.0,2,26.051,0.013,10,10,-0.7709999999999972,-100.0,0.6284999999999995
Niger,NER,2022-03-01,31.32,0.0,3,31.021000000000004,0.031,10,10,0.2989999999999959,-100.0,0.5498333333333326
Niger,NER,2022-04-01,34.49,0.06,4,33.972,0.1379999999999999,10,10,0.5180000000000007,-56.52173913043478,0.3689420289855073
Niger,NER,2022-05-01,34.13,0.77,5,34.736000000000004,0.683,10,10,-0.6060000000000016,12.737920937042457,0.16468960468521254
Niger,NER,2022-06-01,31.71,2.68,6,31.94,2.91,10,10,-0.2299999999999968,-7.903780068728522,0.07785223367697541
Niger,NER,2022-07-01,29.81,4.15,7,29.331,4.95,10,10,0.4789999999999992,-16.16161616161616,0.160641414141414
Niger,NER,2022-08-01,27.33,6.77,8,27.312,6.994,10,10,0.0179999999999971,-3.202745210180157,0.019013726050900303
Niger,NER,2022-09-01,27.04,4.33,9,27.655,3.466,10,10,-0.615000000000002,24.92787074437393,0.22713935372187
Niger,NER,2022-10-01,27.36,0.66,10,28.529000000000003,0.5660000000000001,10,10,-1.169000000000004,16.6077738515901,0.2778722025912845
Niger,NER,2022-11-01,24.99,0.0,11,26.4,0.0,10,10,-1.41,,0.47
Niger,NER,2022-12-01,23.29,0.0,12,23.334,0.0,10,10,-0.0440000000000004,,0.0146666666666668
Niger,NER,2023-01-01,23.56,0.0,1,22.96,0.0,10,10,0.5999999999999979,,0.1999999999999993
Niger,NER,2023-02-01,26.66,0.0,2,26.051,0.013,10,10,0.6090000000000018,-100.0,0.6015000000000003
Niger,NER,2023-03-01,31.19,0.0,3,31.021000000000004,0.031,10,10,0.1689999999999969,-100.0,0.5281666666666661
Niger,NER,2023-04-01,34.07,0.0,4,33.972,0.1379999999999999,10,10,0.0979999999999989,-100.0,0.5163333333333332
Niger,NER,2023-05-01,35.19,0.36,5,34.736000000000004,0.683,10,10,0.4539999999999935,-47.29136163982431,0.3121234748657871
Niger,NER,2023-06-01,31.57,2.47,6,31.94,2.91,10,10,-0.3699999999999974,-15.120274914089345,0.13726804123711295
Niger,NER,2023-07-01,30.36,5.91,7,29.331,4.95,10,10,1.029,19.39393939393939,0.2684696969696969
Niger,NER,2023-08-01,28.57,4.19,8,27.312,6.994,10,10,1.2579999999999991,-40.09150700600514,0.4101242016966922
Niger,NER,2023-09-01,29.2,2.81,9,27.655,3.466,10,10,1.5449999999999982,-18.926716676283892,0.35213358338141915
Niger,NER,2023-10-01,30.52,0.13,10,28.529000000000003,0.5660000000000001,10,10,1.990999999999996,-77.03180212014135,0.7169923439340394
Niger,NER,2023-11-01,29.23,0.0,11,26.4,0.0,10,10,2.830000000000002,,0.9433333333333339
Niger,NER,2023-12-01,23.48,0.0,12,23.334,0.0,10,10,0.1460000000000008,,0.048666666666666934
Niger,NER,2024-01-01,23.8,0.0,1,22.96,0.0,10,10,0.8399999999999999,,0.27999999999999997
Niger,NER,2024-02-01,26.78,0.0,2,26.051,0.013,10,10,0.7290000000000028,-100.0,0.6215000000000005
Niger,NER,2024-03-01,32.42,0.0,3,31.021000000000004,0.031,10,10,1.3989999999999974,-100.0,0.7331666666666662
Niger,NER,2024-04-01,35.72,0.04,4,33.972,0.1379999999999999,10,10,1.7479999999999976,-71.01449275362319,0.646405797101449
Niger,NER,2024-05-01,36.06,0.63,5,34.736000000000004,0.683,10,10,1.323999999999998,-7.759882869692539,0.259466081015129
Niger,NER,2024-06-01,32.15,3.77,6,31.94,2.91,10,10,0.2100000000000008,29.55326460481099,0.1827663230240551
Niger,NER,2024-07-01,28.57,6.96,7,29.331,4.95,10,10,-0.7609999999999992,40.6060606060606,0.32986363636363625
Niger,NER,2024-08-01,26.85,7.95,8,27.312,6.994,10,10,-0.4619999999999997,13.66885902201888,0.14534429511009433
Niger,NER,2024-09-01,27.14,5.79,9,27.655,3.466,10,10,-0.5150000000000006,67.05135603000578,0.42109011348336234
Niger,NER,2024-10-01,27.56,0.54,10,28.529000000000003,0.5660000000000001,10,10,-0.9690000000000047,-4.593639575971735,0.18446819787985946
Niger,NER,2024-11-01,22.78,0.0,11,26.4,0.0,10,10,-3.619999999999997,,1.0
Niger,NER,2024-12-01,21.34,0.0,12,23.334,0.0,10,10,-1.994,,0.6646666666666666
Niger,NER,2025-01-01,23.93,0.0,1,22.96,0.0,10,10,0.9699999999999988,,0.3233333333333329
Niger,NER,2025-02-01,26.78,0.0,2,26.051,0.013,10,10,0.7290000000000028,-100.0,0.6215000000000005
Niger,NER,2025-03-01,32.4,0.0,3,31.021000000000004,0.031,10,10,1.3789999999999942,-100.0,0.7298333333333323
Niger,NER,2025-04-01,34.37,0.0,4,33.972,0.1379999999999999,10,10,0.3979999999999961,-100.0,0.5663333333333327
Niger,NER,2025-05-01,35.45,0.2,5,34.736000000000004,0.683,10,10,0.7139999999999986,-70.71742313323573,0.4725871156661784
Niger,NER,2025-06-01,33.29,1.32,6,31.94,2.91,10,10,1.3500000000000014,-54.63917525773196,0.49819587628866
Niger,NER,2025-07-01,29.65,5.34,7,29.331,4.95,10,10,0.318999999999999,7.878787878787873,0.09256060606060587
Niger,NER,2025-08-01,27.25,8.66,8,27.312,6.994,10,10,-0.0620000000000011,23.820417500714903,0.12943542083690804
Niger,NER,2025-09-01,27.67,2.91,9,27.655,3.466,10,10,0.0150000000000005,-16.041546451240613,0.08270773225620315
Niger,NER,2025-10-01,28.81,0.36,10,28.529000000000003,0.5660000000000001,10,10,0.2809999999999952,-36.3957597173145,0.22881213191990502
Niger,NER,2025-11-01,26.9,0.0,11,26.4,0.0,10,10,0.5,,0.16666666666666666
Niger,NER,2025-12-01,26.36,0.0,12,23.334,0.0,10,10,3.026,,1.0
Niger,NER,2026-01-01,24.86,0.0,1,22.96,0.0,10,10,1.8999999999999984,,0.6333333333333327
Niger,NER,2026-02-01,27.26,0.0,2,26.051,0.013,10,10,1.2090000000000032,-100.0,0.7015000000000006
Niger,NER,2026-03-01,31.06,0.01,3,31.021000000000004,0.031,10,10,0.0389999999999943,-67.74193548387096,0.3452096774193539
Niger,NER,2026-04-01,33.18,0.61,4,33.972,0.1379999999999999,10,10,-0.7920000000000016,342.0289855072464,0.6320000000000002
Niger,NER,2026-05-01,35.59,0.3,5,34.736000000000004,0.683,10,10,0.8539999999999992,-56.0761346998536,0.4227140068326012
Niger,NER,2026-06-01,31.94,5.43,6,31.94,2.91,10,10,3.552713678800501e-15,86.59793814432987,0.43298969072165
Niger,NER,2026-07-01,30.37,3.91,7,29.331,4.95,10,10,1.0390000000000017,-21.01010101010101,0.278217171717172
Niger,NER,2026-08-01,28.76,5.56,8,27.312,6.994,10,10,1.4480000000000004,-20.503288533028314,0.343849775998475
Niger,NER,2026-09-01,,,9,27.655,3.466,10,10,,,
Niger,NER,2026-10-01,,,10,28.529000000000003,0.5660000000000001,10,10,,,
Nigeria,NGA,2015-01-01,24.97,0.0,1,24.854,0.096,10,10,0.1159999999999996,-100.0,0.5193333333333333
Nigeria,NGA,2015-02-01,29.17,0.33,2,27.292,0.108,10,10,1.878,205.55555555555557,0.813
Nigeria,NGA,2015-03-01,28.81,0.68,3,28.965,0.682,10,10,-0.1549999999999975,-0.2932551319648096,0.027299608993156966
Nigeria,NGA,2015-04-01,29.36,0.41,4,28.606,2.082,10,10,0.7539999999999978,-80.30739673390971,0.5272036503362149
Nigeria,NGA,2015-05-01,28.77,1.28,5,27.099,4.643,10,10,1.6709999999999994,-72.43161748869265,0.6406580874434632
Nigeria,NGA,2015-06-01,26.41,2.55,6,25.504,6.351,10,10,0.9060000000000024,-59.84884270193671,0.4502442135096839
Nigeria,NGA,2015-07-01,24.8,6.77,7,24.529,8.009,10,10,0.2710000000000008,-15.47009614184044,0.122517147375869
Nigeria,NGA,2015-08-01,24.22,6.1,8,24.108,7.784999999999999,10,10,0.1120000000000018,-21.64418754014129,0.1268876043673734
Nigeria,NGA,2015-09-01,24.62,6.23,9,24.581,6.776999999999999,10,10,0.0390000000000014,-8.071418031577378,0.046857090157887124
Nigeria,NGA,2015-10-01,25.63,2.61,10,25.118,4.024,10,10,0.5119999999999969,-35.13916500994036,0.26102915838303464
Nigeria,NGA,2015-11-01,26.18,0.23,11,25.192,0.4009999999999999,10,10,0.9879999999999995,-42.643391521197,0.37788362427265165
Nigeria,NGA,2015-12-01,24.21,0.0,12,24.265,0.014,10,10,-0.0549999999999997,-100.0,0.5091666666666667
Nigeria,NGA,2016-01-01,25.99,0.0,1,24.854,0.096,10,10,1.1359999999999992,-100.0,0.6893333333333332
Nigeria,NGA,2016-02-01,28.72,0.0,2,27.292,0.108,10,10,1.4279999999999973,-100.0,0.7379999999999995
Nigeria,NGA,2016-03-01,30.05,1.36,3,28.965,0.682,10,10,1.0850000000000044,99.41348973607036,0.6779007820136859
Nigeria,NGA,2016-04-01,29.01,2.72,4,28.606,2.082,10,10,0.4039999999999999,30.64361191162346,0.2205513928914506
Nigeria,NGA,2016-05-01,26.75,6.53,5,27.099,4.643,10,10,-0.3490000000000002,40.64182640534138,0.2613757986933736
Nigeria,NGA,2016-06-01,25.09,5.63,6,25.504,6.351,10,10,-0.4139999999999979,-11.352542906628878,0.12576271453314405
Nigeria,NGA,2016-07-01,24.27,10.16,7,24.529,8.009,10,10,-0.2590000000000003,26.857285553752025,0.17745309443542684
Nigeria,NGA,2016-08-01,24.11,8.42,8,24.108,7.784999999999999,10,10,0.0020000000000024,8.156711624919726,0.04111689145793237
Nigeria,NGA,2016-09-01,24.38,9.12,9,24.581,6.776999999999999,10,10,-0.2010000000000005,34.57281983178398,0.20636409915891998
Nigeria,NGA,2016-10-01,25.15,3.94,10,25.118,4.024,10,10,0.0319999999999964,-2.0874751491053694,0.01577070907885958
Nigeria,NGA,2016-11-01,24.91,0.01,11,25.192,0.4009999999999999,10,10,-0.282,-97.50623441396507,0.5345311720698254
Nigeria,NGA,2016-12-01,23.94,0.0,12,24.265,0.014,10,10,-0.3249999999999993,-100.0,0.5541666666666666
Nigeria,NGA,2017-01-01,25.2,0.0,1,24.854,0.096,10,10,0.3460000000000001,-100.0,0.5576666666666666
Nigeria,NGA,2017-02-01,26.26,0.0,2,27.292,0.108,10,10,-1.032,-100.0,0.672
Nigeria,NGA,2017-03-01,29.41,0.04,3,28.965,0.682,10,10,0.4450000000000038,-94.1348973607038,0.5448411534701864
Nigeria,NGA,2017-04-01,28.45,1.99,4,28.606,2.082,10,10,-0.1560000000000023,-4.418828049951963,0.0480941402497602
Nigeria,NGA,2017-05-01,26.36,6.13,5,27.099,4.643,10,10,-0.7390000000000008,32.02670687055783,0.28330020101945597
Nigeria,NGA,2017-06-01,25.6,6.85,6,25.504,6.351,10,10,0.0960000000000036,7.857030388915126,0.05528515194457623
Nigeria,NGA,2017-07-01,24.51,7.25,7,24.529,8.009,10,10,-0.0189999999999983,-9.476838556623802,0.05055085944978539
Nigeria,NGA,2017-08-01,24.08,8.81,8,24.108,7.784999999999999,10,10,-0.0279999999999986,13.16634553628775,0.07049839434810518
Nigeria,NGA,2017-09-01,24.53,5.53,9,24.581,6.776999999999999,10,10,-0.0509999999999983,-18.40047218533273,0.10050236092666337
Nigeria,NGA,2017-10-01,25.32,2.27,10,25.118,4.024,10,10,0.2019999999999981,-43.588469184890656,0.2516090125911196
Nigeria,NGA,2017-11-01,24.97,0.0,11,25.192,0.4009999999999999,10,10,-0.2220000000000013,-100.0,0.5370000000000003
Nigeria,NGA,2017-12-01,24.96,0.01,12,24.265,0.014,10,10,0.6950000000000003,-28.57142857142858,0.2586904761904763
Nigeria,NGA,2018-01-01,23.8,0.0,1,24.854,0.096,10,10,-1.0539999999999985,-100.0,0.6756666666666664
Nigeria,NGA,2018-02-01,27.73,0.53,2,27.292,0.108,10,10,0.4379999999999988,390.7407407407408,0.5729999999999998
Nigeria,NGA,2018-03-01,29.06,0.08,3,28.965,0.682,10,10,0.0950000000000024,-88.26979472140764,0.45718230694037193
Nigeria,NGA,2018-04-01,28.82,0.66,4,28.606,2.082,10,10,0.2139999999999986,-68.29971181556195,0.3771652257444762
Nigeria,NGA,2018-05-01,26.83,2.81,5,27.099,4.643,10,10,-0.2690000000000019,-39.47878526814559,0.2422272596740616
Nigeria,NGA,2018-06-01,25.19,8.23,6,25.504,6.351,10,10,-0.3139999999999965,29.585891985514102,0.20026279326090327
Nigeria,NGA,2018-07-01,24.44,5.55,7,24.529,8.009,10,10,-0.0889999999999986,-30.702959170932704,0.1683481291879966
Nigeria,NGA,2018-08-01,24.01,7.89,8,24.108,7.784999999999999,10,10,-0.0979999999999954,1.3487475915221636,0.023077071290943385
Nigeria,NGA,2018-09-01,24.56,4.46,9,24.581,6.776999999999999,10,10,-0.0210000000000007,-34.1891692489302,0.17444584624465112
Nigeria,NGA,2018-10-01,25.23,2.9,10,25.118,4.024,10,10,0.1119999999999983,-27.9324055666004,0.15832869449966838
Nigeria,NGA,2018-11-01,26.28,0.14,11,25.192,0.4009999999999999,10,10,1.088000000000001,-65.08728179551122,0.5067697423108896
Nigeria,NGA,2018-12-01,25.22,0.0,12,24.265,0.014,10,10,0.9549999999999984,-100.0,0.6591666666666665
Nigeria,NGA,2019-01-01,26.58,0.01,1,24.854,0.096,10,10,1.725999999999999,-89.58333333333334,0.7355833333333333
Nigeria,NGA,2019-02-01,27.9,0.07,2,27.292,0.108,10,10,0.607999999999997,-35.18518518518518,0.27725925925925876
Nigeria,NGA,2019-03-01,30.01,0.23,3,28.965,0.682,10,10,1.0450000000000053,-66.27565982404693,0.5055449657869022
Nigeria,NGA,2019-04-01,30.66,0.2,4,28.606,2.082,10,10,2.0539999999999985,-90.3938520653218,0.7943025936599422
Nigeria,NGA,2019-05-01,27.27,3.45,5,27.099,4.643,10,10,0.1709999999999993,-25.694594012491915,0.15697297006245947
Nigeria,NGA,2019-06-01,26.04,3.55,6,25.504,6.351,10,10,0.5360000000000014,-44.10329082034325,0.3098497874350498
Nigeria,NGA,2019-07-01,24.82,5.29,7,24.529,8.009,10,10,0.2910000000000003,-33.949307029591715,0.2182465351479586
Nigeria,NGA,2019-08-01,23.89,11.11,8,24.108,7.784999999999999,10,10,-0.2179999999999964,42.71034039820167,0.2498850353243411
Nigeria,NGA,2019-09-01,24.62,8.56,9,24.581,6.776999999999999,10,10,0.0390000000000014,26.30957650877972,0.13804788254389883
Nigeria,NGA,2019-10-01,24.19,8.71,10,25.118,4.024,10,10,-0.9280000000000008,116.4512922465209,0.6546666666666668
Nigeria,NGA,2019-11-01,25.62,1.27,11,25.192,0.4009999999999999,10,10,0.4280000000000008,216.70822942643392,0.5713333333333335
Nigeria,NGA,2019-12-01,23.39,0.0,12,24.265,0.014,10,10,-0.875,-100.0,0.6458333333333334
Nigeria,NGA,2020-01-01,23.8,0.0,1,24.854,0.096,10,10,-1.0539999999999985,-100.0,0.6756666666666664
Nigeria,NGA,2020-02-01,26.49,0.0,2,27.292,0.108,10,10,-0.8020000000000032,-100.0,0.6336666666666672
Nigeria,NGA,2020-03-01,28.65,1.09,3,28.965,0.682,10,10,-0.3149999999999977,59.82404692082112,0.3516202346041052
Nigeria,NGA,2020-04-01,27.01,4.44,4,28.606,2.082,10,10,-1.596,113.25648414985594,0.766
Nigeria,NGA,2020-05-01,26.34,5.13,5,27.099,4.643,10,10,-0.7590000000000003,10.48890803359897,0.1789445401679949
Nigeria,NGA,2020-06-01,25.07,6.61,6,25.504,6.351,10,10,-0.4339999999999975,4.078097937332709,0.09272382301999646
Nigeria,NGA,2020-07-01,23.86,11.31,7,24.529,8.009,10,10,-0.6690000000000005,41.21613185166687,0.31758065925833445
Nigeria,NGA,2020-08-01,23.71,4.21,8,24.108,7.784999999999999,10,10,-0.3979999999999961,-45.92164418754014,0.29594155427103336
Nigeria,NGA,2020-09-01,24.11,9.44,9,24.581,6.776999999999999,10,10,-0.4710000000000001,39.294673159215,0.274973365796075
Nigeria,NGA,2020-10-01,24.82,3.12,10,25.118,4.024,10,10,-0.2980000000000018,-22.465208747514907,0.1619927104042415
Nigeria,NGA,2020-11-01,24.85,0.15,11,25.192,0.4009999999999999,10,10,-0.3419999999999987,-62.59351620947632,0.36996758104738137
Nigeria,NGA,2020-12-01,25.35,0.0,12,24.265,0.014,10,10,1.0850000000000009,-100.0,0.6808333333333335
Nigeria,NGA,2021-01-01,25.54,0.0,1,24.854,0.096,10,10,0.6859999999999999,-100.0,0.6143333333333333
Nigeria,NGA,2021-02-01,27.0,0.01,2,27.292,0.108,10,10,-0.2920000000000016,-90.74074074074076,0.5023703703703708
Nigeria,NGA,2021-03-01,28.23,0.87,3,28.965,0.682,10,10,-0.7349999999999959,27.565982404692075,0.2603299120234597
Nigeria,NGA,2021-04-01,28.18,1.72,4,28.606,2.082,10,10,-0.4260000000000019,-17.387127761767527,0.15793563880883793
Nigeria,NGA,2021-05-01,27.69,2.25,5,27.099,4.643,10,10,0.5910000000000011,-51.53995261684256,0.35619976308421303
Nigeria,NGA,2021-06-01,25.35,8.26,6,25.504,6.351,10,10,-0.1539999999999963,30.05825854196189,0.17595795937647551
Nigeria,NGA,2021-07-01,24.11,7.7,7,24.529,8.009,10,10,-0.4190000000000005,-3.858159570483208,0.08912413118574945
Nigeria,NGA,2021-08-01,23.92,10.69,8,24.108,7.784999999999999,10,10,-0.1879999999999952,37.315350032113045,0.21791008349389773
Nigeria,NGA,2021-09-01,24.59,7.45,9,24.581,6.776999999999999,10,10,0.0090000000000003,9.930647779253372,0.051153238896266905
Nigeria,NGA,2021-10-01,25.3,4.33,10,25.118,4.024,10,10,0.1819999999999986,7.60437375745527,0.06835520212060944
Nigeria,NGA,2021-11-01,24.78,1.38,11,25.192,0.4009999999999999,10,10,-0.411999999999999,244.13965087281792,0.5686666666666665
Nigeria,NGA,2021-12-01,22.76,0.13,12,24.265,0.014,10,10,-1.504999999999999,828.5714285714284,0.7508333333333332
Nigeria,NGA,2022-01-01,23.15,0.94,1,24.854,0.096,10,10,-1.7040000000000006,879.1666666666666,0.784
Nigeria,NGA,2022-02-01,24.83,0.0,2,27.292,0.108,10,10,-2.4620000000000037,-100.0,0.9103333333333339
Nigeria,NGA,2022-03-01,27.95,0.84,3,28.965,0.682,10,10,-1.014999999999997,23.167155425219928,0.2850024437927658
Nigeria,NGA,2022-04-01,26.66,5.4,4,28.606,2.082,10,10,-1.9460000000000013,159.36599423631128,0.8243333333333336
Nigeria,NGA,2022-05-01,25.68,13.12,5,27.099,4.643,10,10,-1.4190000000000005,182.5759207409003,0.7365
Nigeria,NGA,2022-06-01,24.56,9.61,6,25.504,6.351,10,10,-0.9439999999999992,51.31475358211305,0.4139071012438984
Nigeria,NGA,2022-07-01,24.14,4.43,7,24.529,8.009,10,10,-0.3889999999999993,-44.68722686977152,0.28826946768219086
Nigeria,NGA,2022-08-01,23.72,11.18,8,24.108,7.784999999999999,10,10,-0.3879999999999981,43.60950545921645,0.2827141939627486
Nigeria,NGA,2022-09-01,23.98,7.83,9,24.581,6.776999999999999,10,10,-0.6009999999999991,15.537848605577704,0.17785590969455503
Nigeria,NGA,2022-10-01,24.36,4.18,10,25.118,4.024,10,10,-0.7580000000000027,3.876739562624247,0.145717031146455
Nigeria,NGA,2022-11-01,23.89,0.01,11,25.192,0.4009999999999999,10,10,-1.3019999999999996,-97.50623441396507,0.7045311720698253
Nigeria,NGA,2022-12-01,22.44,0.0,12,24.265,0.014,10,10,-1.8249999999999995,-100.0,0.8041666666666666
Nigeria,NGA,2023-01-01,23.71,0.01,1,24.854,0.096,10,10,-1.1439999999999984,-89.58333333333334,0.6385833333333332
Nigeria,NGA,2023-02-01,25.94,0.08,2,27.292,0.108,10,10,-1.3520000000000003,-25.92592592592593,0.35496296296296304
Nigeria,NGA,2023-03-01,27.43,0.76,3,28.965,0.682,10,10,-1.5349999999999966,11.43695014662756,0.3130180840664705
Nigeria,NGA,2023-04-01,28.04,1.17,4,28.606,2.082,10,10,-0.5660000000000025,-43.80403458213256,0.31335350624399655
Nigeria,NGA,2023-05-01,27.22,3.11,5,27.099,4.643,10,10,0.1209999999999986,-33.01744561705794,0.18525389475195614
Nigeria,NGA,2023-06-01,25.3,8.17,6,25.504,6.351,10,10,-0.203999999999997,28.641158872618483,0.17720579436309192
Nigeria,NGA,2023-07-01,25.38,4.87,7,24.529,8.009,10,10,0.8509999999999991,-39.19340741665626,0.3378003704166145
Nigeria,NGA,2023-08-01,25.04,4.89,8,24.108,7.784999999999999,10,10,0.9320000000000022,-37.1868978805395,0.3412678227360312
Nigeria,NGA,2023-09-01,25.49,4.94,9,24.581,6.776999999999999,10,10,0.9089999999999988,-27.106389257783665,0.28703194628891815
Nigeria,NGA,2023-10-01,26.05,4.91,10,25.118,4.024,10,10,0.9319999999999986,22.01789264413519,0.2654227965540091
Nigeria,NGA,2023-11-01,26.07,0.82,11,25.192,0.4009999999999999,10,10,0.8780000000000001,104.48877805486283,0.6463333333333333
Nigeria,NGA,2023-12-01,25.56,0.0,12,24.265,0.014,10,10,1.2949999999999982,-100.0,0.715833333333333
Nigeria,NGA,2024-01-01,25.8,0.0,1,24.854,0.096,10,10,0.9460000000000016,-100.0,0.657666666666667
Nigeria,NGA,2024-02-01,28.88,0.06,2,27.292,0.108,10,10,1.5879999999999974,-44.44444444444445,0.4868888888888885
Nigeria,NGA,2024-03-01,30.05,0.87,3,28.965,0.682,10,10,1.0850000000000044,27.565982404692075,0.31866324535679447
Nigeria,NGA,2024-04-01,29.87,2.11,4,28.606,2.082,10,10,1.2639999999999991,1.3448607108549484,0.21739097022094128
Nigeria,NGA,2024-05-01,28.08,2.62,5,27.099,4.643,10,10,0.980999999999998,-43.57096704716778,0.3813548352358386
Nigeria,NGA,2024-06-01,26.43,4.05,6,25.504,6.351,10,10,0.926000000000002,-36.23051487954653,0.33548590773106635
Nigeria,NGA,2024-07-01,24.96,16.76,7,24.529,8.009,10,10,0.4310000000000009,109.26457735048072,0.5718333333333335
Nigeria,NGA,2024-08-01,24.38,4.55,8,24.108,7.784999999999999,10,10,0.272000000000002,-41.55427103403982,0.25310468850353274
Nigeria,NGA,2024-09-01,24.93,4.21,9,24.581,6.776999999999999,10,10,0.3490000000000002,-37.87811716098568,0.2475572524715951
Nigeria,NGA,2024-10-01,25.13,3.27,10,25.118,4.024,10,10,0.0119999999999969,-18.737574552683892,0.09568787276341895
Nigeria,NGA,2024-11-01,24.37,0.0,11,25.192,0.4009999999999999,10,10,-0.8219999999999992,-100.0,0.6369999999999999
Nigeria,NGA,2024-12-01,24.82,0.0,12,24.265,0.014,10,10,0.5549999999999997,-100.0,0.5924999999999999
Nigeria,NGA,2025-01-01,27.06,0.0,1,24.854,0.096,10,10,2.2059999999999995,-100.0,0.8676666666666666
Nigeria,NGA,2025-02-01,28.75,0.15,2,27.292,0.108,10,10,1.4579999999999984,38.888888888888864,0.4374444444444441
Nigeria,NGA,2025-03-01,31.53,0.12,3,28.965,0.682,10,10,2.565000000000005,-82.40469208211144,0.839523460410558
Nigeria,NGA,2025-04-01,30.86,1.82,4,28.606,2.082,10,10,2.253999999999998,-12.584053794428424,0.43858693563880846
Nigeria,NGA,2025-05-01,28.55,2.06,5,27.099,4.643,10,10,1.4510000000000003,-55.63213439586474,0.519994005312657
Nigeria,NGA,2025-06-01,25.96,5.73,6,25.504,6.351,10,10,0.456000000000003,-9.777987718469523,0.12488993859234812
Nigeria,NGA,2025-07-01,24.43,5.71,7,24.529,8.009,10,10,-0.0990000000000002,-28.70520664252716,0.16002603321263584
Nigeria,NGA,2025-08-01,24.08,5.78,8,24.108,7.784999999999999,10,10,-0.0279999999999986,-25.754656390494528,0.13343994861913908
Nigeria,NGA,2025-09-01,24.93,6.28,9,24.581,6.776999999999999,10,10,0.3490000000000002,-7.333628449166284,0.09483480891249813
Nigeria,NGA,2025-10-01,25.51,2.62,10,25.118,4.024,10,10,0.3919999999999994,-34.89065606361829,0.23978661365142467
Nigeria,NGA,2025-11-01,27.18,0.08,11,25.192,0.4009999999999999,10,10,1.9879999999999995,-80.0498753117207,0.7315827098919367
Nigeria,NGA,2025-12-01,27.78,0.01,12,24.265,0.014,10,10,3.515000000000001,-28.57142857142858,0.6428571428571429
Nigeria,NGA,2026-01-01,28.43,0.02,1,24.854,0.096,10,10,3.5760000000000005,-79.16666666666666,0.8958333333333333
Nigeria,NGA,2026-02-01,29.51,0.03,2,27.292,0.108,10,10,2.218,-72.22222222222221,0.7307777777777777
Nigeria,NGA,2026-03-01,30.34,0.2,3,28.965,0.682,10,10,1.3750000000000036,-70.67448680351906,0.5825391006842625
Nigeria,NGA,2026-04-01,28.43,2.88,4,28.606,2.082,10,10,-0.1760000000000019,38.328530259366,0.22097598463016366
Nigeria,NGA,2026-05-01,27.49,6.32,5,27.099,4.643,10,10,0.3909999999999982,36.11888864958003,0.2457611099145665
Nigeria,NGA,2026-06-01,25.72,9.98,6,25.504,6.351,10,10,0.216000000000001,57.14060777830263,0.3217030388915133
Nigeria,NGA,2026-07-01,25.38,8.48,7,24.529,8.009,10,10,0.8509999999999991,5.8808840054938205,0.17123775336080227
Nigeria,NGA,2026-08-01,25.29,7.91,8,24.108,7.784999999999999,10,10,1.1820000000000022,1.6056518946692473,0.2050282594733466
Nigeria,NGA,2026-09-01,,,9,24.581,6.776999999999999,10,10,,,
Nigeria,NGA,2026-10-01,,,10,25.118,4.024,10,10,,,
Rwanda,RWA,2015-01-01,20.09,1.5,1,20.025,3.877,10,10,0.0650000000000012,-61.31029146247099,0.3173847906456885
Rwanda,RWA,2015-02-01,20.8,2.42,2,20.630000000000003,4.584,10,10,0.1699999999999981,-47.20767888307155,0.2643717277486908
Rwanda,RWA,2015-03-01,20.71,3.77,3,20.228,4.513,10,10,0.4819999999999993,-16.463549745180586,0.16265108205923615
Rwanda,RWA,2015-04-01,19.56,3.99,4,19.571,6.473000000000001,10,10,-0.0109999999999992,-38.35933879190484,0.1936300272928574
Rwanda,RWA,2015-05-01,19.48,3.0,5,19.347,3.0420000000000003,10,10,0.1329999999999991,-1.3806706114398506,0.02907001972386577
Rwanda,RWA,2015-06-01,19.74,2.26,6,18.712,1.174,10,10,1.0279999999999987,92.50425894378192,0.6338546280522428
Rwanda,RWA,2015-07-01,20.48,0.31,7,18.872,0.571,10,10,1.6080000000000003,-45.7092819614711,0.49654640980735554
Rwanda,RWA,2015-08-01,21.52,0.34,8,20.309,1.45,10,10,1.2109999999999983,-76.55172413793103,0.5845919540229882
Rwanda,RWA,2015-09-01,21.46,1.99,9,20.918,2.8310000000000004,10,10,0.5420000000000016,-29.706817379018023,0.23886742022842372
Rwanda,RWA,2015-10-01,20.63,4.7,10,20.351,4.382,10,10,0.2789999999999999,7.256960292104074,0.08278480146052036
Rwanda,RWA,2015-11-01,19.42,8.28,11,19.474,6.065,10,10,-0.0539999999999984,36.52102225886232,0.19160511129431132
Rwanda,RWA,2015-12-01,19.62,2.79,12,19.756,3.836,10,10,-0.1359999999999992,-27.267987486965584,0.15900660410149445
Rwanda,RWA,2016-01-01,20.26,2.72,1,20.025,3.877,10,10,0.2350000000000029,-29.842661851947383,0.18837997592640407
Rwanda,RWA,2016-02-01,21.75,1.42,2,20.630000000000003,4.584,10,10,1.1199999999999974,-69.02268760907504,0.5317801047120414
Rwanda,RWA,2016-03-01,21.98,3.5,3,20.228,4.513,10,10,1.751999999999999,-22.446266341679596,0.4042313317083978
Rwanda,RWA,2016-04-01,20.06,8.0,4,19.571,6.473000000000001,10,10,0.4890000000000007,23.5902981615943,0.19945149080797162
Rwanda,RWA,2016-05-01,19.11,2.75,5,19.347,3.0420000000000003,10,10,-0.2370000000000018,-9.59894806048653,0.08749474030243296
Rwanda,RWA,2016-06-01,18.72,0.18,6,18.712,1.174,10,10,0.0079999999999991,-84.66780238500851,0.42467234525837577
Rwanda,RWA,2016-07-01,19.24,0.1,7,18.872,0.571,10,10,0.3679999999999985,-82.48686514886164,0.4737676590776413
Rwanda,RWA,2016-08-01,21.1,0.3,8,20.309,1.45,10,10,0.7910000000000004,-79.31034482758619,0.5283850574712643
Rwanda,RWA,2016-09-01,21.14,3.32,9,20.918,2.8310000000000004,10,10,0.2220000000000013,17.273048392794045,0.12336524196397045
Rwanda,RWA,2016-10-01,20.64,3.92,10,20.351,4.382,10,10,0.2890000000000015,-10.543130990415332,0.10088232161874358
Rwanda,RWA,2016-11-01,19.63,2.62,11,19.474,6.065,10,10,0.1559999999999988,-56.80131904369332,0.3100065952184664
Rwanda,RWA,2016-12-01,20.53,1.66,12,19.756,3.836,10,10,0.7740000000000009,-56.725755995829,0.41262877997914515
Rwanda,RWA,2017-01-01,21.92,1.52,1,20.025,3.877,10,10,1.8950000000000031,-60.7944286819706,0.6198054767431869
Rwanda,RWA,2017-02-01,21.14,2.71,2,20.630000000000003,4.584,10,10,0.509999999999998,-40.881326352530536,0.28940663176265236
Rwanda,RWA,2017-03-01,20.15,3.97,3,20.228,4.513,10,10,-0.0780000000000029,-12.03190782184799,0.07315953910924043
Rwanda,RWA,2017-04-01,19.86,3.28,4,19.571,6.473000000000001,10,10,0.2890000000000015,-49.32797775374634,0.2948065554353986
Rwanda,RWA,2017-05-01,19.83,3.34,5,19.347,3.0420000000000003,10,10,0.482999999999997,9.796186719263629,0.12948093359631765
Rwanda,RWA,2017-06-01,20.69,0.34,6,18.712,1.174,10,10,1.978000000000001,-71.03918228279386,0.6848625780806361
Rwanda,RWA,2017-07-01,21.28,0.35,7,18.872,0.571,10,10,2.4080000000000013,-38.704028021015766,0.5948534734384123
Rwanda,RWA,2017-08-01,21.32,1.49,8,20.309,1.45,10,10,1.0109999999999992,2.758620689655175,0.18229310344827573
Rwanda,RWA,2017-09-01,21.29,2.0,9,20.918,2.8310000000000004,10,10,0.3719999999999999,-29.353585305545757,0.20876792652772874
Rwanda,RWA,2017-10-01,21.13,3.78,10,20.351,4.382,10,10,0.7789999999999999,-13.738019169329071,0.19852342917997867
Rwanda,RWA,2017-11-01,19.48,6.03,11,19.474,6.065,10,10,0.0060000000000002,-0.5770816158285121,0.0038854080791425943
Rwanda,RWA,2017-12-01,20.43,2.15,12,19.756,3.836,10,10,0.6739999999999995,-43.95203336809176,0.3320935001737921
Rwanda,RWA,2018-01-01,19.55,4.45,1,20.025,3.877,10,10,-0.4749999999999978,14.779468661336082,0.1530640099733467
Rwanda,RWA,2018-02-01,21.22,1.97,2,20.630000000000003,4.584,10,10,0.5899999999999963,-57.02443280977313,0.38345549738219836
Rwanda,RWA,2018-03-01,19.13,7.38,3,20.228,4.513,10,10,-1.0980000000000023,63.52758697097275,0.5006379348548642
Rwanda,RWA,2018-04-01,18.9,10.73,4,19.571,6.473000000000001,10,10,-0.6709999999999994,65.76548740923836,0.44066077037952506
Rwanda,RWA,2018-05-01,18.56,3.46,5,19.347,3.0420000000000003,10,10,-0.7870000000000026,13.740959894806036,0.19987146614069728
Rwanda,RWA,2018-06-01,17.38,1.01,6,18.712,1.174,10,10,-1.3320000000000007,-13.969335604770013,0.29184667802385017
Rwanda,RWA,2018-07-01,16.85,0.57,7,18.872,0.571,10,10,-2.0219999999999985,-0.1751313485113837,0.33787565674255665
Rwanda,RWA,2018-08-01,18.92,1.99,8,20.309,1.45,10,10,-1.3889999999999991,37.24137931034483,0.417706896551724
Rwanda,RWA,2018-09-01,20.42,2.2,9,20.918,2.8310000000000004,10,10,-0.4979999999999975,-22.288943836100323,0.1944447191805012
Rwanda,RWA,2018-10-01,19.88,3.74,10,20.351,4.382,10,10,-0.4710000000000001,-14.650844363304415,0.1517542218165221
Rwanda,RWA,2018-11-01,19.58,3.1,11,19.474,6.065,10,10,0.1059999999999981,-48.887056883759264,0.2621019510854627
Rwanda,RWA,2018-12-01,19.4,3.47,12,19.756,3.836,10,10,-0.3560000000000016,-9.54118873826902,0.10703927702467869
Rwanda,RWA,2019-01-01,20.19,2.76,1,20.025,3.877,10,10,0.1650000000000027,-28.81093629094662,0.17155468145473354
Rwanda,RWA,2019-02-01,20.8,3.06,2,20.630000000000003,4.584,10,10,0.1699999999999981,-33.24607329842932,0.19456369982547964
Rwanda,RWA,2019-03-01,20.85,2.51,3,20.228,4.513,10,10,0.6219999999999999,-44.38289386217594,0.32558113597754634
Rwanda,RWA,2019-04-01,20.16,4.39,4,19.571,6.473000000000001,10,10,0.5890000000000022,-32.17982388382513,0.25906578608579267
Rwanda,RWA,2019-05-01,19.37,3.88,5,19.347,3.0420000000000003,10,10,0.0229999999999996,27.54766600920446,0.14157166337935556
Rwanda,RWA,2019-06-01,18.81,2.61,6,18.712,1.174,10,10,0.0979999999999989,122.31686541737648,0.5163333333333332
Rwanda,RWA,2019-07-01,19.24,1.39,7,18.872,0.571,10,10,0.3679999999999985,143.4325744308231,0.5613333333333331
Rwanda,RWA,2019-08-01,20.19,1.04,8,20.309,1.45,10,10,-0.1189999999999997,-28.275862068965512,0.16121264367816085
Rwanda,RWA,2019-09-01,21.11,2.68,9,20.918,2.8310000000000004,10,10,0.1920000000000001,-5.333804309431304,0.05866902154715654
Rwanda,RWA,2019-10-01,19.23,8.27,10,20.351,4.382,10,10,-1.1209999999999989,88.72660885440439,0.6304663776053551
Rwanda,RWA,2019-11-01,19.29,5.74,11,19.474,6.065,10,10,-0.184000000000001,-5.358615004122001,0.057459741687276834
Rwanda,RWA,2019-12-01,19.53,6.07,12,19.756,3.836,10,10,-0.2259999999999991,58.23774765380606,0.3288554049356968
Rwanda,RWA,2020-01-01,19.73,5.19,1,20.025,3.877,10,10,-0.2949999999999981,33.866391539850405,0.21849862436591838
Rwanda,RWA,2020-02-01,19.95,7.56,2,20.630000000000003,4.584,10,10,-0.6800000000000033,64.92146596858639,0.43794066317626584
Rwanda,RWA,2020-03-01,19.99,9.27,3,20.228,4.513,10,10,-0.2380000000000031,105.40660314646576,0.5396666666666672
Rwanda,RWA,2020-04-01,19.58,9.19,4,19.571,6.473000000000001,10,10,0.0090000000000003,41.97435501313144,0.21137177506565724
Rwanda,RWA,2020-05-01,19.01,3.22,5,19.347,3.0420000000000003,10,10,-0.3369999999999997,5.851413543721233,0.08542373438527279
Rwanda,RWA,2020-06-01,17.6,2.33,6,18.712,1.174,10,10,-1.1119999999999983,98.46678023850087,0.6776672345258374
Rwanda,RWA,2020-07-01,17.13,1.65,7,18.872,0.571,10,10,-1.7420000000000009,188.96672504378284,0.7903333333333336
Rwanda,RWA,2020-08-01,19.24,0.97,8,20.309,1.45,10,10,-1.0690000000000026,-33.10344827586207,0.3436839080459775
Rwanda,RWA,2020-09-01,20.13,1.53,9,20.918,2.8310000000000004,10,10,-0.7880000000000003,-45.9554927587425,0.36111079712704586
Rwanda,RWA,2020-10-01,19.68,5.06,10,20.351,4.382,10,10,-0.6709999999999994,15.472387037882246,0.18919526852274446
Rwanda,RWA,2020-11-01,19.15,10.31,11,19.474,6.065,10,10,-0.3240000000000016,69.99175597691676,0.40395877988458406
Rwanda,RWA,2020-12-01,19.2,4.32,12,19.756,3.836,10,10,-0.5560000000000009,12.61730969760168,0.15575321515467522
Rwanda,RWA,2021-01-01,19.06,7.3,1,20.025,3.877,10,10,-0.965,88.28991488264121,0.6022829077465395
Rwanda,RWA,2021-02-01,19.69,8.78,2,20.630000000000003,4.584,10,10,-0.9400000000000012,91.53577661431063,0.6143455497382201
Rwanda,RWA,2021-03-01,19.23,2.38,3,20.228,4.513,10,10,-0.9980000000000012,-47.26346111234213,0.40265063889504416
Rwanda,RWA,2021-04-01,18.88,6.54,4,19.571,6.473000000000001,10,10,-0.690999999999999,1.035068747103341,0.12034201040218319
Rwanda,RWA,2021-05-01,18.97,2.87,5,19.347,3.0420000000000003,10,10,-0.3770000000000024,-5.65417488494412,0.09110420775805433
Rwanda,RWA,2021-06-01,17.82,0.7,6,18.712,1.174,10,10,-0.8919999999999995,-40.3747870528109,0.3505406019307211
Rwanda,RWA,2021-07-01,17.42,0.44,7,18.872,0.571,10,10,-1.4519999999999982,-22.94220665499124,0.3567110332749559
Rwanda,RWA,2021-08-01,19.35,2.25,8,20.309,1.45,10,10,-0.9589999999999996,55.172413793103445,0.4356954022988505
Rwanda,RWA,2021-09-01,19.91,5.15,9,20.918,2.8310000000000004,10,10,-1.0079999999999991,81.9145178382197,0.5775725891910983
Rwanda,RWA,2021-10-01,20.47,2.34,10,20.351,4.382,10,10,0.1189999999999997,-46.59972615244181,0.2528319640955423
Rwanda,RWA,2021-11-01,19.52,5.73,11,19.474,6.065,10,10,0.0459999999999993,-5.523495465787289,0.03528414399560299
Rwanda,RWA,2021-12-01,19.32,6.29,12,19.756,3.836,10,10,-0.4359999999999999,63.97288842544317,0.39253110879388253
Rwanda,RWA,2022-01-01,19.67,4.95,1,20.025,3.877,10,10,-0.3549999999999969,27.67603817384575,0.1975468575358949
Rwanda,RWA,2022-02-01,19.46,12.97,2,20.630000000000003,4.584,10,10,-1.1700000000000017,182.9406631762653,0.6950000000000003
Rwanda,RWA,2022-03-01,19.7,5.21,3,20.228,4.513,10,10,-0.5280000000000022,15.444272102814091,0.16522136051407083
Rwanda,RWA,2022-04-01,19.18,5.47,4,19.571,6.473000000000001,10,10,-0.3909999999999982,-15.4951336320099,0.14264233482671584
Rwanda,RWA,2022-05-01,18.91,3.16,5,19.347,3.0420000000000003,10,10,-0.4370000000000011,3.879026955950029,0.09222846811308366
Rwanda,RWA,2022-06-01,17.36,0.92,6,18.712,1.174,10,10,-1.3520000000000003,-21.63543441226575,0.33351050539466215
Rwanda,RWA,2022-07-01,17.22,0.37,7,18.872,0.571,10,10,-1.652000000000001,-35.201401050788085,0.4513403385872739
Rwanda,RWA,2022-08-01,18.63,5.17,8,20.309,1.45,10,10,-1.679000000000002,256.551724137931,0.7798333333333336
Rwanda,RWA,2022-09-01,19.48,4.32,9,20.918,2.8310000000000004,10,10,-1.4379999999999988,52.59625574002118,0.5026479453667724
Rwanda,RWA,2022-10-01,19.76,3.03,10,20.351,4.382,10,10,-0.5909999999999975,-30.85349155636696,0.2527674577818344
Rwanda,RWA,2022-11-01,18.98,6.43,11,19.474,6.065,10,10,-0.4939999999999998,6.018136850783186,0.11242401758724924
Rwanda,RWA,2022-12-01,19.14,3.42,12,19.756,3.836,10,10,-0.6159999999999997,-10.84462982273201,0.15688981578032668
Rwanda,RWA,2023-01-01,19.3,1.37,1,20.025,3.877,10,10,-0.7249999999999979,-64.6633995357235,0.44415033101195045
Rwanda,RWA,2023-02-01,20.43,1.75,2,20.630000000000003,4.584,10,10,-0.2000000000000028,-61.823734729493886,0.34245200698080325
Rwanda,RWA,2023-03-01,19.76,3.56,3,20.228,4.513,10,10,-0.4679999999999999,-21.11677376467981,0.18358386882339903
Rwanda,RWA,2023-04-01,19.35,7.77,4,19.571,6.473000000000001,10,10,-0.2209999999999965,20.037077089448456,0.13701871878057503
Rwanda,RWA,2023-05-01,19.87,2.65,5,19.347,3.0420000000000003,10,10,0.5229999999999997,-12.886259040105204,0.15159796186719263
Rwanda,RWA,2023-06-01,19.57,1.13,6,18.712,1.174,10,10,0.8580000000000005,-3.7478705281090328,0.16173935264054526
Rwanda,RWA,2023-07-01,19.21,0.04,7,18.872,0.571,10,10,0.3380000000000009,-92.99474605954464,0.5213070636310567
Rwanda,RWA,2023-08-01,21.36,0.3,8,20.309,1.45,10,10,1.0509999999999984,-79.31034482758619,0.5717183908045973
Rwanda,RWA,2023-09-01,21.48,2.91,9,20.918,2.8310000000000004,10,10,0.5620000000000012,2.7905333804309334,0.10761933356882153
Rwanda,RWA,2023-10-01,21.29,2.15,10,20.351,4.382,10,10,0.939,-50.935645823824736,0.4111782291191237
Rwanda,RWA,2023-11-01,19.72,5.28,11,19.474,6.065,10,10,0.2459999999999986,-12.943116240725464,0.10571558120362709
Rwanda,RWA,2023-12-01,20.69,3.82,12,19.756,3.836,10,10,0.934000000000001,-0.4171011470281547,0.1577521724018076
Rwanda,RWA,2024-01-01,20.48,7.01,1,20.025,3.877,10,10,0.4550000000000018,80.8099045653856,0.4798828561602616
Rwanda,RWA,2024-02-01,21.06,3.2,2,20.630000000000003,4.584,10,10,0.4299999999999961,-30.19197207678882,0.22262652705061012
Rwanda,RWA,2024-03-01,20.78,3.58,3,20.228,4.513,10,10,0.5519999999999996,-20.673609572346557,0.19536804786173273
Rwanda,RWA,2024-04-01,20.18,5.37,4,19.571,6.473000000000001,10,10,0.6090000000000018,-17.040012359029824,0.18670006179514942
Rwanda,RWA,2024-05-01,20.36,2.09,5,19.347,3.0420000000000003,10,10,1.012999999999998,-31.29520052596977,0.3253093359631818
Rwanda,RWA,2024-06-01,19.43,0.26,6,18.712,1.174,10,10,0.718,-77.85349233390119,0.5089341283361726
Rwanda,RWA,2024-07-01,20.65,0.49,7,18.872,0.571,10,10,1.7779999999999987,-14.185639229422062,0.36726152948044344
Rwanda,RWA,2024-08-01,21.46,0.65,8,20.309,1.45,10,10,1.1509999999999998,-55.172413793103445,0.46769540229885054
Rwanda,RWA,2024-09-01,22.76,2.21,9,20.918,2.8310000000000004,10,10,1.8420000000000023,-21.93571176262806,0.4166785588131407
Rwanda,RWA,2024-10-01,20.8,6.83,10,20.351,4.382,10,10,0.4490000000000016,55.864901871291664,0.3541578426897919
Rwanda,RWA,2024-11-01,19.97,7.13,11,19.474,6.065,10,10,0.4959999999999986,17.559769167353675,0.1704655125034348
Rwanda,RWA,2024-12-01,19.7,4.37,12,19.756,3.836,10,10,-0.0560000000000009,13.920750782064658,0.07893708724365678
Rwanda,RWA,2025-01-01,20.12,1.78,1,20.025,3.877,10,10,0.0950000000000024,-54.08821253546557,0.2862743960106616
Rwanda,RWA,2025-02-01,21.35,2.05,2,20.630000000000003,4.584,10,10,0.7199999999999989,-55.27923211169284,0.39639616055846405
Rwanda,RWA,2025-03-01,21.26,2.91,3,20.228,4.513,10,10,1.032,-35.51961001551074,0.34959805007755373
Rwanda,RWA,2025-04-01,20.36,3.76,4,19.571,6.473000000000001,10,10,0.7890000000000015,-41.91255986405068,0.34106279932025363
Rwanda,RWA,2025-05-01,19.59,3.05,5,19.347,3.0420000000000003,10,10,0.2429999999999985,0.2629848783694793,0.04181492439184715
Rwanda,RWA,2025-06-01,19.59,1.82,6,18.712,1.174,10,10,0.8780000000000001,55.025553662691664,0.4214611016467916
Rwanda,RWA,2025-07-01,19.89,0.27,7,18.872,0.571,10,10,1.018000000000001,-52.71453590192644,0.433239346176299
Rwanda,RWA,2025-08-01,19.9,4.95,8,20.309,1.45,10,10,-0.4090000000000025,241.3793103448276,0.568166666666667
Rwanda,RWA,2025-09-01,21.33,1.1,9,20.918,2.8310000000000004,10,10,0.411999999999999,-61.14447191805016,0.3743890262569173
Rwanda,RWA,2025-10-01,20.99,2.56,10,20.351,4.382,10,10,0.6389999999999993,-41.57918758557735,0.3143959379278866
Rwanda,RWA,2025-11-01,20.94,2.62,11,19.474,6.065,10,10,1.466000000000001,-56.80131904369332,0.5283399285518001
Rwanda,RWA,2025-12-01,20.98,3.48,12,19.756,3.836,10,10,1.2240000000000002,-9.28050052137643,0.2504025026068822
Rwanda,RWA,2026-01-01,21.21,4.9,1,20.025,3.877,10,10,1.1850000000000025,26.38638122259479,0.32943190611297435
Rwanda,RWA,2026-02-01,20.2,3.93,2,20.630000000000003,4.584,10,10,-0.4300000000000032,-14.267015706806273,0.14300174520069858
Rwanda,RWA,2026-03-01,20.35,5.6,3,20.228,4.513,10,10,0.1219999999999998,24.085973853312648,0.14076320259989655
Rwanda,RWA,2026-04-01,20.09,3.26,4,19.571,6.473000000000001,10,10,0.5190000000000019,-49.63695349915033,0.334684767495752
Rwanda,RWA,2026-05-01,19.94,3.3,5,19.347,3.0420000000000003,10,10,0.593,8.48126232741616,0.14123964497041414
Rwanda,RWA,2026-06-01,20.57,0.16,6,18.712,1.174,10,10,1.8580000000000003,-86.37137989778535,0.7415235661555934
Rwanda,RWA,2026-07-01,21.31,0.79,7,18.872,0.571,10,10,2.437999999999999,38.35376532399301,0.5981021599532982
Rwanda,RWA,2026-08-01,22.59,0.07,8,20.309,1.45,10,10,2.280999999999999,-95.17241379310344,0.8560287356321837
Rwanda,RWA,2026-09-01,,,9,20.918,2.8310000000000004,10,10,,,
Rwanda,RWA,2026-10-01,,,10,20.351,4.382,10,10,,,
Sudan,SDN,2015-01-01,20.86,0.0,1,21.628,0.001,10,10,-0.7680000000000007,-100.0,0.6280000000000001
Sudan,SDN,2015-02-01,25.98,0.0,2,23.707,0.0,10,10,2.273,,0.7576666666666667
Sudan,SDN,2015-03-01,29.6,0.0,3,27.972,0.0,10,10,1.628,,0.5426666666666666
Sudan,SDN,2015-04-01,29.48,0.0,4,31.114,0.012,10,10,-1.6339999999999968,-100.0,0.7723333333333329
Sudan,SDN,2015-05-01,34.58,0.01,5,34.227,0.198,10,10,0.3530000000000015,-94.94949494949496,0.5335808080808084
Sudan,SDN,2015-06-01,34.8,0.3,6,34.738,0.323,10,10,0.0619999999999976,-7.120743034055733,0.0459370485036116
Sudan,SDN,2015-07-01,34.44,0.17,7,31.982,2.375,10,10,2.4579999999999984,-92.84210526315788,0.8738771929824558
Sudan,SDN,2015-08-01,31.52,1.35,8,28.958,3.419,10,10,2.562000000000001,-60.51477040070196,0.72957385200351
Sudan,SDN,2015-09-01,33.31,0.1,9,30.184000000000005,1.141,10,10,3.1259999999999977,-91.23575810692375,0.9561787905346188
Sudan,SDN,2015-10-01,33.39,0.03,10,30.973000000000003,0.312,10,10,2.416999999999998,-90.3846153846154,0.85475641025641
Sudan,SDN,2015-11-01,26.3,0.0,11,26.798,0.011,10,10,-0.4980000000000011,-100.0,0.5830000000000002
Sudan,SDN,2015-12-01,20.07,0.13,12,23.08,0.021,10,10,-3.0100000000000016,519.047619047619,1.0
Sudan,SDN,2016-01-01,19.4,0.0,1,21.628,0.001,10,10,-2.228000000000001,-100.0,0.8713333333333335
Sudan,SDN,2016-02-01,23.11,0.0,2,23.707,0.0,10,10,-0.5970000000000013,,0.19900000000000043
Sudan,SDN,2016-03-01,29.77,0.0,3,27.972,0.0,10,10,1.7979999999999985,,0.5993333333333328
Sudan,SDN,2016-04-01,31.23,0.0,4,31.114,0.012,10,10,0.1160000000000032,-100.0,0.5193333333333339
Sudan,SDN,2016-05-01,34.55,0.14,5,34.227,0.198,10,10,0.3230000000000004,-29.292929292929287,0.20029797979797984
Sudan,SDN,2016-06-01,34.57,0.46,6,34.738,0.323,10,10,-0.1679999999999992,42.41486068111456,0.24007430340557268
Sudan,SDN,2016-07-01,30.21,4.33,7,31.982,2.375,10,10,-1.7719999999999985,82.3157894736842,0.706912280701754
Sudan,SDN,2016-08-01,28.37,3.46,8,28.958,3.419,10,10,-0.5879999999999974,1.1991810470898032,0.10399590523544859
Sudan,SDN,2016-09-01,30.41,0.59,9,30.184000000000005,1.141,10,10,0.2259999999999955,-48.29097283085014,0.2791215308209166
Sudan,SDN,2016-10-01,31.4,0.17,10,30.973000000000003,0.312,10,10,0.426999999999996,-45.5128205128205,0.29873076923076847
Sudan,SDN,2016-11-01,27.43,0.0,11,26.798,0.011,10,10,0.6319999999999979,-100.0,0.605333333333333
Sudan,SDN,2016-12-01,24.0,0.0,12,23.08,0.021,10,10,0.9199999999999982,-100.0,0.653333333333333
Sudan,SDN,2017-01-01,24.31,0.0,1,21.628,0.001,10,10,2.6819999999999986,-100.0,0.9469999999999998
Sudan,SDN,2017-02-01,22.32,0.0,2,23.707,0.0,10,10,-1.3870000000000005,,0.4623333333333335
Sudan,SDN,2017-03-01,26.88,0.0,3,27.972,0.0,10,10,-1.0920000000000023,,0.36400000000000077
Sudan,SDN,2017-04-01,32.3,0.12,4,31.114,0.012,10,10,1.186,900.0,0.6976666666666667
Sudan,SDN,2017-05-01,34.05,0.12,5,34.227,0.198,10,10,-0.1769999999999996,-39.3939393939394,0.22646969696969693
Sudan,SDN,2017-06-01,35.34,0.04,6,34.738,0.323,10,10,0.6020000000000039,-87.61609907120743,0.5384138286893712
Sudan,SDN,2017-07-01,33.09,0.57,7,31.982,2.375,10,10,1.108000000000004,-76.00000000000001,0.5646666666666674
Sudan,SDN,2017-08-01,30.09,2.46,8,28.958,3.419,10,10,1.1320000000000014,-28.04913717461245,0.32891235253972917
Sudan,SDN,2017-09-01,31.43,0.31,9,30.184000000000005,1.141,10,10,1.2459999999999951,-72.83085013146362,0.571820917323984
Sudan,SDN,2017-10-01,31.11,0.01,10,30.973000000000003,0.312,10,10,0.1369999999999969,-96.7948717948718,0.5068076923076918
Sudan,SDN,2017-11-01,26.31,0.0,11,26.798,0.011,10,10,-0.4880000000000031,-100.0,0.5813333333333338
Sudan,SDN,2017-12-01,24.75,0.0,12,23.08,0.021,10,10,1.6699999999999982,-100.0,0.7783333333333331
Sudan,SDN,2018-01-01,20.49,0.0,1,21.628,0.001,10,10,-1.1380000000000017,-100.0,0.689666666666667
Sudan,SDN,2018-02-01,27.28,0.0,2,23.707,0.0,10,10,3.5730000000000004,,1.0
Sudan,SDN,2018-03-01,28.54,0.0,3,27.972,0.0,10,10,0.5679999999999978,,0.1893333333333326
Sudan,SDN,2018-04-01,29.98,0.0,4,31.114,0.012,10,10,-1.1339999999999968,-100.0,0.6889999999999995
Sudan,SDN,2018-05-01,34.27,0.31,5,34.227,0.198,10,10,0.0430000000000063,56.56565656565655,0.28999494949495047
Sudan,SDN,2018-06-01,33.39,0.26,6,34.738,0.323,10,10,-1.347999999999999,-19.5046439628483,0.32218988648090796
Sudan,SDN,2018-07-01,31.43,2.32,7,31.982,2.375,10,10,-0.5519999999999996,-2.3157894736842173,0.10357894736842102
Sudan,SDN,2018-08-01,29.46,1.19,8,28.958,3.419,10,10,0.5020000000000024,-65.19450131617431,0.4096391732475386
Sudan,SDN,2018-09-01,30.95,0.58,9,30.184000000000005,1.141,10,10,0.7659999999999947,-49.16739702015776,0.3735036517674546
Sudan,SDN,2018-10-01,31.95,0.29,10,30.973000000000003,0.312,10,10,0.9769999999999968,-7.051282051282058,0.1980897435897431
Sudan,SDN,2018-11-01,25.71,0.0,11,26.798,0.011,10,10,-1.088000000000001,-100.0,0.6813333333333335
Sudan,SDN,2018-12-01,22.32,0.0,12,23.08,0.021,10,10,-0.7600000000000016,-100.0,0.6266666666666669
Sudan,SDN,2019-01-01,23.93,0.0,1,21.628,0.001,10,10,2.302,-100.0,0.8836666666666666
Sudan,SDN,2019-02-01,24.99,0.0,2,23.707,0.0,10,10,1.2829999999999977,,0.4276666666666659
Sudan,SDN,2019-03-01,26.11,0.0,3,27.972,0.0,10,10,-1.8620000000000017,,0.6206666666666673
Sudan,SDN,2019-04-01,30.34,0.0,4,31.114,0.012,10,10,-0.7739999999999974,-100.0,0.6289999999999996
Sudan,SDN,2019-05-01,34.84,0.01,5,34.227,0.198,10,10,0.6130000000000067,-94.94949494949496,0.5769141414141425
Sudan,SDN,2019-06-01,35.14,0.22,6,34.738,0.323,10,10,0.402000000000001,-31.88854489164087,0.22644272445820451
Sudan,SDN,2019-07-01,33.86,0.24,7,31.982,2.375,10,10,1.878,-89.89473684210525,0.7624736842105262
Sudan,SDN,2019-08-01,29.74,2.43,8,28.958,3.419,10,10,0.782,-28.926586721263515,0.27496626693965087
Sudan,SDN,2019-09-01,31.02,1.25,9,30.184000000000005,1.141,10,10,0.835999999999995,9.55302366345311,0.18709845165059807
Sudan,SDN,2019-10-01,30.24,1.56,10,30.973000000000003,0.312,10,10,-0.7330000000000041,400.0,0.6221666666666673
Sudan,SDN,2019-11-01,27.27,0.01,11,26.798,0.011,10,10,0.4719999999999977,-9.090909090909085,0.12412121212121172
Sudan,SDN,2019-12-01,22.62,0.0,12,23.08,0.021,10,10,-0.4600000000000008,-100.0,0.5766666666666668
Sudan,SDN,2020-01-01,19.31,0.0,1,21.628,0.001,10,10,-2.3180000000000014,-100.0,0.8863333333333336
Sudan,SDN,2020-02-01,22.09,0.0,2,23.707,0.0,10,10,-1.6170000000000009,,0.5390000000000003
Sudan,SDN,2020-03-01,27.61,0.0,3,27.972,0.0,10,10,-0.3620000000000019,,0.1206666666666673
Sudan,SDN,2020-04-01,30.74,0.0,4,31.114,0.012,10,10,-0.3739999999999988,-100.0,0.5623333333333331
Sudan,SDN,2020-05-01,33.89,0.08,5,34.227,0.198,10,10,-0.3369999999999962,-59.5959595959596,0.35414646464646404
Sudan,SDN,2020-06-01,34.97,0.06,6,34.738,0.323,10,10,0.2319999999999993,-81.42414860681114,0.4457874097007223
Sudan,SDN,2020-07-01,32.05,2.67,7,31.982,2.375,10,10,0.0679999999999978,12.421052631578943,0.07343859649122769
Sudan,SDN,2020-08-01,27.7,5.7,8,28.958,3.419,10,10,-1.2579999999999991,66.71541386370286,0.5432437359851808
Sudan,SDN,2020-09-01,28.34,1.89,9,30.184000000000005,1.141,10,10,-1.8440000000000047,65.64417177914109,0.6355541922290395
Sudan,SDN,2020-10-01,29.22,0.1,10,30.973000000000003,0.312,10,10,-1.7530000000000037,-67.94871794871796,0.631910256410257
Sudan,SDN,2020-11-01,25.58,0.0,11,26.798,0.011,10,10,-1.2180000000000035,-100.0,0.7030000000000006
Sudan,SDN,2020-12-01,23.9,0.0,12,23.08,0.021,10,10,0.8199999999999967,-100.0,0.6366666666666662
Sudan,SDN,2021-01-01,23.66,0.0,1,21.628,0.001,10,10,2.032,-100.0,0.8386666666666667
Sudan,SDN,2021-02-01,23.49,0.0,2,23.707,0.0,10,10,-0.2170000000000023,,0.0723333333333341
Sudan,SDN,2021-03-01,28.69,0.0,3,27.972,0.0,10,10,0.718,,0.23933333333333331
Sudan,SDN,2021-04-01,31.12,0.0,4,31.114,0.012,10,10,0.0060000000000037,-100.0,0.5010000000000007
Sudan,SDN,2021-05-01,33.3,1.25,5,34.227,0.198,10,10,-0.9269999999999996,531.3131313131313,0.6545
Sudan,SDN,2021-06-01,35.38,0.04,6,34.738,0.323,10,10,0.642000000000003,-87.61609907120743,0.5450804953560376
Sudan,SDN,2021-07-01,28.8,6.64,7,31.982,2.375,10,10,-3.1819999999999986,179.57894736842104,1.0
Sudan,SDN,2021-08-01,27.43,5.13,8,28.958,3.419,10,10,-1.5279999999999987,50.04387247733256,0.5048860290533292
Sudan,SDN,2021-09-01,27.71,2.68,9,30.184000000000005,1.141,10,10,-2.474000000000004,134.88168273444347,0.9123333333333341
Sudan,SDN,2021-10-01,29.14,0.15,10,30.973000000000003,0.312,10,10,-1.833000000000002,-51.92307692307693,0.5651153846153849
Sudan,SDN,2021-11-01,27.32,0.02,11,26.798,0.011,10,10,0.5219999999999985,81.81818181818184,0.49609090909090897
Sudan,SDN,2021-12-01,23.22,0.08,12,23.08,0.021,10,10,0.139999999999997,280.9523809523809,0.5233333333333329
Sudan,SDN,2022-01-01,20.76,0.01,1,21.628,0.001,10,10,-0.8679999999999986,900.0,0.6446666666666664
Sudan,SDN,2022-02-01,21.73,0.0,2,23.707,0.0,10,10,-1.9770000000000003,,0.6590000000000001
Sudan,SDN,2022-03-01,26.83,0.0,3,27.972,0.0,10,10,-1.142000000000003,,0.38066666666666765
Sudan,SDN,2022-04-01,33.54,0.0,4,31.114,0.012,10,10,2.426000000000002,-100.0,0.9043333333333337
Sudan,SDN,2022-05-01,34.64,0.01,5,34.227,0.198,10,10,0.4130000000000038,-94.94949494949496,0.5435808080808088
Sudan,SDN,2022-06-01,33.88,0.75,6,34.738,0.323,10,10,-0.857999999999997,132.19814241486068,0.6429999999999995
Sudan,SDN,2022-07-01,29.95,3.12,7,31.982,2.375,10,10,-2.032,31.368421052631582,0.49550877192982457
Sudan,SDN,2022-08-01,27.7,3.49,8,28.958,3.419,10,10,-1.2579999999999991,2.076630593740878,0.22004981963537093
Sudan,SDN,2022-09-01,28.28,2.28,9,30.184000000000005,1.141,10,10,-1.9040000000000037,99.82471516213846,0.8164569091440262
Sudan,SDN,2022-10-01,29.79,0.37,10,30.973000000000003,0.312,10,10,-1.1830000000000034,18.589743589743588,0.29011538461538516
Sudan,SDN,2022-11-01,25.95,0.0,11,26.798,0.011,10,10,-0.8480000000000025,-100.0,0.6413333333333338
Sudan,SDN,2022-12-01,23.11,0.0,12,23.08,0.021,10,10,0.0299999999999975,-100.0,0.5049999999999996
Sudan,SDN,2023-01-01,21.97,0.0,1,21.628,0.001,10,10,0.3419999999999987,-100.0,0.5569999999999998
Sudan,SDN,2023-02-01,23.07,0.0,2,23.707,0.0,10,10,-0.6370000000000005,,0.21233333333333348
Sudan,SDN,2023-03-01,27.12,0.0,3,27.972,0.0,10,10,-0.8520000000000003,,0.2840000000000001
Sudan,SDN,2023-04-01,31.13,0.0,4,31.114,0.012,10,10,0.0160000000000017,-100.0,0.5026666666666669
Sudan,SDN,2023-05-01,33.85,0.01,5,34.227,0.198,10,10,-0.3769999999999953,-94.94949494949496,0.5375808080808073
Sudan,SDN,2023-06-01,34.34,0.78,6,34.738,0.323,10,10,-0.3979999999999961,141.4860681114551,0.5663333333333327
Sudan,SDN,2023-07-01,34.55,0.26,7,31.982,2.375,10,10,2.567999999999998,-89.05263157894737,0.8732631578947365
Sudan,SDN,2023-08-01,29.97,4.23,8,28.958,3.419,10,10,1.0120000000000005,23.720386077800555,0.28726859705566954
Sudan,SDN,2023-09-01,30.85,0.68,9,30.184000000000005,1.141,10,10,0.6659999999999968,-40.403155127081504,0.313015775635407
Sudan,SDN,2023-10-01,32.59,0.4,10,30.973000000000003,0.312,10,10,1.6170000000000009,28.20512820512821,0.41052564102564115
Sudan,SDN,2023-11-01,29.94,0.03,11,26.798,0.011,10,10,3.1419999999999995,172.72727272727272,1.0
Sudan,SDN,2023-12-01,23.77,0.0,12,23.08,0.021,10,10,0.6899999999999977,-100.0,0.6149999999999997
Sudan,SDN,2024-01-01,21.59,0.0,1,21.628,0.001,10,10,-0.0380000000000002,-100.0,0.5063333333333334
Sudan,SDN,2024-02-01,23.01,0.0,2,23.707,0.0,10,10,-0.6969999999999992,,0.23233333333333306
Sudan,SDN,2024-03-01,28.57,0.0,3,27.972,0.0,10,10,0.597999999999999,,0.199333333333333
Sudan,SDN,2024-04-01,31.28,0.0,4,31.114,0.012,10,10,0.1660000000000039,-100.0,0.5276666666666673
Sudan,SDN,2024-05-01,34.3,0.04,5,34.227,0.198,10,10,0.0730000000000004,-79.79797979797979,0.41115656565656566
Sudan,SDN,2024-06-01,35.57,0.32,6,34.738,0.323,10,10,0.8320000000000007,-0.9287925696594436,0.143310629514964
Sudan,SDN,2024-07-01,31.44,3.43,7,31.982,2.375,10,10,-0.541999999999998,44.42105263157895,0.31243859649122774
Sudan,SDN,2024-08-01,27.6,4.75,8,28.958,3.419,10,10,-1.357999999999997,38.92951155308572,0.4209808910987614
Sudan,SDN,2024-09-01,29.54,1.05,9,30.184000000000005,1.141,10,10,-0.6440000000000055,-7.975460122699383,0.14721063394683115
Sudan,SDN,2024-10-01,30.9,0.04,10,30.973000000000003,0.312,10,10,-0.0730000000000039,-87.17948717948718,0.44806410256410323
Sudan,SDN,2024-11-01,26.17,0.05,11,26.798,0.011,10,10,-0.6280000000000001,354.5454545454546,0.6046666666666667
Sudan,SDN,2024-12-01,23.04,0.0,12,23.08,0.021,10,10,-0.0400000000000027,-100.0,0.5066666666666672
Sudan,SDN,2025-01-01,22.51,0.0,1,21.628,0.001,10,10,0.8820000000000014,-100.0,0.6470000000000002
Sudan,SDN,2025-02-01,25.42,0.0,2,23.707,0.0,10,10,1.713000000000001,,0.5710000000000003
Sudan,SDN,2025-03-01,27.03,0.0,3,27.972,0.0,10,10,-0.9420000000000002,,0.31400000000000006
Sudan,SDN,2025-04-01,32.3,0.0,4,31.114,0.012,10,10,1.186,-100.0,0.6976666666666667
Sudan,SDN,2025-05-01,33.15,1.74,5,34.227,0.198,10,10,-1.0769999999999982,778.7878787878788,0.6794999999999997
Sudan,SDN,2025-06-01,34.01,0.13,6,34.738,0.323,10,10,-0.7280000000000015,-59.75232198142415,0.4200949432404543
Sudan,SDN,2025-07-01,32.42,1.22,7,31.982,2.375,10,10,0.4380000000000024,-48.63157894736842,0.3161578947368425
Sudan,SDN,2025-08-01,29.5,2.97,8,28.958,3.419,10,10,0.5420000000000016,-13.132494881544297,0.1559958077410551
Sudan,SDN,2025-09-01,30.11,1.2,9,30.184000000000005,1.141,10,10,-0.0740000000000051,5.1709027169149815,0.03818784691790909
Sudan,SDN,2025-10-01,30.65,0.44,10,30.973000000000003,0.312,10,10,-0.3230000000000039,41.02564102564102,0.25896153846153913
Sudan,SDN,2025-11-01,28.22,0.01,11,26.798,0.011,10,10,1.421999999999997,-9.090909090909085,0.28245454545454496
Sudan,SDN,2025-12-01,23.59,0.0,12,23.08,0.021,10,10,0.509999999999998,-100.0,0.5849999999999996
Sudan,SDN,2026-01-01,23.97,0.0,1,21.628,0.001,10,10,2.3419999999999987,-100.0,0.8903333333333332
Sudan,SDN,2026-02-01,25.2,0.0,2,23.707,0.0,10,10,1.4929999999999986,,0.4976666666666662
Sudan,SDN,2026-03-01,26.79,0.0,3,27.972,0.0,10,10,-1.1820000000000022,,0.39400000000000074
Sudan,SDN,2026-04-01,30.53,0.0,4,31.114,0.012,10,10,-0.5839999999999961,-100.0,0.5973333333333327
Sudan,SDN,2026-05-01,34.59,0.06,5,34.227,0.198,10,10,0.3630000000000066,-69.6969696969697,0.4089848484848496
Sudan,SDN,2026-06-01,36.24,0.21,6,34.738,0.323,10,10,1.5020000000000024,-34.98452012383901,0.4252559339525288
Sudan,SDN,2026-07-01,35.63,0.18,7,31.982,2.375,10,10,3.6480000000000032,-92.42105263157892,0.9621052631578946
Sudan,SDN,2026-08-01,32.68,3.32,8,28.958,3.419,10,10,3.722000000000001,-2.895583503948516,0.5144779175197426
Sudan,SDN,2026-09-01,,,9,30.184000000000005,1.141,10,10,,,
Sudan,SDN,2026-10-01,,,10,30.973000000000003,0.312,10,10,,,
Senegal,SEN,2015-01-01,20.77,0.2,1,22.414,0.046,10,10,-1.644000000000002,334.78260869565224,0.7740000000000002
Senegal,SEN,2015-02-01,19.35,0.06,2,20.956,0.137,10,10,-1.605999999999998,-56.204379562043805,0.5486885644768853
Senegal,SEN,2015-03-01,19.66,0.07,3,20.17,0.088,10,10,-0.509999999999998,-20.454545454545443,0.18727272727272687
Senegal,SEN,2015-04-01,20.0,0.01,4,20.55,0.2679999999999999,10,10,-0.5500000000000007,-96.26865671641792,0.5730099502487565
Senegal,SEN,2015-05-01,23.2,0.03,5,22.114,0.1,10,10,1.0859999999999983,-70.0,0.5309999999999997
Senegal,SEN,2015-06-01,24.92,0.1,6,24.689,1.147,10,10,0.2310000000000016,-91.28160418482996,0.49490802092415004
Senegal,SEN,2015-07-01,26.86,3.37,7,26.687,3.261,10,10,0.1729999999999982,3.3425329653480524,0.04554599816007329
Senegal,SEN,2015-08-01,27.66,8.07,8,27.498,6.947,10,10,0.161999999999999,16.16525118756298,0.10782625593781472
Senegal,SEN,2015-09-01,27.96,7.02,9,27.941000000000003,6.621,10,10,0.0189999999999983,6.026280018124137,0.03329806675728707
Senegal,SEN,2015-10-01,27.99,4.18,10,28.29,2.04,10,10,-0.3000000000000007,104.9019607843137,0.5500000000000002
Senegal,SEN,2015-11-01,27.14,0.16,11,26.974,0.196,10,10,0.1660000000000003,-18.367346938775512,0.11950340136054427
Senegal,SEN,2015-12-01,24.42,0.16,12,24.524,0.059,10,10,-0.1039999999999992,171.18644067796612,0.5173333333333332
Senegal,SEN,2016-01-01,24.17,0.0,1,22.414,0.046,10,10,1.7560000000000002,-100.0,0.7926666666666666
Senegal,SEN,2016-02-01,21.89,0.04,2,20.956,0.137,10,10,0.934000000000001,-70.8029197080292,0.5096812652068128
Senegal,SEN,2016-03-01,20.18,0.0,3,20.17,0.088,10,10,0.0100000000000015,-100.0,0.5016666666666669
Senegal,SEN,2016-04-01,20.74,0.01,4,20.55,0.2679999999999999,10,10,0.1899999999999977,-96.26865671641792,0.5130099502487558
Senegal,SEN,2016-05-01,21.01,0.13,5,22.114,0.1,10,10,-1.1039999999999992,30.0,0.33399999999999985
Senegal,SEN,2016-06-01,23.71,0.52,6,24.689,1.147,10,10,-0.9789999999999992,-54.66434176111596,0.4364883754722464
Senegal,SEN,2016-07-01,26.02,3.8,7,26.687,3.261,10,10,-0.6670000000000016,16.528672186445867,0.19381002759889626
Senegal,SEN,2016-08-01,27.43,5.2,8,27.498,6.947,10,10,-0.0680000000000013,-25.14754570318123,0.1370710618492397
Senegal,SEN,2016-09-01,27.69,5.61,9,27.941000000000003,6.621,10,10,-0.2510000000000012,-15.269596737652924,0.11818131702159815
Senegal,SEN,2016-10-01,28.24,0.31,10,28.29,2.04,10,10,-0.0500000000000007,-84.80392156862744,0.4323529411764707
Senegal,SEN,2016-11-01,27.27,1.37,11,26.974,0.196,10,10,0.2959999999999994,598.9795918367347,0.5493333333333332
Senegal,SEN,2016-12-01,24.52,0.01,12,24.524,0.059,10,10,-0.0040000000000013,-83.05084745762711,0.41592090395480247
Senegal,SEN,2017-01-01,21.92,0.01,1,22.414,0.046,10,10,-0.4939999999999998,-78.26086956521738,0.4736376811594202
Senegal,SEN,2017-02-01,19.42,0.04,2,20.956,0.137,10,10,-1.5359999999999978,-70.8029197080292,0.6100145985401455
Senegal,SEN,2017-03-01,19.89,0.04,3,20.17,0.088,10,10,-0.2799999999999976,-54.54545454545454,0.31939393939393895
Senegal,SEN,2017-04-01,21.58,0.01,4,20.55,0.2679999999999999,10,10,1.0299999999999976,-96.26865671641792,0.6530099502487559
Senegal,SEN,2017-05-01,22.46,0.14,5,22.114,0.1,10,10,0.3460000000000001,40.00000000000001,0.2576666666666667
Senegal,SEN,2017-06-01,25.2,1.54,6,24.689,1.147,10,10,0.5109999999999992,34.263295553618136,0.2564831444347572
Senegal,SEN,2017-07-01,26.73,4.47,7,26.687,3.261,10,10,0.0429999999999992,37.07451701931922,0.19253925176326261
Senegal,SEN,2017-08-01,27.57,5.7,8,27.498,6.947,10,10,0.0719999999999991,-17.950194328487115,0.10175097164243543
Senegal,SEN,2017-09-01,28.01,2.73,9,27.941000000000003,6.621,10,10,0.068999999999999,-58.767557770729496,0.3053377888536473
Senegal,SEN,2017-10-01,28.73,0.7,10,28.29,2.04,10,10,0.4400000000000013,-65.68627450980392,0.40176470588235313
Senegal,SEN,2017-11-01,28.0,0.05,11,26.974,0.196,10,10,1.0259999999999998,-74.48979591836735,0.5434489795918367
Senegal,SEN,2017-12-01,23.77,0.01,12,24.524,0.059,10,10,-0.7540000000000013,-83.05084745762711,0.5409209039548025
Senegal,SEN,2018-01-01,20.44,0.0,1,22.414,0.046,10,10,-1.974,-100.0,0.829
Senegal,SEN,2018-02-01,18.47,0.02,2,20.956,0.137,10,10,-2.4860000000000007,-85.40145985401459,0.8413406326034064
Senegal,SEN,2018-03-01,19.72,0.04,3,20.17,0.088,10,10,-0.4499999999999993,-54.54545454545454,0.3477272727272726
Senegal,SEN,2018-04-01,19.45,0.01,4,20.55,0.2679999999999999,10,10,-1.1000000000000014,-96.26865671641792,0.6646766169154232
Senegal,SEN,2018-05-01,20.3,0.0,5,22.114,0.1,10,10,-1.814,-100.0,0.8023333333333333
Senegal,SEN,2018-06-01,23.29,0.34,6,24.689,1.147,10,10,-1.399000000000001,-70.35745422842197,0.5849539378087767
Senegal,SEN,2018-07-01,25.95,1.6,7,26.687,3.261,10,10,-0.7370000000000019,-50.93529592149647,0.377509812940816
Senegal,SEN,2018-08-01,26.53,5.77,8,27.498,6.947,10,10,-0.968,-16.94256513602995,0.2460461590134831
Senegal,SEN,2018-09-01,27.11,6.45,9,27.941000000000003,6.621,10,10,-0.8310000000000031,-2.582691436338925,0.15141345718169513
Senegal,SEN,2018-10-01,27.5,1.28,10,28.29,2.04,10,10,-0.7899999999999991,-37.25490196078432,0.31794117647058817
Senegal,SEN,2018-11-01,24.71,0.09,11,26.974,0.196,10,10,-2.264,-54.08163265306123,0.6477414965986394
Senegal,SEN,2018-12-01,23.95,0.0,12,24.524,0.059,10,10,-0.5740000000000016,-100.0,0.5956666666666669
Senegal,SEN,2019-01-01,21.9,0.08,1,22.414,0.046,10,10,-0.5140000000000029,73.91304347826087,0.45523188405797155
Senegal,SEN,2019-02-01,21.18,0.01,2,20.956,0.137,10,10,0.2240000000000002,-92.7007299270073,0.5008369829683699
Senegal,SEN,2019-03-01,20.0,0.01,3,20.17,0.088,10,10,-0.1699999999999981,-88.63636363636364,0.4715151515151512
Senegal,SEN,2019-04-01,19.7,0.0,4,20.55,0.2679999999999999,10,10,-0.8500000000000014,-100.0,0.6416666666666669
Senegal,SEN,2019-05-01,21.15,0.01,5,22.114,0.1,10,10,-0.9640000000000022,-90.0,0.610666666666667
Senegal,SEN,2019-06-01,23.17,0.62,6,24.689,1.147,10,10,-1.5189999999999984,-45.94594594594595,0.48289639639639614
Senegal,SEN,2019-07-01,25.59,0.8,7,26.687,3.261,10,10,-1.0970000000000013,-75.46764796074824,0.5601715731370748
Senegal,SEN,2019-08-01,26.52,7.85,8,27.498,6.947,10,10,-0.9780000000000016,12.998416582697562,0.2279920829134881
Senegal,SEN,2019-09-01,27.86,4.44,9,27.941000000000003,6.621,10,10,-0.081000000000003,-32.94064340734028,0.17820321703670192
Senegal,SEN,2019-10-01,28.0,2.64,10,28.29,2.04,10,10,-0.2899999999999991,29.41176470588236,0.19539215686274497
Senegal,SEN,2019-11-01,25.72,0.02,11,26.974,0.196,10,10,-1.2540000000000011,-89.79591836734696,0.657979591836735
Senegal,SEN,2019-12-01,24.01,0.03,12,24.524,0.059,10,10,-0.5139999999999993,-49.15254237288135,0.3314293785310733
Senegal,SEN,2020-01-01,22.73,0.01,1,22.414,0.046,10,10,0.3159999999999989,-78.26086956521738,0.44397101449275334
Senegal,SEN,2020-02-01,23.61,1.09,2,20.956,0.137,10,10,2.654,695.6204379562043,0.9423333333333332
Senegal,SEN,2020-03-01,21.76,0.39,3,20.17,0.088,10,10,1.5900000000000034,343.18181818181824,0.7650000000000006
Senegal,SEN,2020-04-01,20.37,2.61,4,20.55,0.2679999999999999,10,10,-0.1799999999999997,873.8805970149256,0.5299999999999999
Senegal,SEN,2020-05-01,21.85,0.02,5,22.114,0.1,10,10,-0.2639999999999993,-80.0,0.4439999999999999
Senegal,SEN,2020-06-01,25.16,0.49,6,24.689,1.147,10,10,0.4710000000000001,-57.27986050566696,0.3648993025283348
Senegal,SEN,2020-07-01,27.13,4.91,7,26.687,3.261,10,10,0.4429999999999978,50.56731064090769,0.32666988653787143
Senegal,SEN,2020-08-01,27.75,6.8,8,27.498,6.947,10,10,0.2519999999999989,-2.1160213041600726,0.05258010652080018
Senegal,SEN,2020-09-01,27.99,11.6,9,27.941000000000003,6.621,10,10,0.0489999999999959,75.20012082766951,0.3841672708050135
Senegal,SEN,2020-10-01,28.64,3.27,10,28.29,2.04,10,10,0.3500000000000014,60.29411764705882,0.35980392156862767
Senegal,SEN,2020-11-01,27.39,0.03,11,26.974,0.196,10,10,0.4160000000000003,-84.6938775510204,0.49280272108843537
Senegal,SEN,2020-12-01,24.47,0.11,12,24.524,0.059,10,10,-0.054000000000002,86.4406779661017,0.44120338983050883
Senegal,SEN,2021-01-01,21.04,0.0,1,22.414,0.046,10,10,-1.3740000000000023,-100.0,0.7290000000000004
Senegal,SEN,2021-02-01,19.87,0.06,2,20.956,0.137,10,10,-1.0859999999999983,-56.204379562043805,0.46202189781021874
Senegal,SEN,2021-03-01,19.75,0.26,3,20.17,0.088,10,10,-0.4199999999999981,195.45454545454547,0.5699999999999997
Senegal,SEN,2021-04-01,20.2,0.01,4,20.55,0.2679999999999999,10,10,-0.3500000000000014,-96.26865671641792,0.5396766169154232
Senegal,SEN,2021-05-01,21.0,0.03,5,22.114,0.1,10,10,-1.1140000000000008,-70.0,0.5356666666666667
Senegal,SEN,2021-06-01,24.56,1.36,6,24.689,1.147,10,10,-0.1290000000000013,18.570183086312124,0.11435091543156083
Senegal,SEN,2021-07-01,26.46,1.22,7,26.687,3.261,10,10,-0.2270000000000003,-62.58816314014107,0.35077414903403875
Senegal,SEN,2021-08-01,27.49,8.92,8,27.498,6.947,10,10,-0.0080000000000026,28.40074852454297,0.1433370759560486
Senegal,SEN,2021-09-01,28.19,6.61,9,27.941000000000003,6.621,10,10,0.2489999999999987,-0.166138045612447,0.04233069022806202
Senegal,SEN,2021-10-01,28.38,1.43,10,28.29,2.04,10,10,0.0899999999999998,-29.90196078431373,0.1645098039215686
Senegal,SEN,2021-11-01,27.18,0.17,11,26.974,0.196,10,10,0.2059999999999995,-13.265306122448978,0.10065986394557813
Senegal,SEN,2021-12-01,24.69,0.07,12,24.524,0.059,10,10,0.1660000000000003,18.644067796610187,0.12088700564971765
Senegal,SEN,2022-01-01,24.16,0.04,1,22.414,0.046,10,10,1.7459999999999989,-13.043478260869565,0.35621739130434765
Senegal,SEN,2022-02-01,22.0,0.02,2,20.956,0.137,10,10,1.0440000000000005,-85.40145985401459,0.601007299270073
Senegal,SEN,2022-03-01,18.91,0.05,3,20.17,0.088,10,10,-1.259999999999998,-43.18181818181818,0.42590909090909057
Senegal,SEN,2022-04-01,19.91,0.0,4,20.55,0.2679999999999999,10,10,-0.6400000000000006,-100.0,0.6066666666666668
Senegal,SEN,2022-05-01,22.37,0.6,5,22.114,0.1,10,10,0.2560000000000002,500.0,0.5426666666666667
Senegal,SEN,2022-06-01,25.46,2.68,6,24.689,1.147,10,10,0.7710000000000008,133.65300784655625,0.6285000000000002
Senegal,SEN,2022-07-01,26.98,3.99,7,26.687,3.261,10,10,0.2929999999999992,22.35510579576817,0.16060886231217406
Senegal,SEN,2022-08-01,27.76,7.49,8,27.498,6.947,10,10,0.2620000000000004,7.816323592917808,0.08274828463125578
Senegal,SEN,2022-09-01,27.91,7.7,9,27.941000000000003,6.621,10,10,-0.0310000000000023,16.29663192871167,0.0866498263102254
Senegal,SEN,2022-10-01,28.28,2.71,10,28.29,2.04,10,10,-0.009999999999998,32.843137254901954,0.16588235294117612
Senegal,SEN,2022-11-01,27.42,0.03,11,26.974,0.196,10,10,0.4460000000000015,-84.6938775510204,0.4978027210884356
Senegal,SEN,2022-12-01,25.0,0.15,12,24.524,0.059,10,10,0.4759999999999991,154.23728813559322,0.5793333333333331
Senegal,SEN,2023-01-01,22.75,0.06,1,22.414,0.046,10,10,0.3359999999999985,30.43478260869565,0.208173913043478
Senegal,SEN,2023-02-01,19.68,0.02,2,20.956,0.137,10,10,-1.2759999999999998,-85.40145985401459,0.6396739659367396
Senegal,SEN,2023-03-01,21.04,0.02,3,20.17,0.088,10,10,0.870000000000001,-77.27272727272727,0.5313636363636365
Senegal,SEN,2023-04-01,21.79,0.01,4,20.55,0.2679999999999999,10,10,1.2399999999999984,-96.26865671641792,0.688009950248756
Senegal,SEN,2023-05-01,24.18,0.02,5,22.114,0.1,10,10,2.065999999999999,-80.0,0.7443333333333332
Senegal,SEN,2023-06-01,26.32,0.4,6,24.689,1.147,10,10,1.6310000000000002,-65.12641673931996,0.5974654170299332
Senegal,SEN,2023-07-01,28.02,4.93,7,26.687,3.261,10,10,1.3329999999999984,51.18061944188897,0.4780697638761113
Senegal,SEN,2023-08-01,28.25,9.13,8,27.498,6.947,10,10,0.7519999999999989,31.423636101914504,0.2824515138429057
Senegal,SEN,2023-09-01,28.7,6.24,9,27.941000000000003,6.621,10,10,0.7589999999999968,-5.754417761667425,0.1552720888083366
Senegal,SEN,2023-10-01,28.97,1.18,10,28.29,2.04,10,10,0.6799999999999997,-42.156862745098046,0.3241176470588235
Senegal,SEN,2023-11-01,27.58,0.03,11,26.974,0.196,10,10,0.6059999999999981,-84.6938775510204,0.5244693877551017
Senegal,SEN,2023-12-01,25.07,0.04,12,24.524,0.059,10,10,0.5459999999999994,-32.20338983050847,0.25201694915254225
Senegal,SEN,2024-01-01,24.26,0.06,1,22.414,0.046,10,10,1.846,30.43478260869565,0.4598405797101449
Senegal,SEN,2024-02-01,24.09,0.01,2,20.956,0.137,10,10,3.1340000000000003,-92.7007299270073,0.9635036496350364
Senegal,SEN,2024-03-01,20.79,0.0,3,20.17,0.088,10,10,0.620000000000001,-100.0,0.6033333333333335
Senegal,SEN,2024-04-01,21.76,0.01,4,20.55,0.2679999999999999,10,10,1.2100000000000009,-96.26865671641792,0.6830099502487564
Senegal,SEN,2024-05-01,23.62,0.02,5,22.114,0.1,10,10,1.5060000000000002,-80.0,0.651
Senegal,SEN,2024-06-01,25.1,3.42,6,24.689,1.147,10,10,0.4110000000000013,198.16913687881427,0.5685000000000002
Senegal,SEN,2024-07-01,27.13,3.52,7,26.687,3.261,10,10,0.4429999999999978,7.942348972707755,0.11354507819687173
Senegal,SEN,2024-08-01,28.02,4.54,8,27.498,6.947,10,10,0.5219999999999985,-34.64804951777746,0.26024024758888703
Senegal,SEN,2024-09-01,27.99,7.81,9,27.941000000000003,6.621,10,10,0.0489999999999959,17.958012384836113,0.09795672859084656
Senegal,SEN,2024-10-01,28.17,2.7,10,28.29,2.04,10,10,-0.1199999999999974,32.352941176470594,0.18176470588235255
Senegal,SEN,2024-11-01,27.33,0.01,11,26.974,0.196,10,10,0.3559999999999981,-94.89795918367346,0.5338231292517004
Senegal,SEN,2024-12-01,25.34,0.01,12,24.524,0.059,10,10,0.815999999999999,-83.05084745762711,0.5512542372881354
Senegal,SEN,2025-01-01,22.05,0.0,1,22.414,0.046,10,10,-0.3640000000000007,-100.0,0.5606666666666668
Senegal,SEN,2025-02-01,20.03,0.01,2,20.956,0.137,10,10,-0.9259999999999984,-92.7007299270073,0.6178369829683695
Senegal,SEN,2025-03-01,19.53,1.7,3,20.17,0.088,10,10,-0.639999999999997,1831.8181818181815,0.6066666666666661
Senegal,SEN,2025-04-01,20.56,0.02,4,20.55,0.2679999999999999,10,10,0.009999999999998,-92.53731343283582,0.4643532338308454
Senegal,SEN,2025-05-01,22.24,0.15,5,22.114,0.1,10,10,0.1259999999999976,49.99999999999999,0.2709999999999996
Senegal,SEN,2025-06-01,25.47,2.52,6,24.689,1.147,10,10,0.7809999999999988,119.70357454228422,0.6301666666666664
Senegal,SEN,2025-07-01,27.12,2.37,7,26.687,3.261,10,10,0.4329999999999998,-27.32290708371665,0.2087812020852499
Senegal,SEN,2025-08-01,27.67,9.56,8,27.498,6.947,10,10,0.1720000000000006,37.61335828415144,0.21673345808742395
Senegal,SEN,2025-09-01,28.38,6.43,9,27.941000000000003,6.621,10,10,0.4389999999999965,-2.884760610179742,0.0875904697175648
Senegal,SEN,2025-10-01,29.0,1.39,10,28.29,2.04,10,10,0.7100000000000009,-31.86274509803922,0.2776470588235296
Senegal,SEN,2025-11-01,27.95,0.14,11,26.974,0.196,10,10,0.9759999999999992,-28.57142857142857,0.3055238095238094
Senegal,SEN,2025-12-01,22.64,0.12,12,24.524,0.059,10,10,-1.8840000000000003,103.3898305084746,0.8140000000000001
Senegal,SEN,2026-01-01,20.72,0.05,1,22.414,0.046,10,10,-1.6940000000000026,8.695652173913052,0.325811594202899
Senegal,SEN,2026-02-01,21.27,0.04,2,20.956,0.137,10,10,0.314,-70.8029197080292,0.4063479318734793
Senegal,SEN,2026-03-01,19.76,0.01,3,20.17,0.088,10,10,-0.4099999999999966,-88.63636363636364,0.5115151515151509
Senegal,SEN,2026-04-01,21.19,0.05,4,20.55,0.2679999999999999,10,10,0.6400000000000006,-81.34328358208955,0.5133830845771146
Senegal,SEN,2026-05-01,21.6,0.18,5,22.114,0.1,10,10,-0.5139999999999993,79.99999999999999,0.48566666666666647
Senegal,SEN,2026-06-01,25.03,0.23,6,24.689,1.147,10,10,0.3410000000000011,-79.94768962510899,0.4565717814588785
Senegal,SEN,2026-07-01,27.61,3.43,7,26.687,3.261,10,10,0.9229999999999984,5.182459368291936,0.17974563017479275
Senegal,SEN,2026-08-01,28.79,6.72,8,27.498,6.947,10,10,1.291999999999998,-3.2675975241111312,0.23167132095388868
Senegal,SEN,2026-09-01,,,9,27.941000000000003,6.621,10,10,,,
Senegal,SEN,2026-10-01,,,10,28.29,2.04,10,10,,,
Sierra Leone,SLE,2015-01-01,24.85,0.0,1,25.574,0.017,10,10,-0.7240000000000002,-100.0,0.6206666666666667
Sierra Leone,SLE,2015-02-01,26.19,0.02,2,26.479000000000003,0.062,10,10,-0.2890000000000015,-67.74193548387096,0.38687634408602173
Sierra Leone,SLE,2015-03-01,27.01,0.0,3,27.421,0.163,10,10,-0.4109999999999978,-100.0,0.5684999999999997
Sierra Leone,SLE,2015-04-01,27.86,0.13,4,28.135,0.999,10,10,-0.2750000000000021,-86.98698698698699,0.48076826826826863
Sierra Leone,SLE,2015-05-01,27.27,15.55,5,27.611,10.247,10,10,-0.3410000000000011,51.75173221430664,0.31559199440486674
Sierra Leone,SLE,2015-06-01,25.99,25.04,6,26.465,20.684,10,10,-0.4749999999999978,21.059756333397782,0.18446544833365522
Sierra Leone,SLE,2015-07-01,25.27,22.32,7,25.502,36.389,10,10,-0.2319999999999993,-38.66278270906042,0.23198058021196866
Sierra Leone,SLE,2015-08-01,25.38,27.46,8,25.343,27.822,10,10,0.036999999999999,-1.3011286032635858,0.012672309682984429
Sierra Leone,SLE,2015-09-01,25.47,21.49,9,25.71,20.885,10,10,-0.240000000000002,2.8968158965764927,0.054484079482882794
Sierra Leone,SLE,2015-10-01,26.19,13.92,10,26.28,10.611,10,10,-0.0899999999999998,31.184619734238044,0.17092309867119018
Sierra Leone,SLE,2015-11-01,26.5,2.43,11,26.608,4.367,10,10,-0.1079999999999969,-44.35539271811312,0.2397769635905651
Sierra Leone,SLE,2015-12-01,24.06,0.0,12,25.829,0.094,10,10,-1.769000000000002,-100.0,0.7948333333333337
Sierra Leone,SLE,2016-01-01,24.88,0.14,1,25.574,0.017,10,10,-0.6940000000000026,723.5294117647059,0.6156666666666671
Sierra Leone,SLE,2016-02-01,25.86,0.0,2,26.479000000000003,0.062,10,10,-0.6190000000000033,-100.0,0.6031666666666672
Sierra Leone,SLE,2016-03-01,28.11,0.01,3,27.421,0.163,10,10,0.6890000000000001,-93.86503067484662,0.5841584867075664
Sierra Leone,SLE,2016-04-01,28.28,2.15,4,28.135,0.999,10,10,0.1449999999999995,115.2152152152152,0.5241666666666666
Sierra Leone,SLE,2016-05-01,26.96,8.17,5,27.611,10.247,10,10,-0.6509999999999998,-20.26934712598809,0.20984673562994044
Sierra Leone,SLE,2016-06-01,26.07,51.32,6,26.465,20.684,10,10,-0.394999999999996,148.1144846257977,0.5658333333333326
Sierra Leone,SLE,2016-07-01,25.23,62.39,7,25.502,36.389,10,10,-0.2719999999999984,71.4529115941631,0.4025978913041485
Sierra Leone,SLE,2016-08-01,25.22,29.52,8,25.343,27.822,10,10,-0.1230000000000011,6.103083890446424,0.0510154194522323
Sierra Leone,SLE,2016-09-01,25.4,32.52,9,25.71,20.885,10,10,-0.3100000000000023,55.7098395977975,0.3302158646556545
Sierra Leone,SLE,2016-10-01,26.27,5.9,10,26.28,10.611,10,10,-0.0100000000000015,-44.397323532183584,0.22365328432758486
Sierra Leone,SLE,2016-11-01,26.45,3.7,11,26.608,4.367,10,10,-0.1579999999999977,-15.27364323334096,0.10270154950003775
Sierra Leone,SLE,2016-12-01,25.66,0.0,12,25.829,0.094,10,10,-0.1690000000000004,-100.0,0.5281666666666668
Sierra Leone,SLE,2017-01-01,26.05,0.0,1,25.574,0.017,10,10,0.4759999999999991,-100.0,0.5793333333333331
Sierra Leone,SLE,2017-02-01,26.28,0.0,2,26.479000000000003,0.062,10,10,-0.1990000000000016,-100.0,0.5331666666666669
Sierra Leone,SLE,2017-03-01,27.14,0.03,3,27.421,0.163,10,10,-0.2809999999999988,-81.59509202453988,0.45480879345603253
Sierra Leone,SLE,2017-04-01,27.96,1.78,4,28.135,0.999,10,10,-0.1750000000000007,78.17817817817819,0.4200575575575577
Sierra Leone,SLE,2017-05-01,27.41,11.82,5,27.611,10.247,10,10,-0.2010000000000005,15.350834390553336,0.11025417195276677
Sierra Leone,SLE,2017-06-01,26.33,30.57,6,26.465,20.684,10,10,-0.134999999999998,47.79539740862502,0.2614769870431248
Sierra Leone,SLE,2017-07-01,25.35,42.1,7,25.502,36.389,10,10,-0.1519999999999974,15.694303223501624,0.10380484945084102
Sierra Leone,SLE,2017-08-01,25.36,44.4,8,25.343,27.822,10,10,0.0169999999999994,59.5859391848178,0.30076302925742227
Sierra Leone,SLE,2017-09-01,25.81,15.55,9,25.71,20.885,10,10,0.0999999999999978,-25.54464926981086,0.1443899130157206
Sierra Leone,SLE,2017-10-01,26.26,8.73,10,26.28,10.611,10,10,-0.0199999999999995,-17.726887192536047,0.09196776929601348
Sierra Leone,SLE,2017-11-01,26.27,8.37,11,26.608,4.367,10,10,-0.3379999999999974,91.66475841538812,0.5146571254102735
Sierra Leone,SLE,2017-12-01,25.71,0.0,12,25.829,0.094,10,10,-0.1189999999999997,-100.0,0.5198333333333333
Sierra Leone,SLE,2018-01-01,24.67,0.0,1,25.574,0.017,10,10,-0.904,-100.0,0.6506666666666667
Sierra Leone,SLE,2018-02-01,25.53,0.42,2,26.479000000000003,0.062,10,10,-0.9490000000000016,577.4193548387098,0.6581666666666669
Sierra Leone,SLE,2018-03-01,26.64,0.22,3,27.421,0.163,10,10,-0.7809999999999988,34.96932515337423,0.3050132924335376
Sierra Leone,SLE,2018-04-01,27.64,0.08,4,28.135,0.999,10,10,-0.495000000000001,-91.991991991992,0.5424599599599601
Sierra Leone,SLE,2018-05-01,27.7,1.36,5,27.611,10.247,10,10,0.0889999999999986,-86.72782277739827,0.4484724472203245
Sierra Leone,SLE,2018-06-01,26.07,21.8,6,26.465,20.684,10,10,-0.394999999999996,5.395474763101912,0.09281070714884224
Sierra Leone,SLE,2018-07-01,25.38,25.07,7,25.502,36.389,10,10,-0.1219999999999998,-31.10555387617136,0.1758611027141901
Sierra Leone,SLE,2018-08-01,25.02,27.07,8,25.343,27.822,10,10,-0.3230000000000004,-2.7028969879950955,0.06734781827330888
Sierra Leone,SLE,2018-09-01,25.42,32.69,9,25.71,20.885,10,10,-0.2899999999999991,56.523820924108215,0.33095243795387425
Sierra Leone,SLE,2018-10-01,26.13,10.86,10,26.28,10.611,10,10,-0.1500000000000021,2.346621430590885,0.036733107152954775
Sierra Leone,SLE,2018-11-01,26.37,9.38,11,26.608,4.367,10,10,-0.237999999999996,114.79276391115182,0.539666666666666
Sierra Leone,SLE,2018-12-01,25.68,0.16,12,25.829,0.094,10,10,-0.1490000000000009,70.2127659574468,0.37589716312056753
Sierra Leone,SLE,2019-01-01,25.54,0.0,1,25.574,0.017,10,10,-0.0340000000000024,-100.0,0.505666666666667
Sierra Leone,SLE,2019-02-01,26.34,0.0,2,26.479000000000003,0.062,10,10,-0.1390000000000029,-100.0,0.5231666666666671
Sierra Leone,SLE,2019-03-01,27.02,0.0,3,27.421,0.163,10,10,-0.4009999999999998,-100.0,0.5668333333333333
Sierra Leone,SLE,2019-04-01,28.1,0.5,4,28.135,0.999,10,10,-0.0350000000000001,-49.94994994994995,0.2555830830830831
Sierra Leone,SLE,2019-05-01,28.13,0.44,5,27.611,10.247,10,10,0.5189999999999984,-95.70606031033472,0.5650303015516733
Sierra Leone,SLE,2019-06-01,27.04,12.66,6,26.465,20.684,10,10,0.5750000000000028,-38.79327016051054,0.2897996841358865
Sierra Leone,SLE,2019-07-01,25.57,40.69,7,25.502,36.389,10,10,0.0680000000000013,11.819505894638496,0.07043086280652602
Sierra Leone,SLE,2019-08-01,25.19,38.62,8,25.343,27.822,10,10,-0.1529999999999987,38.811012867514926,0.2195550643375744
Sierra Leone,SLE,2019-09-01,25.67,14.12,9,25.71,20.885,10,10,-0.0399999999999991,-32.39166866171894,0.1686250099752612
Sierra Leone,SLE,2019-10-01,26.03,12.6,10,26.28,10.611,10,10,-0.25,18.744698897370643,0.13539016115351987
Sierra Leone,SLE,2019-11-01,26.39,6.8,11,26.608,4.367,10,10,-0.2179999999999964,55.713304327913896,0.3148998549729022
Sierra Leone,SLE,2019-12-01,26.44,0.01,12,25.829,0.094,10,10,0.6110000000000007,-89.36170212765958,0.5486418439716314
Sierra Leone,SLE,2020-01-01,25.4,0.0,1,25.574,0.017,10,10,-0.174000000000003,-100.0,0.5290000000000005
Sierra Leone,SLE,2020-02-01,26.71,0.0,2,26.479000000000003,0.062,10,10,0.2309999999999981,-100.0,0.5384999999999996
Sierra Leone,SLE,2020-03-01,27.98,0.14,3,27.421,0.163,10,10,0.559000000000001,-14.110429447852756,0.16371881390593063
Sierra Leone,SLE,2020-04-01,28.15,2.8,4,28.135,0.999,10,10,0.014999999999997,180.28028028028024,0.5024999999999995
Sierra Leone,SLE,2020-05-01,27.5,9.3,5,27.611,10.247,10,10,-0.1110000000000006,-9.241729286620464,0.06470864643310242
Sierra Leone,SLE,2020-06-01,26.53,4.61,6,26.465,20.684,10,10,0.0650000000000048,-77.7122413459679,0.3993945400631736
Sierra Leone,SLE,2020-07-01,25.29,36.93,7,25.502,36.389,10,10,-0.2119999999999997,1.4867130176701862,0.04276689842168421
Sierra Leone,SLE,2020-08-01,25.05,11.81,8,25.343,27.822,10,10,-0.2929999999999992,-57.55157788800228,0.33659122277334463
Sierra Leone,SLE,2020-09-01,25.68,3.9,9,25.71,20.885,10,10,-0.0300000000000011,-81.32631074934163,0.41163155374670835
Sierra Leone,SLE,2020-10-01,26.36,7.96,10,26.28,10.611,10,10,0.0799999999999983,-24.9835076807087,0.13825087173687656
Sierra Leone,SLE,2020-11-01,26.95,0.19,11,26.608,4.367,10,10,0.3420000000000023,-95.64918708495532,0.5352459354247769
Sierra Leone,SLE,2020-12-01,26.9,0.04,12,25.829,0.094,10,10,1.070999999999998,-57.44680851063829,0.4657340425531911
Sierra Leone,SLE,2021-01-01,26.58,0.01,1,25.574,0.017,10,10,1.005999999999997,-41.1764705882353,0.37354901960784265
Sierra Leone,SLE,2021-02-01,27.54,0.09,2,26.479000000000003,0.062,10,10,1.0609999999999964,45.16129032258064,0.4026397849462359
Sierra Leone,SLE,2021-03-01,27.91,0.02,3,27.421,0.163,10,10,0.4890000000000007,-87.73006134969326,0.5201503067484664
Sierra Leone,SLE,2021-04-01,28.48,0.6,4,28.135,0.999,10,10,0.3449999999999988,-39.93993993993995,0.2571996996996995
Sierra Leone,SLE,2021-05-01,27.32,13.28,5,27.611,10.247,10,10,-0.2910000000000003,29.598906997169895,0.1964945349858495
Sierra Leone,SLE,2021-06-01,26.48,20.86,6,26.465,20.684,10,10,0.0150000000000041,0.8508992457938425,0.006754496228969896
Sierra Leone,SLE,2021-07-01,25.58,60.48,7,25.502,36.389,10,10,0.0779999999999994,66.20407265932013,0.3440203632966006
Sierra Leone,SLE,2021-08-01,25.45,36.98,8,25.343,27.822,10,10,0.1069999999999993,32.916397095823456,0.18241531881245052
Sierra Leone,SLE,2021-09-01,25.88,32.42,9,25.71,20.885,10,10,0.1699999999999981,55.23102705290881,0.30448846859787704
Sierra Leone,SLE,2021-10-01,26.41,12.08,10,26.28,10.611,10,10,0.129999999999999,13.844124022241065,0.09088728677787182
Sierra Leone,SLE,2021-11-01,26.67,1.34,11,26.608,4.367,10,10,0.0620000000000047,-69.31531944126404,0.3569099305396543
Sierra Leone,SLE,2021-12-01,26.55,0.03,12,25.829,0.094,10,10,0.7210000000000001,-68.08510638297872,0.4605921985815603
Sierra Leone,SLE,2022-01-01,25.83,0.0,1,25.574,0.017,10,10,0.2559999999999967,-100.0,0.5426666666666661
Sierra Leone,SLE,2022-02-01,26.57,0.06,2,26.479000000000003,0.062,10,10,0.0909999999999975,-3.2258064516129057,0.03129569892473078
Sierra Leone,SLE,2022-03-01,27.46,0.05,3,27.421,0.163,10,10,0.0390000000000014,-69.32515337423312,0.35312576687116587
Sierra Leone,SLE,2022-04-01,27.79,0.2,4,28.135,0.999,10,10,-0.3450000000000024,-79.97997997997997,0.45739989989990026
Sierra Leone,SLE,2022-05-01,27.92,4.06,5,27.611,10.247,10,10,0.309000000000001,-60.37864740899776,0.35339323704498893
Sierra Leone,SLE,2022-06-01,26.59,5.4,6,26.465,20.684,10,10,0.1250000000000035,-73.89286404950687,0.39029765358086826
Sierra Leone,SLE,2022-07-01,25.46,17.2,7,25.502,36.389,10,10,-0.041999999999998,-52.73296875429387,0.27066484377146904
Sierra Leone,SLE,2022-08-01,25.16,24.06,8,25.343,27.822,10,10,-0.1829999999999998,-13.521673495794689,0.09810836747897342
Sierra Leone,SLE,2022-09-01,25.54,16.49,9,25.71,20.885,10,10,-0.1700000000000017,-21.043811347857314,0.13355239007262018
Sierra Leone,SLE,2022-10-01,26.3,12.94,10,26.28,10.611,10,10,0.0199999999999995,21.94892093110921,0.1130779379888793
Sierra Leone,SLE,2022-11-01,26.34,3.21,11,26.608,4.367,10,10,-0.2679999999999971,-26.494160751087705,0.1771374704221047
Sierra Leone,SLE,2022-12-01,26.14,0.41,12,25.829,0.094,10,10,0.3109999999999999,336.1702127659574,0.5518333333333333
Sierra Leone,SLE,2023-01-01,25.43,0.02,1,25.574,0.017,10,10,-0.1440000000000019,17.647058823529406,0.11223529411764734
Sierra Leone,SLE,2023-02-01,26.54,0.03,2,26.479000000000003,0.062,10,10,0.0609999999999963,-51.61290322580645,0.2682311827956983
Sierra Leone,SLE,2023-03-01,27.08,1.11,3,27.421,0.163,10,10,-0.3410000000000011,580.9815950920245,0.5568333333333335
Sierra Leone,SLE,2023-04-01,28.17,0.96,4,28.135,0.999,10,10,0.0350000000000001,-3.9039039039039074,0.025352852852852888
Sierra Leone,SLE,2023-05-01,27.43,32.19,5,27.611,10.247,10,10,-0.1810000000000009,214.1407241143749,0.5301666666666668
Sierra Leone,SLE,2023-06-01,26.47,12.92,6,26.465,20.684,10,10,0.0050000000000025,-37.53625991104236,0.18851463288854553
Sierra Leone,SLE,2023-07-01,26.06,23.17,7,25.502,36.389,10,10,0.5579999999999998,-36.32691197889472,0.2746345598944736
Sierra Leone,SLE,2023-08-01,25.91,17.63,8,25.343,27.822,10,10,0.5670000000000002,-36.63288045431673,0.2776644022715836
Sierra Leone,SLE,2023-09-01,26.41,20.86,9,25.71,20.885,10,10,0.6999999999999993,-0.1197031362221622,0.11726518234777736
Sierra Leone,SLE,2023-10-01,26.67,14.52,10,26.28,10.611,10,10,0.3900000000000005,36.83912920554141,0.24919564602770714
Sierra Leone,SLE,2023-11-01,27.13,7.35,11,26.608,4.367,10,10,0.522000000000002,68.30776276620104,0.42853881383100556
Sierra Leone,SLE,2023-12-01,25.71,0.29,12,25.829,0.094,10,10,-0.1189999999999997,208.5106382978723,0.5198333333333333
Sierra Leone,SLE,2024-01-01,26.51,0.0,1,25.574,0.017,10,10,0.936,-100.0,0.656
Sierra Leone,SLE,2024-02-01,27.23,0.0,2,26.479000000000003,0.062,10,10,0.7509999999999977,-100.0,0.6251666666666663
Sierra Leone,SLE,2024-03-01,27.86,0.05,3,27.421,0.163,10,10,0.439,-69.32515337423312,0.4197924335378323
Sierra Leone,SLE,2024-04-01,28.92,0.79,4,28.135,0.999,10,10,0.7850000000000001,-20.92092092092092,0.23543793793793796
Sierra Leone,SLE,2024-05-01,28.47,6.3,5,27.611,10.247,10,10,0.8589999999999982,-38.518590807065486,0.3357596207019938
Sierra Leone,SLE,2024-06-01,27.08,21.66,6,26.465,20.684,10,10,0.615000000000002,4.718623090311347,0.12609311545155705
Sierra Leone,SLE,2024-07-01,25.83,33.54,7,25.502,36.389,10,10,0.3279999999999994,-7.829289070873058,0.09381311202103185
Sierra Leone,SLE,2024-08-01,25.69,20.67,8,25.343,27.822,10,10,0.3470000000000013,-25.70627560923009,0.186364711379484
Sierra Leone,SLE,2024-09-01,25.82,18.81,9,25.71,20.885,10,10,0.1099999999999994,-9.935360306440026,0.06801013486553337
Sierra Leone,SLE,2024-10-01,26.18,6.6,10,26.28,10.611,10,10,-0.1000000000000014,-37.800395815663,0.2056686457449819
Sierra Leone,SLE,2024-11-01,27.01,0.9,11,26.608,4.367,10,10,0.4020000000000046,-79.39088619189376,0.4639544309594696
Sierra Leone,SLE,2024-12-01,25.44,0.0,12,25.829,0.094,10,10,-0.3889999999999993,-100.0,0.5648333333333332
Sierra Leone,SLE,2025-01-01,25.86,0.0,1,25.574,0.017,10,10,0.2859999999999978,-100.0,0.5476666666666663
Sierra Leone,SLE,2025-02-01,26.84,0.25,2,26.479000000000003,0.062,10,10,0.3609999999999971,303.2258064516129,0.5601666666666661
Sierra Leone,SLE,2025-03-01,27.34,0.2,3,27.421,0.163,10,10,-0.0809999999999995,22.699386503067487,0.12699693251533736
Sierra Leone,SLE,2025-04-01,28.51,0.48,4,28.135,0.999,10,10,0.375,-51.95195195195196,0.3222597597597598
Sierra Leone,SLE,2025-05-01,28.57,0.12,5,27.611,10.247,10,10,0.9589999999999996,-98.8289255391822,0.6539779610292442
Sierra Leone,SLE,2025-06-01,28.1,1.73,6,26.465,20.684,10,10,1.6350000000000051,-91.63604718623093,0.7306802359311555
Sierra Leone,SLE,2025-07-01,25.51,24.65,7,25.502,36.389,10,10,0.0080000000000026,-32.25974882519442,0.16263207745930588
Sierra Leone,SLE,2025-08-01,25.45,30.76,8,25.343,27.822,10,10,0.1069999999999993,10.559988498310712,0.07063327582488678
Sierra Leone,SLE,2025-09-01,25.94,25.47,9,25.71,20.885,10,10,0.2300000000000004,21.9535551831458,0.1481011092490624
Sierra Leone,SLE,2025-10-01,26.7,5.67,10,26.28,10.611,10,10,0.4199999999999981,-46.56488549618321,0.3028244274809157
Sierra Leone,SLE,2025-11-01,26.67,2.26,11,26.608,4.367,10,10,0.0620000000000047,-48.24822532631097,0.251574459964889
Sierra Leone,SLE,2025-12-01,25.95,0.0,12,25.829,0.094,10,10,0.1209999999999986,-100.0,0.5201666666666664
Sierra Leone,SLE,2026-01-01,26.49,0.04,1,25.574,0.017,10,10,0.9159999999999968,135.2941176470588,0.6526666666666662
Sierra Leone,SLE,2026-02-01,26.88,0.0,2,26.479000000000003,0.062,10,10,0.4009999999999962,-100.0,0.5668333333333327
Sierra Leone,SLE,2026-03-01,27.73,0.01,3,27.421,0.163,10,10,0.309000000000001,-93.86503067484662,0.5208251533742333
Sierra Leone,SLE,2026-04-01,28.58,0.02,4,28.135,0.999,10,10,0.4449999999999967,-97.997997997998,0.5641566566566562
Sierra Leone,SLE,2026-05-01,29.04,1.05,5,27.611,10.247,10,10,1.4289999999999985,-89.75309846784424,0.6869321590058877
Sierra Leone,SLE,2026-06-01,27.61,4.58,6,26.465,20.684,10,10,1.1450000000000031,-77.8572809901373,0.5801197382840204
Sierra Leone,SLE,2026-07-01,27.44,0.25,7,25.502,36.389,10,10,1.9380000000000024,-99.3129791970101,0.8195648959850509
Sierra Leone,SLE,2026-08-01,27.22,0.31,8,25.343,27.822,10,10,1.876999999999999,-98.88577384803392,0.8072622025735028
Sierra Leone,SLE,2026-09-01,,,9,25.71,20.885,10,10,,,
Sierra Leone,SLE,2026-10-01,,,10,26.28,10.611,10,10,,,
Somalia,SOM,2015-01-01,26.06,0.0,1,26.646,0.121,10,10,-0.5859999999999985,-100.0,0.5976666666666665
Somalia,SOM,2015-02-01,26.2,0.0,2,26.794,0.199,10,10,-0.5940000000000012,-100.0,0.5990000000000002
Somalia,SOM,2015-03-01,27.18,0.54,3,27.922000000000004,0.082,10,10,-0.7420000000000044,558.5365853658536,0.6236666666666674
Somalia,SOM,2015-04-01,28.7,1.25,4,28.852,1.387,10,10,-0.1519999999999974,-9.877433309300647,0.07472049987983613
Somalia,SOM,2015-05-01,28.15,2.18,5,28.17,2.368,10,10,-0.0199999999999995,-7.939189189189177,0.04302927927927914
Somalia,SOM,2015-06-01,27.17,0.3,6,26.97,2.03,10,10,0.2000000000000028,-85.22167487684729,0.4594417077175702
Somalia,SOM,2015-07-01,26.0,1.32,7,25.773000000000003,2.561,10,10,0.2269999999999967,-48.45763373682155,0.2801215020174405
Somalia,SOM,2015-08-01,26.11,0.71,8,25.610000000000003,2.603,10,10,0.4999999999999964,-72.7237802535536,0.4469522346011007
Somalia,SOM,2015-09-01,26.72,0.23,9,26.097,1.067,10,10,0.6229999999999976,-78.44423617619493,0.49605451421430763
Somalia,SOM,2015-10-01,27.5,1.55,10,26.816000000000003,1.028,10,10,0.6839999999999975,50.77821011673152,0.36789105058365723
Somalia,SOM,2015-11-01,27.89,4.74,11,27.481,2.224,10,10,0.4089999999999989,113.12949640287772,0.5681666666666665
Somalia,SOM,2015-12-01,27.8,1.03,12,27.366000000000003,0.618,10,10,0.4339999999999975,66.66666666666667,0.4056666666666663
Somalia,SOM,2016-01-01,27.1,0.04,1,26.646,0.121,10,10,0.4540000000000042,-66.94214876033057,0.4103774104683202
Somalia,SOM,2016-02-01,26.81,0.06,2,26.794,0.199,10,10,0.0159999999999982,-69.84924623115577,0.3519128978224452
Somalia,SOM,2016-03-01,28.48,0.04,3,27.922000000000004,0.082,10,10,0.5579999999999963,-51.21951219512195,0.3490975609756091
Somalia,SOM,2016-04-01,28.96,3.82,4,28.852,1.387,10,10,0.108000000000004,175.4145638067772,0.5180000000000007
Somalia,SOM,2016-05-01,28.0,1.54,5,28.17,2.368,10,10,-0.1699999999999981,-34.96621621621621,0.20316441441441407
Somalia,SOM,2016-06-01,26.69,0.2,6,26.97,2.03,10,10,-0.2799999999999976,-90.14778325123152,0.49740558292282383
Somalia,SOM,2016-07-01,24.86,0.15,7,25.773000000000003,2.561,10,10,-0.9130000000000038,-94.1429129246388,0.6228812312898613
Somalia,SOM,2016-08-01,25.22,0.09,8,25.610000000000003,2.603,10,10,-0.3900000000000041,-96.5424510180561,0.5477122550902812
Somalia,SOM,2016-09-01,25.48,0.01,9,26.097,1.067,10,10,-0.6170000000000009,-99.06279287722587,0.5981472977194628
Somalia,SOM,2016-10-01,26.34,0.0,10,26.816000000000003,1.028,10,10,-0.4760000000000026,-100.0,0.5793333333333338
Somalia,SOM,2016-11-01,27.33,0.19,11,27.481,2.224,10,10,-0.1510000000000033,-91.4568345323741,0.4824508393285377
Somalia,SOM,2016-12-01,27.26,0.19,12,27.366000000000003,0.618,10,10,-0.1060000000000016,-69.25566343042071,0.3639449838187705
Somalia,SOM,2017-01-01,26.58,0.0,1,26.646,0.121,10,10,-0.0659999999999989,-100.0,0.5109999999999998
Somalia,SOM,2017-02-01,26.92,0.01,2,26.794,0.199,10,10,0.1260000000000012,-94.9748743718593,0.49587437185929667
Somalia,SOM,2017-03-01,27.74,0.0,3,27.922000000000004,0.082,10,10,-0.1820000000000057,-100.0,0.5303333333333343
Somalia,SOM,2017-04-01,28.59,0.21,4,28.852,1.387,10,10,-0.2619999999999969,-84.85940879596251,0.4679637106464787
Somalia,SOM,2017-05-01,28.24,0.1,5,28.17,2.368,10,10,0.0700000000000002,-95.77702702702705,0.49055180180180197
Somalia,SOM,2017-06-01,27.0,0.22,6,26.97,2.03,10,10,0.0300000000000011,-89.16256157635468,0.4508128078817735
Somalia,SOM,2017-07-01,26.02,0.01,7,25.773000000000003,2.561,10,10,0.2469999999999963,-99.60952752830926,0.5392143043082124
Somalia,SOM,2017-08-01,26.18,0.44,8,25.610000000000003,2.603,10,10,0.5699999999999967,-83.09642719938533,0.5104821359969262
Somalia,SOM,2017-09-01,26.18,0.02,9,26.097,1.067,10,10,0.0829999999999984,-98.12558575445172,0.5044612621055916
Somalia,SOM,2017-10-01,26.84,0.62,10,26.816000000000003,1.028,10,10,0.0239999999999973,-39.688715953307394,0.20244357976653654
Somalia,SOM,2017-11-01,27.45,2.9,11,27.481,2.224,10,10,-0.0310000000000023,30.39568345323742,0.15714508393285415
Somalia,SOM,2017-12-01,26.7,0.0,12,27.366000000000003,0.618,10,10,-0.6660000000000039,-100.0,0.6110000000000007
Somalia,SOM,2018-01-01,25.73,0.0,1,26.646,0.121,10,10,-0.9159999999999968,-100.0,0.6526666666666662
Somalia,SOM,2018-02-01,26.43,0.0,2,26.794,0.199,10,10,-0.3640000000000007,-100.0,0.5606666666666668
Somalia,SOM,2018-03-01,27.87,0.07,3,27.922000000000004,0.082,10,10,-0.0520000000000031,-14.634146341463412,0.08183739837398424
Somalia,SOM,2018-04-01,28.36,1.63,4,28.852,1.387,10,10,-0.4919999999999973,17.519826964671946,0.16959913482335928
Somalia,SOM,2018-05-01,27.8,0.19,5,28.17,2.368,10,10,-0.3699999999999974,-91.97635135135135,0.521548423423423
Somalia,SOM,2018-06-01,26.56,0.42,6,26.97,2.03,10,10,-0.4100000000000001,-79.3103448275862,0.4648850574712644
Somalia,SOM,2018-07-01,25.36,0.09,7,25.773000000000003,2.561,10,10,-0.4130000000000038,-96.48574775478328,0.5512620721072503
Somalia,SOM,2018-08-01,25.25,1.89,8,25.610000000000003,2.603,10,10,-0.360000000000003,-27.39147137917788,0.1969573568958899
Somalia,SOM,2018-09-01,26.09,0.03,9,26.097,1.067,10,10,-0.0070000000000014,-97.1883786316776,0.4871085598250549
Somalia,SOM,2018-10-01,26.59,0.23,10,26.816000000000003,1.028,10,10,-0.2260000000000026,-77.62645914396887,0.4257989623865115
Somalia,SOM,2018-11-01,27.41,0.07,11,27.481,2.224,10,10,-0.0710000000000015,-96.85251798561151,0.4960959232613911
Somalia,SOM,2018-12-01,27.4,0.02,12,27.366000000000003,0.618,10,10,0.0339999999999953,-96.76375404530744,0.48948543689320306
Somalia,SOM,2019-01-01,26.58,0.01,1,26.646,0.121,10,10,-0.0659999999999989,-91.73553719008264,0.46967768595041304
Somalia,SOM,2019-02-01,26.87,0.0,2,26.794,0.199,10,10,0.0760000000000005,-100.0,0.5126666666666667
Somalia,SOM,2019-03-01,28.02,0.01,3,27.922000000000004,0.082,10,10,0.0979999999999954,-87.8048780487805,0.4553577235772351
Somalia,SOM,2019-04-01,29.04,0.1,4,28.852,1.387,10,10,0.1880000000000024,-92.79019466474404,0.49528430665705386
Somalia,SOM,2019-05-01,28.75,0.85,5,28.17,2.368,10,10,0.5800000000000018,-64.10472972972973,0.4171903153153156
Somalia,SOM,2019-06-01,26.99,2.39,6,26.97,2.03,10,10,0.0199999999999995,17.733990147783242,0.09200328407224945
Somalia,SOM,2019-07-01,26.03,1.06,7,25.773000000000003,2.561,10,10,0.2569999999999979,-58.60991800078095,0.33588292333723774
Somalia,SOM,2019-08-01,25.72,0.46,8,25.610000000000003,2.603,10,10,0.1099999999999958,-82.32808298117557,0.4299737482392105
Somalia,SOM,2019-09-01,26.29,0.4,9,26.097,1.067,10,10,0.1929999999999978,-62.51171508903467,0.34472524211183964
Somalia,SOM,2019-10-01,27.17,2.46,10,26.816000000000003,1.028,10,10,0.3539999999999992,139.29961089494162,0.5589999999999998
Somalia,SOM,2019-11-01,27.77,0.63,11,27.481,2.224,10,10,0.2889999999999979,-71.67266187050359,0.4065299760191842
Somalia,SOM,2019-12-01,27.93,0.19,12,27.366000000000003,0.618,10,10,0.5639999999999965,-69.25566343042071,0.44027831715210297
Somalia,SOM,2020-01-01,27.6,0.0,1,26.646,0.121,10,10,0.9540000000000042,-100.0,0.6590000000000007
Somalia,SOM,2020-02-01,27.62,0.0,2,26.794,0.199,10,10,0.8260000000000005,-100.0,0.6376666666666667
Somalia,SOM,2020-03-01,28.55,0.01,3,27.922000000000004,0.082,10,10,0.6279999999999966,-87.8048780487805,0.5436910569105686
Somalia,SOM,2020-04-01,29.23,0.7,4,28.852,1.387,10,10,0.3780000000000036,-49.53136265320837,0.31065681326604244
Somalia,SOM,2020-05-01,28.37,8.42,5,28.17,2.368,10,10,0.2000000000000028,255.57432432432435,0.5333333333333338
Somalia,SOM,2020-06-01,27.33,3.41,6,26.97,2.03,10,10,0.3599999999999994,67.98029556650245,0.3999014778325121
Somalia,SOM,2020-07-01,26.05,7.27,7,25.773000000000003,2.561,10,10,0.2769999999999974,183.8734869191722,0.5461666666666662
Somalia,SOM,2020-08-01,25.24,4.4,8,25.610000000000003,2.603,10,10,-0.3700000000000045,69.03572800614675,0.4068453066974012
Somalia,SOM,2020-09-01,25.67,5.16,9,26.097,1.067,10,10,-0.4269999999999996,383.5988753514527,0.5711666666666666
Somalia,SOM,2020-10-01,26.93,0.6,10,26.816000000000003,1.028,10,10,0.1139999999999972,-41.63424124513619,0.2271712062256805
Somalia,SOM,2020-11-01,27.21,0.96,11,27.481,2.224,10,10,-0.2710000000000008,-56.83453237410072,0.3293393285371704
Somalia,SOM,2020-12-01,27.15,0.03,12,27.366000000000003,0.618,10,10,-0.2160000000000046,-95.14563106796116,0.5117281553398066
Somalia,SOM,2021-01-01,26.12,0.21,1,26.646,0.121,10,10,-0.5259999999999962,73.55371900826447,0.45543526170798837
Somalia,SOM,2021-02-01,26.21,0.0,2,26.794,0.199,10,10,-0.5839999999999996,-100.0,0.5973333333333333
Somalia,SOM,2021-03-01,27.3,0.05,3,27.922000000000004,0.082,10,10,-0.6220000000000034,-39.02439024390244,0.29878861788617944
Somalia,SOM,2021-04-01,28.66,0.64,4,28.852,1.387,10,10,-0.1919999999999966,-53.857245854361935,0.3012862292718091
Somalia,SOM,2021-05-01,27.47,1.87,5,28.17,2.368,10,10,-0.6999999999999993,-21.0304054054054,0.22181869369369356
Somalia,SOM,2021-06-01,26.65,1.98,6,26.97,2.03,10,10,-0.3200000000000003,-2.463054187192131,0.06564860426929403
Somalia,SOM,2021-07-01,25.75,6.38,7,25.773000000000003,2.561,10,10,-0.0230000000000032,149.1214369386958,0.5038333333333339
Somalia,SOM,2021-08-01,25.32,8.34,8,25.610000000000003,2.603,10,10,-0.2900000000000027,220.39953899346904,0.5483333333333338
Somalia,SOM,2021-09-01,25.91,3.41,9,26.097,1.067,10,10,-0.1870000000000011,219.5876288659794,0.5311666666666669
Somalia,SOM,2021-10-01,26.5,0.2,10,26.816000000000003,1.028,10,10,-0.3160000000000025,-80.54474708171206,0.4553904020752274
Somalia,SOM,2021-11-01,27.33,1.43,11,27.481,2.224,10,10,-0.1510000000000033,-35.70143884892086,0.20367386091127151
Somalia,SOM,2021-12-01,27.17,0.06,12,27.366000000000003,0.618,10,10,-0.1960000000000015,-90.29126213592234,0.48412297734627857
Somalia,SOM,2022-01-01,26.76,0.94,1,26.646,0.121,10,10,0.1140000000000043,676.8595041322315,0.5190000000000007
Somalia,SOM,2022-02-01,26.46,1.91,2,26.794,0.199,10,10,-0.3339999999999996,859.7989949748742,0.5556666666666666
Somalia,SOM,2022-03-01,27.37,0.01,3,27.922000000000004,0.082,10,10,-0.5520000000000032,-87.8048780487805,0.531024390243903
Somalia,SOM,2022-04-01,28.56,1.59,4,28.852,1.387,10,10,-0.291999999999998,14.63590483056958,0.12184619081951423
Somalia,SOM,2022-05-01,28.04,0.89,5,28.17,2.368,10,10,-0.129999999999999,-62.41554054054054,0.3337443693693692
Somalia,SOM,2022-06-01,26.85,5.19,6,26.97,2.03,10,10,-0.1199999999999974,155.66502463054186,0.5199999999999996
Somalia,SOM,2022-07-01,25.35,4.85,7,25.773000000000003,2.561,10,10,-0.4230000000000018,89.37914877001171,0.5173957438500588
Somalia,SOM,2022-08-01,25.05,5.09,8,25.610000000000003,2.603,10,10,-0.5600000000000023,95.54360353438338,0.5710513510052506
Somalia,SOM,2022-09-01,25.61,0.74,9,26.097,1.067,10,10,-0.4870000000000019,-30.646672914714152,0.23440003124023773
Somalia,SOM,2022-10-01,26.03,0.13,10,26.816000000000003,1.028,10,10,-0.7860000000000014,-87.35408560311284,0.5677704280155644
Somalia,SOM,2022-11-01,27.1,0.12,11,27.481,2.224,10,10,-0.3810000000000002,-94.60431654676258,0.5365215827338129
Somalia,SOM,2022-12-01,26.98,4.65,12,27.366000000000003,0.618,10,10,-0.3860000000000028,652.4271844660194,0.5643333333333338
Somalia,SOM,2023-01-01,26.5,0.01,1,26.646,0.121,10,10,-0.1459999999999972,-91.73553719008264,0.48301101928374607
Somalia,SOM,2023-02-01,26.35,0.0,2,26.794,0.199,10,10,-0.443999999999999,-100.0,0.5739999999999998
Somalia,SOM,2023-03-01,27.86,0.06,3,27.922000000000004,0.082,10,10,-0.0620000000000047,-26.829268292682933,0.14447967479674878
Somalia,SOM,2023-04-01,28.93,2.17,4,28.852,1.387,10,10,0.0780000000000029,56.452775775054064,0.29526387887527084
Somalia,SOM,2023-05-01,28.24,0.17,5,28.17,2.368,10,10,0.0700000000000002,-92.82094594594597,0.47577139639639654
Somalia,SOM,2023-06-01,27.23,1.29,6,26.97,2.03,10,10,0.2600000000000015,-36.45320197044335,0.22559934318555033
Somalia,SOM,2023-07-01,26.21,2.81,7,25.773000000000003,2.561,10,10,0.4369999999999976,9.722764545099576,0.1214471560588308
Somalia,SOM,2023-08-01,26.17,1.24,8,25.610000000000003,2.603,10,10,0.5599999999999987,-52.36265847099501,0.3551466256883081
Somalia,SOM,2023-09-01,26.65,0.21,9,26.097,1.067,10,10,0.5529999999999973,-80.31865042174321,0.4937599187753823
Somalia,SOM,2023-10-01,27.32,4.43,10,26.816000000000003,1.028,10,10,0.5039999999999978,330.9338521400778,0.5839999999999996
Somalia,SOM,2023-11-01,27.78,8.19,11,27.481,2.224,10,10,0.2989999999999995,268.25539568345323,0.5498333333333333
Somalia,SOM,2023-12-01,28.05,0.01,12,27.366000000000003,0.618,10,10,0.6839999999999975,-98.38187702265373,0.6059093851132682
Somalia,SOM,2024-01-01,27.43,0.0,1,26.646,0.121,10,10,0.7840000000000025,-100.0,0.630666666666667
Somalia,SOM,2024-02-01,28.07,0.01,2,26.794,0.199,10,10,1.2759999999999998,-94.9748743718593,0.6875410385259632
Somalia,SOM,2024-03-01,28.85,0.03,3,27.922000000000004,0.082,10,10,0.9279999999999972,-63.41463414634146,0.47173983739837355
Somalia,SOM,2024-04-01,29.49,1.76,4,28.852,1.387,10,10,0.6380000000000017,26.892573900504686,0.24079620283585704
Somalia,SOM,2024-05-01,28.64,7.47,5,28.17,2.368,10,10,0.4700000000000024,215.4560810810811,0.5783333333333337
Somalia,SOM,2024-06-01,27.23,4.9,6,26.97,2.03,10,10,0.2600000000000015,141.3793103448276,0.5433333333333336
Somalia,SOM,2024-07-01,26.1,1.67,7,25.773000000000003,2.561,10,10,0.3269999999999982,-34.79109722764545,0.22845548613822694
Somalia,SOM,2024-08-01,25.84,3.37,8,25.610000000000003,2.603,10,10,0.2299999999999968,29.46600076834421,0.18566333717505384
Somalia,SOM,2024-09-01,26.37,0.46,9,26.097,1.067,10,10,0.2729999999999997,-56.88847235238988,0.32994236176194935
Somalia,SOM,2024-10-01,26.94,0.06,10,26.816000000000003,1.028,10,10,0.1239999999999987,-94.1634241245136,0.4914837872892344
Somalia,SOM,2024-11-01,27.54,3.01,11,27.481,2.224,10,10,0.0589999999999975,35.341726618705046,0.18654196642685814
Somalia,SOM,2024-12-01,27.22,0.0,12,27.366000000000003,0.618,10,10,-0.1460000000000043,-100.0,0.5243333333333341
Somalia,SOM,2025-01-01,26.25,0.0,1,26.646,0.121,10,10,-0.3959999999999972,-100.0,0.5659999999999995
Somalia,SOM,2025-02-01,26.46,0.0,2,26.794,0.199,10,10,-0.3339999999999996,-100.0,0.5556666666666666
Somalia,SOM,2025-03-01,28.1,0.92,3,27.922000000000004,0.082,10,10,0.1779999999999972,1021.9512195121952,0.5296666666666662
Somalia,SOM,2025-04-01,29.21,0.96,4,28.852,1.387,10,10,0.3580000000000041,-30.785868781542906,0.21359601057438188
Somalia,SOM,2025-05-01,28.11,7.9,5,28.17,2.368,10,10,-0.0599999999999987,233.61486486486487,0.5099999999999998
Somalia,SOM,2025-06-01,27.04,7.96,6,26.97,2.03,10,10,0.0700000000000002,292.1182266009852,0.5116666666666667
Somalia,SOM,2025-07-01,25.92,2.4,7,25.773000000000003,2.561,10,10,0.1469999999999984,-6.286606794221009,0.05593303397110477
Somalia,SOM,2025-08-01,25.65,2.05,8,25.610000000000003,2.603,10,10,0.0399999999999955,-21.24471763349982,0.11289025483416502
Somalia,SOM,2025-09-01,26.05,0.46,9,26.097,1.067,10,10,-0.0470000000000006,-56.88847235238988,0.29227569509528284
Somalia,SOM,2025-10-01,26.56,0.07,10,26.816000000000003,1.028,10,10,-0.2560000000000038,-93.1906614785992,0.5086199740596633
Somalia,SOM,2025-11-01,27.29,0.02,11,27.481,2.224,10,10,-0.1910000000000025,-99.10071942446042,0.5273369304556359
Somalia,SOM,2025-12-01,27.28,0.01,12,27.366000000000003,0.618,10,10,-0.086000000000002,-98.38187702265373,0.5062427184466023
Somalia,SOM,2026-01-01,26.7,0.25,1,26.646,0.121,10,10,0.054000000000002,106.61157024793388,0.5090000000000003
Somalia,SOM,2026-02-01,26.84,0.74,2,26.794,0.199,10,10,0.0459999999999993,271.85929648241205,0.5076666666666666
Somalia,SOM,2026-03-01,28.22,0.97,3,27.922000000000004,0.082,10,10,0.2979999999999947,1082.9268292682923,0.5496666666666657
Somalia,SOM,2026-04-01,28.71,3.13,4,28.852,1.387,10,10,-0.1419999999999959,125.66690699351118,0.523666666666666
Somalia,SOM,2026-05-01,28.37,0.61,5,28.17,2.368,10,10,0.2000000000000028,-74.23986486486487,0.4045326576576581
Somalia,SOM,2026-06-01,27.37,0.07,6,26.97,2.03,10,10,0.4000000000000021,-96.55172413793105,0.5494252873563222
Somalia,SOM,2026-07-01,26.64,0.0,7,25.773000000000003,2.561,10,10,0.8669999999999973,-100.0,0.6444999999999995
Somalia,SOM,2026-08-01,26.26,0.04,8,25.610000000000003,2.603,10,10,0.6499999999999986,-98.46331156358048,0.6006498911512355
Somalia,SOM,2026-09-01,,,9,26.097,1.067,10,10,,,
Somalia,SOM,2026-10-01,,,10,26.816000000000003,1.028,10,10,,,
South Sudan,SSD,2015-01-01,27.19,0.0,1,28.872000000000003,0.353,10,10,-1.6820000000000022,-100.0,0.7803333333333338
South Sudan,SSD,2015-02-01,31.01,0.22,2,30.997000000000003,0.61,10,10,0.0129999999999981,-63.934426229508205,0.3218387978142074
South Sudan,SSD,2015-03-01,31.61,1.09,3,31.166,1.143,10,10,0.4440000000000026,-4.636920384951875,0.0971846019247598
South Sudan,SSD,2015-04-01,28.77,1.16,4,29.527,2.662,10,10,-0.7569999999999979,-56.423741547708495,0.4082853744052088
South Sudan,SSD,2015-05-01,27.47,5.27,5,28.004,4.795,10,10,-0.5340000000000025,9.906152241918658,0.1385307612095937
South Sudan,SSD,2015-06-01,25.91,6.06,6,26.716,5.112,10,10,-0.8059999999999974,18.544600938967125,0.22705633802816852
South Sudan,SSD,2015-07-01,26.52,4.97,7,25.629,5.245,10,10,0.8909999999999982,-5.243088655862733,0.17471544327931338
South Sudan,SSD,2015-08-01,26.43,3.48,8,25.905,4.443,10,10,0.5249999999999986,-21.674544226873728,0.19587272113436838
South Sudan,SSD,2015-09-01,27.91,2.36,9,26.748,4.856,10,10,1.161999999999999,-51.40032948929159,0.45066831411312447
South Sudan,SSD,2015-10-01,27.32,4.34,10,26.414,5.0120000000000005,10,10,0.9060000000000024,-13.40782122905029,0.21803910614525185
South Sudan,SSD,2015-11-01,25.78,4.71,11,26.538,2.489,10,10,-0.7579999999999991,89.23262354359181,0.5724964510512922
South Sudan,SSD,2015-12-01,26.64,1.11,12,27.857,1.739,10,10,-1.2169999999999987,-36.17021276595744,0.3836843971631203
South Sudan,SSD,2016-01-01,28.85,0.01,1,28.872000000000003,0.353,10,10,-0.022000000000002,-97.1671388101983,0.48950236071765846
South Sudan,SSD,2016-02-01,32.12,0.0,2,30.997000000000003,0.61,10,10,1.122999999999994,-100.0,0.6871666666666657
South Sudan,SSD,2016-03-01,32.41,0.68,3,31.166,1.143,10,10,1.2439999999999998,-40.507436570428695,0.40987051618547676
South Sudan,SSD,2016-04-01,29.46,5.01,4,29.527,2.662,10,10,-0.0669999999999966,88.20435762584523,0.45218845479589226
South Sudan,SSD,2016-05-01,26.8,7.3,5,28.004,4.795,10,10,-1.2040000000000006,52.24191866527633,0.46187625999304843
South Sudan,SSD,2016-06-01,26.07,4.93,6,26.716,5.112,10,10,-0.6459999999999972,-3.5602503912363144,0.12546791862284778
South Sudan,SSD,2016-07-01,24.93,4.51,7,25.629,5.245,10,10,-0.6990000000000016,-14.013346043851293,0.18656673021925674
South Sudan,SSD,2016-08-01,25.79,3.96,8,25.905,4.443,10,10,-0.1150000000000019,-10.871033085752863,0.0735218320954313
South Sudan,SSD,2016-09-01,26.82,5.42,9,26.748,4.856,10,10,0.0719999999999991,11.614497528830316,0.07007248764415144
South Sudan,SSD,2016-10-01,26.36,3.67,10,26.414,5.0120000000000005,10,10,-0.0539999999999984,-26.775738228252205,0.14287869114126076
South Sudan,SSD,2016-11-01,27.85,0.55,11,26.538,2.489,10,10,1.3120000000000012,-77.90277219766975,0.6081805276550156
South Sudan,SSD,2016-12-01,29.95,0.04,12,27.857,1.739,10,10,2.093,-97.69982748706153,0.8373324707686409
South Sudan,SSD,2017-01-01,30.51,0.32,1,28.872000000000003,0.353,10,10,1.637999999999998,-9.348441926345616,0.3197422096317277
South Sudan,SSD,2017-02-01,30.85,0.45,2,30.997000000000003,0.61,10,10,-0.147000000000002,-26.22950819672131,0.15564754098360686
South Sudan,SSD,2017-03-01,30.98,1.06,3,31.166,1.143,10,10,-0.1859999999999964,-7.261592300962376,0.06730796150481128
South Sudan,SSD,2017-04-01,30.06,2.76,4,29.527,2.662,10,10,0.5330000000000013,3.681442524417726,0.10724054595542218
South Sudan,SSD,2017-05-01,27.24,5.17,5,28.004,4.795,10,10,-0.7640000000000029,7.820646506777893,0.1664365658672233
South Sudan,SSD,2017-06-01,26.98,4.75,6,26.716,5.112,10,10,0.2640000000000029,-7.081377151799689,0.07940688575899893
South Sudan,SSD,2017-07-01,25.09,5.87,7,25.629,5.245,10,10,-0.5390000000000015,11.916110581506196,0.14941388624086455
South Sudan,SSD,2017-08-01,25.39,4.89,8,25.905,4.443,10,10,-0.5150000000000006,10.060769750168808,0.13613718208417747
South Sudan,SSD,2017-09-01,25.7,3.88,9,26.748,4.856,10,10,-1.0480000000000018,-20.09884678747941,0.275160900604064
South Sudan,SSD,2017-10-01,26.46,4.03,10,26.414,5.0120000000000005,10,10,0.0460000000000029,-19.59297685554669,0.10563155094440062
South Sudan,SSD,2017-11-01,25.99,3.24,11,26.538,2.489,10,10,-0.5480000000000018,30.172760144636413,0.24219713405651572
South Sudan,SSD,2017-12-01,28.84,0.07,12,27.857,1.739,10,10,0.9830000000000004,-95.97469810235766,0.6437068238451217
South Sudan,SSD,2018-01-01,28.89,0.0,1,28.872000000000003,0.353,10,10,0.0179999999999971,-100.0,0.5029999999999996
South Sudan,SSD,2018-02-01,31.46,2.54,2,30.997000000000003,0.61,10,10,0.4629999999999974,316.39344262295083,0.5771666666666663
South Sudan,SSD,2018-03-01,29.35,2.02,3,31.166,1.143,10,10,-1.8159999999999956,76.72790901137357,0.6863062117235338
South Sudan,SSD,2018-04-01,27.82,4.47,4,29.527,2.662,10,10,-1.7069999999999972,67.91885800150263,0.6240942900075126
South Sudan,SSD,2018-05-01,26.36,5.44,5,28.004,4.795,10,10,-1.644000000000002,13.451511991657986,0.3412575599582902
South Sudan,SSD,2018-06-01,25.68,2.52,6,26.716,5.112,10,10,-1.0359999999999978,-50.70422535211267,0.4261877934272297
South Sudan,SSD,2018-07-01,26.36,2.21,7,25.629,5.245,10,10,0.7309999999999981,-57.864632983794095,0.4111564982523035
South Sudan,SSD,2018-08-01,26.67,2.55,8,25.905,4.443,10,10,0.7650000000000006,-42.60634706279541,0.3405317353139771
South Sudan,SSD,2018-09-01,28.99,3.47,9,26.748,4.856,10,10,2.2419999999999973,-28.54200988467874,0.5163767160900599
South Sudan,SSD,2018-10-01,26.89,5.88,10,26.414,5.0120000000000005,10,10,0.4760000000000026,17.31843575418993,0.1659255121042834
South Sudan,SSD,2018-11-01,27.9,1.08,11,26.538,2.489,10,10,1.3619999999999983,-56.60907995178787,0.510045399758939
South Sudan,SSD,2018-12-01,28.82,0.92,12,27.857,1.739,10,10,0.963000000000001,-47.09603220241518,0.3959801610120761
South Sudan,SSD,2019-01-01,31.63,0.01,1,28.872000000000003,0.353,10,10,2.757999999999996,-97.1671388101983,0.9455023607176575
South Sudan,SSD,2019-02-01,32.28,0.2,2,30.997000000000003,0.61,10,10,1.2829999999999977,-67.21311475409836,0.5498989071038247
South Sudan,SSD,2019-03-01,32.26,0.5,3,31.166,1.143,10,10,1.0940000000000012,-56.25546806649169,0.463610673665792
South Sudan,SSD,2019-04-01,30.93,2.13,4,29.527,2.662,10,10,1.4030000000000022,-19.98497370398197,0.33375820185324356
South Sudan,SSD,2019-05-01,28.73,2.35,5,28.004,4.795,10,10,0.7259999999999991,-50.990615224191856,0.37595307612095913
South Sudan,SSD,2019-06-01,25.63,10.65,6,26.716,5.112,10,10,-1.0859999999999983,108.33333333333331,0.6809999999999997
South Sudan,SSD,2019-07-01,25.08,5.49,7,25.629,5.245,10,10,-0.549000000000003,4.671115347950431,0.11485557673975266
South Sudan,SSD,2019-08-01,25.12,4.62,8,25.905,4.443,10,10,-0.7850000000000001,3.98379473328833,0.15075230699977502
South Sudan,SSD,2019-09-01,26.08,4.72,9,26.748,4.856,10,10,-0.6680000000000028,-2.8006589785831983,0.1253366282262498
South Sudan,SSD,2019-10-01,24.96,5.67,10,26.414,5.0120000000000005,10,10,-1.453999999999997,13.12849162011172,0.3079757914338914
South Sudan,SSD,2019-11-01,25.62,1.07,11,26.538,2.489,10,10,-0.9179999999999992,-57.010847730012046,0.4380542386500601
South Sudan,SSD,2019-12-01,26.71,1.55,12,27.857,1.739,10,10,-1.1469999999999985,-10.868315123634275,0.24550824228483778
South Sudan,SSD,2020-01-01,27.71,0.12,1,28.872000000000003,0.353,10,10,-1.1620000000000026,-66.0056657223796,0.5236949952785651
South Sudan,SSD,2020-02-01,31.17,0.16,2,30.997000000000003,0.61,10,10,0.1729999999999982,-73.77049180327869,0.3976857923497265
South Sudan,SSD,2020-03-01,29.58,2.87,3,31.166,1.143,10,10,-1.5859999999999983,151.09361329833771,0.7643333333333331
South Sudan,SSD,2020-04-01,28.82,4.45,4,29.527,2.662,10,10,-0.7069999999999972,67.16754320060106,0.4536710493363381
South Sudan,SSD,2020-05-01,26.6,6.59,5,28.004,4.795,10,10,-1.404,37.43482794577685,0.4211741397288843
South Sudan,SSD,2020-06-01,26.07,3.64,6,26.716,5.112,10,10,-0.6459999999999972,-28.794992175273865,0.25164162754303554
South Sudan,SSD,2020-07-01,24.55,7.14,7,25.629,5.245,10,10,-1.0790000000000006,36.12964728312678,0.36048156974896733
South Sudan,SSD,2020-08-01,25.01,5.58,8,25.905,4.443,10,10,-0.8949999999999996,25.59081701553006,0.2771207517443169
South Sudan,SSD,2020-09-01,25.34,8.05,9,26.748,4.856,10,10,-1.4080000000000013,65.77429983525538,0.5635381658429438
South Sudan,SSD,2020-10-01,25.5,4.11,10,26.414,5.0120000000000005,10,10,-0.913999999999998,-17.99680766161213,0.24231737164139366
South Sudan,SSD,2020-11-01,25.79,2.47,11,26.538,2.489,10,10,-0.7480000000000011,-0.7633587786259415,0.12848346055979656
South Sudan,SSD,2020-12-01,26.42,6.81,12,27.857,1.739,10,10,-1.4369999999999976,291.6043703277746,0.7394999999999996
South Sudan,SSD,2021-01-01,26.46,2.66,1,28.872000000000003,0.353,10,10,-2.4120000000000026,653.5410764872521,0.9020000000000004
South Sudan,SSD,2021-02-01,28.54,0.02,2,30.997000000000003,0.61,10,10,-2.4570000000000043,-96.72131147540983,0.8931065573770498
South Sudan,SSD,2021-03-01,30.25,0.31,3,31.166,1.143,10,10,-0.9159999999999968,-72.87839020122485,0.5170586176727904
South Sudan,SSD,2021-04-01,29.84,1.09,4,29.527,2.662,10,10,0.3130000000000024,-59.053343350864,0.34743338342098706
South Sudan,SSD,2021-05-01,27.42,6.73,5,28.004,4.795,10,10,-0.5839999999999996,40.35453597497394,0.29910601320820296
South Sudan,SSD,2021-06-01,27.61,3.06,6,26.716,5.112,10,10,0.8940000000000019,-40.140845070422536,0.349704225352113
South Sudan,SSD,2021-07-01,25.18,4.79,7,25.629,5.245,10,10,-0.4490000000000016,-8.674928503336513,0.11820797585001616
South Sudan,SSD,2021-08-01,26.42,2.59,8,25.905,4.443,10,10,0.5150000000000006,-41.706054467702,0.29436360567184344
South Sudan,SSD,2021-09-01,26.38,6.04,9,26.748,4.856,10,10,-0.3680000000000021,24.382207578253716,0.18324437122460227
South Sudan,SSD,2021-10-01,26.88,5.9,10,26.414,5.0120000000000005,10,10,0.4660000000000011,17.71747805267358,0.16625405693003475
South Sudan,SSD,2021-11-01,27.02,3.43,11,26.538,2.489,10,10,0.4819999999999993,37.80634793089595,0.269365072987813
South Sudan,SSD,2021-12-01,27.52,1.76,12,27.857,1.739,10,10,-0.3369999999999997,1.2075905692926916,0.06220461951313007
South Sudan,SSD,2022-01-01,28.84,0.18,1,28.872000000000003,0.353,10,10,-0.0320000000000035,-49.00849858356941,0.250375826251181
South Sudan,SSD,2022-02-01,30.43,0.12,2,30.997000000000003,0.61,10,10,-0.5670000000000037,-80.32786885245902,0.4961393442622957
South Sudan,SSD,2022-03-01,31.0,1.37,3,31.166,1.143,10,10,-0.1659999999999968,19.86001749781278,0.12696675415573003
South Sudan,SSD,2022-04-01,30.1,1.5,4,29.527,2.662,10,10,0.573000000000004,-43.65138993238167,0.313756949661909
South Sudan,SSD,2022-05-01,28.85,3.23,5,28.004,4.795,10,10,0.8460000000000001,-32.638164754953074,0.30419082377476536
South Sudan,SSD,2022-06-01,27.9,2.26,6,26.716,5.112,10,10,1.184000000000001,-55.79029733959312,0.4762848200312991
South Sudan,SSD,2022-07-01,25.59,6.65,7,25.629,5.245,10,10,-0.0390000000000014,26.78741658722593,0.1404370829361299
South Sudan,SSD,2022-08-01,24.74,5.07,8,25.905,4.443,10,10,-1.1650000000000027,14.112086428089146,0.26472709880711287
South Sudan,SSD,2022-09-01,25.91,5.47,9,26.748,4.856,10,10,-0.838000000000001,12.644151565074132,0.2028874244920375
South Sudan,SSD,2022-10-01,26.16,3.07,10,26.414,5.0120000000000005,10,10,-0.2539999999999978,-38.747007182761386,0.2360683692471399
South Sudan,SSD,2022-11-01,27.28,0.75,11,26.538,2.489,10,10,0.7420000000000009,-69.86741663318602,0.47300374983259696
South Sudan,SSD,2022-12-01,27.84,1.4,12,27.857,1.739,10,10,-0.0169999999999994,-19.493962047153545,0.10030314356910096
South Sudan,SSD,2023-01-01,29.3,0.18,1,28.872000000000003,0.353,10,10,0.4279999999999972,-49.00849858356941,0.31637582625117994
South Sudan,SSD,2023-02-01,31.63,0.06,2,30.997000000000003,0.61,10,10,0.6329999999999956,-90.16393442622952,0.5563196721311469
South Sudan,SSD,2023-03-01,30.73,1.22,3,31.166,1.143,10,10,-0.4359999999999964,6.736657917760276,0.10634995625546745
South Sudan,SSD,2023-04-01,29.68,1.37,4,29.527,2.662,10,10,0.1530000000000022,-48.53493613824192,0.26817468069121
South Sudan,SSD,2023-05-01,30.14,2.64,5,28.004,4.795,10,10,2.1359999999999992,-44.942648592283625,0.580713242961418
South Sudan,SSD,2023-06-01,27.5,8.44,6,26.716,5.112,10,10,0.7840000000000025,65.1017214397496,0.456175273865415
South Sudan,SSD,2023-07-01,26.59,4.56,7,25.629,5.245,10,10,0.9609999999999984,-13.0600571973308,0.2254669526533204
South Sudan,SSD,2023-08-01,28.06,2.37,8,25.905,4.443,10,10,2.1549999999999976,-46.657663740715726,0.5924549853702449
South Sudan,SSD,2023-09-01,28.01,4.24,9,26.748,4.856,10,10,1.2620000000000005,-12.685337726523882,0.27376002196595284
South Sudan,SSD,2023-10-01,27.2,5.53,10,26.414,5.0120000000000005,10,10,0.7860000000000014,10.335195530726253,0.1826759776536315
South Sudan,SSD,2023-11-01,26.4,5.06,11,26.538,2.489,10,10,-0.1380000000000016,103.29449578143831,0.5230000000000002
South Sudan,SSD,2023-12-01,28.59,0.08,12,27.857,1.739,10,10,0.7330000000000005,-95.39965497412308,0.5991649415372822
South Sudan,SSD,2024-01-01,29.34,0.05,1,28.872000000000003,0.353,10,10,0.4679999999999964,-85.8356940509915,0.5071784702549569
South Sudan,SSD,2024-02-01,30.48,2.33,2,30.997000000000003,0.61,10,10,-0.517000000000003,281.96721311475414,0.5861666666666672
South Sudan,SSD,2024-03-01,33.49,0.31,3,31.166,1.143,10,10,2.324000000000005,-72.87839020122485,0.7517252843394584
South Sudan,SSD,2024-04-01,29.79,2.68,4,29.527,2.662,10,10,0.2630000000000017,0.676183320811429,0.047214249937390755
South Sudan,SSD,2024-05-01,30.43,3.23,5,28.004,4.795,10,10,2.4259999999999984,-32.638164754953074,0.5675241571080984
South Sudan,SSD,2024-06-01,27.81,4.81,6,26.716,5.112,10,10,1.0940000000000012,-5.907668231611903,0.21187167449139305
South Sudan,SSD,2024-07-01,26.4,6.26,7,25.629,5.245,10,10,0.7709999999999972,19.35176358436605,0.22525881792182978
South Sudan,SSD,2024-08-01,25.42,9.32,8,25.905,4.443,10,10,-0.4849999999999994,109.76817465676348,0.5808333333333332
South Sudan,SSD,2024-09-01,26.34,4.91,9,26.748,4.856,10,10,-0.4080000000000012,1.1120263591433337,0.07356013179571687
South Sudan,SSD,2024-10-01,26.41,7.92,10,26.414,5.0120000000000005,10,10,-0.0039999999999977,58.02075019952113,0.2907704176642719
South Sudan,SSD,2024-11-01,25.75,2.53,11,26.538,2.489,10,10,-0.7880000000000003,1.6472478907191617,0.1395695727869292
South Sudan,SSD,2024-12-01,27.24,3.65,12,27.857,1.739,10,10,-0.6170000000000009,109.8907418056354,0.6028333333333334
South Sudan,SSD,2025-01-01,28.41,0.02,1,28.872000000000003,0.353,10,10,-0.4620000000000033,-94.3342776203966,0.5486713881019836
South Sudan,SSD,2025-02-01,32.1,0.08,2,30.997000000000003,0.61,10,10,1.102999999999998,-86.88524590163935,0.6182595628415297
South Sudan,SSD,2025-03-01,31.53,0.61,3,31.166,1.143,10,10,0.3640000000000043,-46.63167104111986,0.29382502187226667
South Sudan,SSD,2025-04-01,29.68,2.81,4,29.527,2.662,10,10,0.1530000000000022,5.55972952667168,0.05329864763335877
South Sudan,SSD,2025-05-01,28.46,4.75,5,28.004,4.795,10,10,0.4559999999999995,-0.9384775808133458,0.08069238790406665
South Sudan,SSD,2025-06-01,28.47,2.79,6,26.716,5.112,10,10,1.7540000000000011,-45.42253521126761,0.5194460093896716
South Sudan,SSD,2025-07-01,26.34,4.22,7,25.629,5.245,10,10,0.7109999999999985,-19.54242135367017,0.21621210676835062
South Sudan,SSD,2025-08-01,25.92,3.63,8,25.905,4.443,10,10,0.0150000000000005,-18.29844699527346,0.09399223497636738
South Sudan,SSD,2025-09-01,26.85,5.03,9,26.748,4.856,10,10,0.1020000000000003,3.583196046128509,0.034915980230642595
South Sudan,SSD,2025-10-01,27.58,2.19,10,26.414,5.0120000000000005,10,10,1.1660000000000004,-56.3048683160415,0.4758576749135409
South Sudan,SSD,2025-11-01,27.89,4.05,11,26.538,2.489,10,10,1.3520000000000003,62.7159501807955,0.5389130842373109
South Sudan,SSD,2025-12-01,29.23,0.46,12,27.857,1.739,10,10,1.373000000000001,-73.5480161012076,0.5965734138393715
South Sudan,SSD,2026-01-01,31.28,0.04,1,28.872000000000003,0.353,10,10,2.4079999999999977,-88.66855524079321,0.844676109537299
South Sudan,SSD,2026-02-01,31.72,0.49,2,30.997000000000003,0.61,10,10,0.7229999999999954,-19.672131147540984,0.21886065573770414
South Sudan,SSD,2026-03-01,31.37,0.37,3,31.166,1.143,10,10,0.2040000000000041,-67.62904636920385,0.37214523184601994
South Sudan,SSD,2026-04-01,30.31,2.44,4,29.527,2.662,10,10,0.7830000000000013,-8.339594290007513,0.17219797145003776
South Sudan,SSD,2026-05-01,29.27,5.02,5,28.004,4.795,10,10,1.2659999999999982,4.692387904066729,0.23446193952033337
South Sudan,SSD,2026-06-01,30.65,1.36,6,26.716,5.112,10,10,3.934000000000001,-73.39593114241,0.86697965571205
South Sudan,SSD,2026-07-01,28.45,3.62,7,25.629,5.245,10,10,2.820999999999998,-30.981887511916117,0.6250761042262469
South Sudan,SSD,2026-08-01,29.42,2.42,8,25.905,4.443,10,10,3.515000000000001,-45.532297996848975,0.7276614899842448
South Sudan,SSD,2026-09-01,,,9,26.748,4.856,10,10,,,
South Sudan,SSD,2026-10-01,,,10,26.414,5.0120000000000005,10,10,,,
Chad,TCD,2015-01-01,22.3,0.0,1,24.041,0.0,10,10,-1.7409999999999997,,0.5803333333333333
Chad,TCD,2015-02-01,28.96,0.0,2,26.851,0.002,10,10,2.1090000000000018,-100.0,0.8515000000000004
Chad,TCD,2015-03-01,31.55,0.0,3,31.818,0.026,10,10,-0.2680000000000007,-100.0,0.5446666666666667
Chad,TCD,2015-04-01,31.86,0.0,4,34.422000000000004,0.066,10,10,-2.5620000000000047,-100.0,0.9270000000000007
Chad,TCD,2015-05-01,35.05,0.06,5,35.03,0.426,10,10,0.019999999999996,-85.91549295774648,0.43291079812206507
Chad,TCD,2015-06-01,31.97,2.84,6,31.799,2.565,10,10,0.1709999999999993,10.721247563352824,0.082106237816764
Chad,TCD,2015-07-01,29.22,5.87,7,28.872000000000003,4.781000000000001,10,10,0.3479999999999954,22.777661577075914,0.17188830788537882
Chad,TCD,2015-08-01,27.37,6.06,8,26.857,6.426,10,10,0.5130000000000017,-5.695611577964527,0.11397805788982292
Chad,TCD,2015-09-01,27.7,3.24,9,27.409,3.168,10,10,0.2910000000000003,2.2727272727272747,0.059863636363636424
Chad,TCD,2015-10-01,29.48,0.39,10,28.352,0.71,10,10,1.1280000000000037,-45.070422535211264,0.4133521126760569
Chad,TCD,2015-11-01,27.31,0.02,11,27.31,0.004,10,10,-3.552713678800501e-15,400.0,0.5000000000000006
Chad,TCD,2015-12-01,21.77,0.0,12,24.725,0.0,10,10,-2.955000000000002,,0.9850000000000007
Chad,TCD,2016-01-01,22.53,0.0,1,24.041,0.0,10,10,-1.5109999999999992,,0.5036666666666664
Chad,TCD,2016-02-01,25.98,0.0,2,26.851,0.002,10,10,-0.8709999999999987,-100.0,0.6451666666666664
Chad,TCD,2016-03-01,33.3,0.0,3,31.818,0.026,10,10,1.4819999999999958,-100.0,0.7469999999999993
Chad,TCD,2016-04-01,34.87,0.01,4,34.422000000000004,0.066,10,10,0.4479999999999933,-84.84848484848484,0.49890909090908975
Chad,TCD,2016-05-01,34.82,0.62,5,35.03,0.426,10,10,-0.2100000000000008,45.539906103286384,0.262699530516432
Chad,TCD,2016-06-01,31.08,3.35,6,31.799,2.565,10,10,-0.7190000000000012,30.604288499025344,0.27285477582846024
Chad,TCD,2016-07-01,28.12,5.64,7,28.872000000000003,4.781000000000001,10,10,-0.7520000000000024,17.966952520393203,0.21516809593529976
Chad,TCD,2016-08-01,26.55,6.97,8,26.857,6.426,10,10,-0.3069999999999986,8.46560846560846,0.09349470899470874
Chad,TCD,2016-09-01,27.05,3.74,9,27.409,3.168,10,10,-0.3589999999999982,18.05555555555556,0.15011111111111083
Chad,TCD,2016-10-01,28.67,0.3,10,28.352,0.71,10,10,0.3180000000000049,-57.74647887323944,0.341732394366198
Chad,TCD,2016-11-01,28.99,0.0,11,27.31,0.004,10,10,1.6799999999999962,-100.0,0.7799999999999994
Chad,TCD,2016-12-01,26.24,0.0,12,24.725,0.0,10,10,1.514999999999997,,0.504999999999999
Chad,TCD,2017-01-01,26.65,0.0,1,24.041,0.0,10,10,2.608999999999998,,0.869666666666666
Chad,TCD,2017-02-01,26.16,0.0,2,26.851,0.002,10,10,-0.690999999999999,-100.0,0.6151666666666665
Chad,TCD,2017-03-01,30.61,0.0,3,31.818,0.026,10,10,-1.208000000000002,-100.0,0.7013333333333337
Chad,TCD,2017-04-01,34.73,0.01,4,34.422000000000004,0.066,10,10,0.3079999999999927,-84.84848484848484,0.4755757575757563
Chad,TCD,2017-05-01,34.59,0.76,5,35.03,0.426,10,10,-0.4399999999999977,78.40375586854461,0.46535211267605603
Chad,TCD,2017-06-01,30.72,2.94,6,31.799,2.565,10,10,-1.0790000000000006,14.619883040935672,0.2529327485380118
Chad,TCD,2017-07-01,28.47,4.22,7,28.872000000000003,4.781000000000001,10,10,-0.4020000000000046,-11.733946873039129,0.1256697343651964
Chad,TCD,2017-08-01,26.97,4.56,8,26.857,6.426,10,10,0.1129999999999995,-29.038281979458457,0.16402474323062555
Chad,TCD,2017-09-01,27.78,2.93,9,27.409,3.168,10,10,0.3710000000000022,-7.512626262626262,0.09939646464646501
Chad,TCD,2017-10-01,28.56,0.26,10,28.352,0.71,10,10,0.2080000000000019,-63.38028169014084,0.3515680751173712
Chad,TCD,2017-11-01,27.86,0.0,11,27.31,0.004,10,10,0.5499999999999972,-100.0,0.5916666666666662
Chad,TCD,2017-12-01,26.16,0.0,12,24.725,0.0,10,10,1.4349999999999987,,0.4783333333333329
Chad,TCD,2018-01-01,22.03,0.0,1,24.041,0.0,10,10,-2.0109999999999992,,0.6703333333333331
Chad,TCD,2018-02-01,29.26,0.02,2,26.851,0.002,10,10,2.4090000000000025,900.0,0.9015000000000004
Chad,TCD,2018-03-01,31.63,0.0,3,31.818,0.026,10,10,-0.1880000000000024,-100.0,0.5313333333333338
Chad,TCD,2018-04-01,34.24,0.04,4,34.422000000000004,0.066,10,10,-0.1820000000000021,-39.3939393939394,0.22730303030303067
Chad,TCD,2018-05-01,34.2,0.8,5,35.03,0.426,10,10,-0.8299999999999983,87.79342723004696,0.5773004694835678
Chad,TCD,2018-06-01,31.99,2.17,6,31.799,2.565,10,10,0.1909999999999989,-15.399610136452244,0.10883138401559436
Chad,TCD,2018-07-01,28.19,6.54,7,28.872000000000003,4.781000000000001,10,10,-0.6820000000000022,36.79146622045595,0.29762399776894677
Chad,TCD,2018-08-01,26.37,7.77,8,26.857,6.426,10,10,-0.4869999999999983,20.91503267973855,0.18574183006535916
Chad,TCD,2018-09-01,26.56,4.21,9,27.409,3.168,10,10,-0.8490000000000002,32.89141414141413,0.3059570707070707
Chad,TCD,2018-10-01,28.0,0.23,10,28.352,0.71,10,10,-0.3519999999999967,-67.6056338028169,0.3966948356807506
Chad,TCD,2018-11-01,27.18,0.0,11,27.31,0.004,10,10,-0.1300000000000025,-100.0,0.5216666666666671
Chad,TCD,2018-12-01,24.6,0.0,12,24.725,0.0,10,10,-0.125,,0.041666666666666664
Chad,TCD,2019-01-01,25.09,0.0,1,24.041,0.0,10,10,1.0489999999999997,,0.34966666666666657
Chad,TCD,2019-02-01,26.83,0.0,2,26.851,0.002,10,10,-0.0210000000000007,-100.0,0.5035000000000002
Chad,TCD,2019-03-01,31.96,0.0,3,31.818,0.026,10,10,0.1419999999999994,-100.0,0.5236666666666666
Chad,TCD,2019-04-01,34.75,0.03,4,34.422000000000004,0.066,10,10,0.3279999999999958,-54.54545454545456,0.3273939393939388
Chad,TCD,2019-05-01,35.14,0.7,5,35.03,0.426,10,10,0.1099999999999994,64.31924882629107,0.33992957746478863
Chad,TCD,2019-06-01,30.74,3.84,6,31.799,2.565,10,10,-1.059000000000001,49.707602339181285,0.4250380116959066
Chad,TCD,2019-07-01,28.55,3.51,7,28.872000000000003,4.781000000000001,10,10,-0.3220000000000027,-26.58439656975529,0.18658864951544357
Chad,TCD,2019-08-01,26.76,5.49,8,26.857,6.426,10,10,-0.0969999999999977,-14.56582633053221,0.08899579831932734
Chad,TCD,2019-09-01,28.11,2.11,9,27.409,3.168,10,10,0.7010000000000005,-33.39646464646465,0.28381565656565666
Chad,TCD,2019-10-01,27.7,1.92,10,28.352,0.71,10,10,-0.6519999999999975,170.4225352112676,0.6086666666666662
Chad,TCD,2019-11-01,27.69,0.0,11,27.31,0.004,10,10,0.379999999999999,-100.0,0.5633333333333331
Chad,TCD,2019-12-01,23.88,0.0,12,24.725,0.0,10,10,-0.8450000000000024,,0.28166666666666745
Chad,TCD,2020-01-01,23.57,0.0,1,24.041,0.0,10,10,-0.4710000000000001,,0.15700000000000003
Chad,TCD,2020-02-01,26.12,0.0,2,26.851,0.002,10,10,-0.7309999999999981,-100.0,0.621833333333333
Chad,TCD,2020-03-01,31.69,0.0,3,31.818,0.026,10,10,-0.1280000000000001,-100.0,0.5213333333333333
Chad,TCD,2020-04-01,34.74,0.02,4,34.422000000000004,0.066,10,10,0.3179999999999978,-69.69696969696969,0.4014848484848481
Chad,TCD,2020-05-01,34.7,0.2,5,35.03,0.426,10,10,-0.3299999999999983,-53.05164319248826,0.320258215962441
Chad,TCD,2020-06-01,33.83,1.19,6,31.799,2.565,10,10,2.030999999999999,-53.606237816764136,0.6065311890838205
Chad,TCD,2020-07-01,29.16,3.03,7,28.872000000000003,4.781000000000001,10,10,0.2879999999999967,-36.62413720978876,0.23112068604894329
Chad,TCD,2020-08-01,26.91,7.96,8,26.857,6.426,10,10,0.0530000000000008,23.871770930594455,0.12819218798630574
Chad,TCD,2020-09-01,26.65,3.13,9,27.409,3.168,10,10,-0.7590000000000003,-1.1994949494949576,0.13249747474747484
Chad,TCD,2020-10-01,27.14,1.38,10,28.352,0.71,10,10,-1.2119999999999962,94.3661971830986,0.6738309859154924
Chad,TCD,2020-11-01,25.56,0.01,11,27.31,0.004,10,10,-1.7500000000000036,150.0,0.7916666666666672
Chad,TCD,2020-12-01,25.87,0.0,12,24.725,0.0,10,10,1.1449999999999996,,0.38166666666666654
Chad,TCD,2021-01-01,25.47,0.0,1,24.041,0.0,10,10,1.4289999999999985,,0.47633333333333283
Chad,TCD,2021-02-01,25.98,0.0,2,26.851,0.002,10,10,-0.8709999999999987,-100.0,0.6451666666666664
Chad,TCD,2021-03-01,32.04,0.0,3,31.818,0.026,10,10,0.2219999999999977,-100.0,0.5369999999999996
Chad,TCD,2021-04-01,33.46,0.0,4,34.422000000000004,0.066,10,10,-0.9620000000000032,-100.0,0.6603333333333339
Chad,TCD,2021-05-01,35.16,0.15,5,35.03,0.426,10,10,0.1299999999999954,-64.7887323943662,0.34561032863849694
Chad,TCD,2021-06-01,32.36,1.47,6,31.799,2.565,10,10,0.5609999999999999,-42.69005847953216,0.3069502923976608
Chad,TCD,2021-07-01,29.07,5.14,7,28.872000000000003,4.781000000000001,10,10,0.1979999999999968,7.508889353691677,0.07054444676845785
Chad,TCD,2021-08-01,27.29,2.64,8,26.857,6.426,10,10,0.4329999999999998,-58.916900093370685,0.3667511671335201
Chad,TCD,2021-09-01,28.15,2.52,9,27.409,3.168,10,10,0.7409999999999997,-20.45454545454546,0.22577272727272724
Chad,TCD,2021-10-01,29.8,0.95,10,28.352,0.71,10,10,1.448000000000004,33.80281690140845,0.4103474178403762
Chad,TCD,2021-11-01,29.1,0.0,11,27.31,0.004,10,10,1.7899999999999991,-100.0,0.7983333333333331
Chad,TCD,2021-12-01,25.89,0.0,12,24.725,0.0,10,10,1.1649999999999991,,0.38833333333333303
Chad,TCD,2022-01-01,23.72,0.0,1,24.041,0.0,10,10,-0.3210000000000015,,0.1070000000000005
Chad,TCD,2022-02-01,25.11,0.0,2,26.851,0.002,10,10,-1.7409999999999997,-100.0,0.7901666666666667
Chad,TCD,2022-03-01,30.83,0.0,3,31.818,0.026,10,10,-0.9880000000000032,-100.0,0.6646666666666672
Chad,TCD,2022-04-01,34.92,0.08,4,34.422000000000004,0.066,10,10,0.4979999999999975,21.21212121212121,0.18906060606060565
Chad,TCD,2022-05-01,34.2,0.38,5,35.03,0.426,10,10,-0.8299999999999983,-10.798122065727696,0.19232394366197153
Chad,TCD,2022-06-01,31.9,1.92,6,31.799,2.565,10,10,0.100999999999999,-25.146198830409357,0.14256432748537995
Chad,TCD,2022-07-01,28.68,5.28,7,28.872000000000003,4.781000000000001,10,10,-0.1920000000000037,10.437147040368115,0.0841857352018412
Chad,TCD,2022-08-01,26.05,7.71,8,26.857,6.426,10,10,-0.8069999999999986,19.9813258636788,0.23440662931839376
Chad,TCD,2022-09-01,26.38,4.49,9,27.409,3.168,10,10,-1.029,41.72979797979798,0.3801489898989899
Chad,TCD,2022-10-01,26.81,0.18,10,28.352,0.71,10,10,-1.541999999999998,-74.64788732394368,0.630239436619718
Chad,TCD,2022-11-01,25.23,0.0,11,27.31,0.004,10,10,-2.080000000000002,-100.0,0.8466666666666669
Chad,TCD,2022-12-01,23.9,0.0,12,24.725,0.0,10,10,-0.8250000000000028,,0.27500000000000097
Chad,TCD,2023-01-01,25.1,0.0,1,24.041,0.0,10,10,1.059000000000001,,0.35300000000000037
Chad,TCD,2023-02-01,26.85,0.0,2,26.851,0.002,10,10,-0.0009999999999976,-100.0,0.5001666666666663
Chad,TCD,2023-03-01,31.24,0.26,3,31.818,0.026,10,10,-0.578000000000003,900.0,0.5963333333333338
Chad,TCD,2023-04-01,34.83,0.39,4,34.422000000000004,0.066,10,10,0.4079999999999941,490.9090909090909,0.5679999999999991
Chad,TCD,2023-05-01,35.34,0.39,5,35.03,0.426,10,10,0.3100000000000023,-8.450704225352107,0.09392018779342759
Chad,TCD,2023-06-01,30.75,2.37,6,31.799,2.565,10,10,-1.0489999999999997,-7.602339181286544,0.212845029239766
Chad,TCD,2023-07-01,30.57,3.61,7,28.872000000000003,4.781000000000001,10,10,1.6979999999999968,-24.492783936414988,0.4054639196820744
Chad,TCD,2023-08-01,28.16,7.15,8,26.857,6.426,10,10,1.3030000000000008,11.26672891378774,0.27350031123560553
Chad,TCD,2023-09-01,28.6,2.68,9,27.409,3.168,10,10,1.1910000000000025,-15.404040404040405,0.27552020202020244
Chad,TCD,2023-10-01,30.17,0.37,10,28.352,0.71,10,10,1.818000000000005,-47.88732394366197,0.5424366197183107
Chad,TCD,2023-11-01,30.06,0.01,11,27.31,0.004,10,10,2.7499999999999964,150.0,0.9583333333333328
Chad,TCD,2023-12-01,25.6,0.0,12,24.725,0.0,10,10,0.875,,0.2916666666666667
Chad,TCD,2024-01-01,23.95,0.0,1,24.041,0.0,10,10,-0.091000000000001,,0.030333333333333667
Chad,TCD,2024-02-01,27.26,0.0,2,26.851,0.002,10,10,0.4090000000000025,-100.0,0.568166666666667
Chad,TCD,2024-03-01,33.33,0.0,3,31.818,0.026,10,10,1.511999999999997,-100.0,0.7519999999999996
Chad,TCD,2024-04-01,35.82,0.08,4,34.422000000000004,0.066,10,10,1.397999999999996,21.21212121212121,0.3390606060606054
Chad,TCD,2024-05-01,37.1,0.2,5,35.03,0.426,10,10,2.0700000000000003,-53.05164319248826,0.6102582159624412
Chad,TCD,2024-06-01,32.65,3.56,6,31.799,2.565,10,10,0.8509999999999991,38.79142300194932,0.3357904483430798
Chad,TCD,2024-07-01,28.69,4.97,7,28.872000000000003,4.781000000000001,10,10,-0.1820000000000021,3.95314787701316,0.05009907271839949
Chad,TCD,2024-08-01,26.14,7.95,8,26.857,6.426,10,10,-0.7169999999999987,23.71615312791783,0.23808076563958894
Chad,TCD,2024-09-01,27.11,2.63,9,27.409,3.168,10,10,-0.2989999999999995,-16.98232323232324,0.13474494949494945
Chad,TCD,2024-10-01,27.19,1.12,10,28.352,0.71,10,10,-1.1619999999999957,57.74647887323946,0.48239906103286323
Chad,TCD,2024-11-01,24.12,0.0,11,27.31,0.004,10,10,-3.1900000000000013,-100.0,1.0
Chad,TCD,2024-12-01,23.34,0.0,12,24.725,0.0,10,10,-1.3850000000000016,,0.46166666666666717
Chad,TCD,2025-01-01,24.84,0.0,1,24.041,0.0,10,10,0.7989999999999995,,0.26633333333333314
Chad,TCD,2025-02-01,28.13,0.0,2,26.851,0.002,10,10,1.279,-100.0,0.7131666666666666
Chad,TCD,2025-03-01,31.8,0.0,3,31.818,0.026,10,10,-0.0180000000000006,-100.0,0.5030000000000001
Chad,TCD,2025-04-01,34.37,0.02,4,34.422000000000004,0.066,10,10,-0.0520000000000067,-69.69696969696969,0.3571515151515162
Chad,TCD,2025-05-01,35.83,0.31,5,35.03,0.426,10,10,0.7999999999999972,-27.230046948356808,0.26948356807511686
Chad,TCD,2025-06-01,33.93,2.16,6,31.799,2.565,10,10,2.131,-15.78947368421052,0.43411403508771923
Chad,TCD,2025-07-01,28.93,8.57,7,28.872000000000003,4.781000000000001,10,10,0.0579999999999962,79.25120267726416,0.4059226800529869
Chad,TCD,2025-08-01,26.85,6.38,8,26.857,6.426,10,10,-0.0069999999999978,-0.7158418923124846,0.004745876128228723
Chad,TCD,2025-09-01,27.25,3.47,9,27.409,3.168,10,10,-0.1589999999999989,9.532828282828284,0.07416414141414124
Chad,TCD,2025-10-01,27.58,0.5,10,28.352,0.71,10,10,-0.7719999999999985,-29.57746478873239,0.27655399061032837
Chad,TCD,2025-11-01,27.42,0.0,11,27.31,0.004,10,10,0.1099999999999994,-100.0,0.5183333333333332
Chad,TCD,2025-12-01,26.81,0.0,12,24.725,0.0,10,10,2.0849999999999973,,0.6949999999999991
Chad,TCD,2026-01-01,26.9,0.0,1,24.041,0.0,10,10,2.858999999999998,,0.9529999999999994
Chad,TCD,2026-02-01,28.4,0.0,2,26.851,0.002,10,10,1.5489999999999997,-100.0,0.7581666666666667
Chad,TCD,2026-03-01,30.54,0.07,3,31.818,0.026,10,10,-1.2780000000000022,169.23076923076923,0.7130000000000004
Chad,TCD,2026-04-01,34.44,0.1,4,34.422000000000004,0.066,10,10,0.0179999999999935,51.51515151515152,0.2605757575757565
Chad,TCD,2026-05-01,35.48,0.46,5,35.03,0.426,10,10,0.4499999999999957,7.981220657277002,0.11490610328638429
Chad,TCD,2026-06-01,32.48,2.3,6,31.799,2.565,10,10,0.6809999999999974,-10.331384015594548,0.1651569200779723
Chad,TCD,2026-07-01,30.66,3.01,7,28.872000000000003,4.781000000000001,10,10,1.7879999999999967,-37.04245973645682,0.48321229868228355
Chad,TCD,2026-08-01,29.65,2.75,8,26.857,6.426,10,10,2.7929999999999997,-57.205104263927794,0.751525521319639
Chad,TCD,2026-09-01,,,9,27.409,3.168,10,10,,,
Chad,TCD,2026-10-01,,,10,28.352,0.71,10,10,,,
Tanzania,TZA,2015-01-01,27.06,3.21,1,27.775,5.223000000000001,10,10,-0.7149999999999999,-38.54106835152212,0.31187200842427726
Tanzania,TZA,2015-02-01,28.18,0.83,2,28.037,2.635,10,10,0.1430000000000006,-68.50094876660341,0.36633807716635053
Tanzania,TZA,2015-03-01,27.85,8.17,3,28.168,5.555,10,10,-0.3179999999999978,47.07470747074708,0.28837353735373505
Tanzania,TZA,2015-04-01,27.53,4.86,4,27.39,10.114,10,10,0.1400000000000041,-51.94779513545581,0.2830723090106131
Tanzania,TZA,2015-05-01,26.23,10.92,5,26.191000000000003,6.2490000000000006,10,10,0.0389999999999979,74.74795967354775,0.38023979836773847
Tanzania,TZA,2015-06-01,25.25,0.31,6,25.246,1.101,10,10,0.0039999999999977,-71.84377838328791,0.35988555858310584
Tanzania,TZA,2015-07-01,25.22,0.44,7,24.9,0.575,10,10,0.3200000000000003,-23.47826086956521,0.17072463768115945
Tanzania,TZA,2015-08-01,25.38,0.35,8,25.218,0.428,10,10,0.161999999999999,-18.22429906542057,0.11812149532710269
Tanzania,TZA,2015-09-01,25.96,0.36,9,25.861,0.6479999999999999,10,10,0.0990000000000002,-44.44444444444444,0.23872222222222225
Tanzania,TZA,2015-10-01,27.41,0.66,10,26.816000000000003,2.822,10,10,0.5939999999999976,-76.6123316796598,0.4820616583982986
Tanzania,TZA,2015-11-01,27.68,6.42,11,27.517000000000003,5.379,10,10,0.1629999999999967,19.35303959843838,0.12393186465885801
Tanzania,TZA,2015-12-01,28.3,3.11,12,28.016,4.508,10,10,0.2839999999999989,-31.01153504880213,0.2023910085773438
Tanzania,TZA,2016-01-01,28.48,5.29,1,27.775,5.223000000000001,10,10,0.7050000000000018,1.2827876699214873,0.12391393834960775
Tanzania,TZA,2016-02-01,27.78,3.11,2,28.037,2.635,10,10,-0.2569999999999979,18.026565464895626,0.1329661606578111
Tanzania,TZA,2016-03-01,28.99,3.34,3,28.168,5.555,10,10,0.8219999999999992,-39.87398739873987,0.3363699369936992
Tanzania,TZA,2016-04-01,27.94,11.55,4,27.39,10.114,10,10,0.5500000000000043,14.198141190429109,0.1626573726188129
Tanzania,TZA,2016-05-01,25.86,0.74,5,26.191000000000003,6.2490000000000006,10,10,-0.331000000000003,-88.1581052968475,0.4959571931509047
Tanzania,TZA,2016-06-01,25.34,1.54,6,25.246,1.101,10,10,0.0939999999999976,39.87284287011808,0.21503088101725665
Tanzania,TZA,2016-07-01,24.78,0.27,7,24.9,0.575,10,10,-0.1199999999999974,-53.04347826086956,0.28521739130434737
Tanzania,TZA,2016-08-01,25.12,0.78,8,25.218,0.428,10,10,-0.0979999999999989,82.2429906542056,0.4275482866043611
Tanzania,TZA,2016-09-01,25.34,0.58,9,25.861,0.6479999999999999,10,10,-0.5210000000000008,-10.49382716049382,0.13930246913580258
Tanzania,TZA,2016-10-01,26.29,0.89,10,26.816000000000003,2.822,10,10,-0.5260000000000034,-68.46208362863217,0.4299770848098281
Tanzania,TZA,2016-11-01,27.48,1.74,11,27.517000000000003,5.379,10,10,-0.0370000000000025,-67.65197992191857,0.34442656627625995
Tanzania,TZA,2016-12-01,28.26,3.18,12,28.016,4.508,10,10,0.2439999999999997,-29.458740017746223,0.18796036675539773
Tanzania,TZA,2017-01-01,28.38,1.76,1,27.775,5.223000000000001,10,10,0.6050000000000004,-66.30289105877848,0.43234778862722584
Tanzania,TZA,2017-02-01,28.29,2.46,2,28.037,2.635,10,10,0.2530000000000001,-6.641366223908928,0.07537349778621133
Tanzania,TZA,2017-03-01,28.3,4.11,3,28.168,5.555,10,10,0.1320000000000014,-26.012601260126,0.15206300630063024
Tanzania,TZA,2017-04-01,27.21,15.04,4,27.39,10.114,10,10,-0.1799999999999961,48.70476567134663,0.2735238283567325
Tanzania,TZA,2017-05-01,26.32,10.62,5,26.191000000000003,6.2490000000000006,10,10,0.1289999999999977,69.94719155064809,0.37123595775324003
Tanzania,TZA,2017-06-01,25.42,1.03,6,25.246,1.101,10,10,0.1739999999999995,-6.448683015440504,0.061243415077202434
Tanzania,TZA,2017-07-01,24.97,0.22,7,24.9,0.575,10,10,0.0700000000000002,-61.73913043478261,0.32036231884057975
Tanzania,TZA,2017-08-01,25.21,0.69,8,25.218,0.428,10,10,-0.0079999999999991,61.21495327102801,0.3074080996884732
Tanzania,TZA,2017-09-01,25.73,0.53,9,25.861,0.6479999999999999,10,10,-0.1310000000000002,-18.20987654320986,0.11288271604938266
Tanzania,TZA,2017-10-01,26.92,3.52,10,26.816000000000003,2.822,10,10,0.1039999999999992,24.734231041814315,0.14100448854240477
Tanzania,TZA,2017-11-01,27.26,6.58,11,27.517000000000003,5.379,10,10,-0.2570000000000014,22.327570180330927,0.1544711842349882
Tanzania,TZA,2017-12-01,27.93,2.8,12,28.016,4.508,10,10,-0.086000000000002,-37.88819875776398,0.20377432712215357
Tanzania,TZA,2018-01-01,26.83,6.45,1,27.775,5.223000000000001,10,10,-0.9450000000000004,23.49224583572658,0.27496122917863297
Tanzania,TZA,2018-02-01,28.04,1.37,2,28.037,2.635,10,10,0.0030000000000001,-48.007590132827325,0.24053795066413666
Tanzania,TZA,2018-03-01,27.69,5.31,3,28.168,5.555,10,10,-0.477999999999998,-4.410441044104413,0.1017188718871884
Tanzania,TZA,2018-04-01,26.83,16.08,4,27.39,10.114,10,10,-0.5599999999999987,58.987542020961016,0.3882710434381382
Tanzania,TZA,2018-05-01,26.28,7.14,5,26.191000000000003,6.2490000000000006,10,10,0.0889999999999986,14.258281325011987,0.08612473995839304
Tanzania,TZA,2018-06-01,24.93,0.74,6,25.246,1.101,10,10,-0.3160000000000025,-32.78837420526794,0.2166085376930068
Tanzania,TZA,2018-07-01,24.65,0.56,7,24.9,0.575,10,10,-0.25,-2.608695652173896,0.05471014492753615
Tanzania,TZA,2018-08-01,25.09,0.13,8,25.218,0.428,10,10,-0.1280000000000001,-69.62616822429906,0.3694641744548287
Tanzania,TZA,2018-09-01,25.92,1.13,9,25.861,0.6479999999999999,10,10,0.059000000000001,74.38271604938272,0.38174691358024715
Tanzania,TZA,2018-10-01,26.49,1.79,10,26.816000000000003,2.822,10,10,-0.326000000000004,-36.5698086463501,0.2371823765650845
Tanzania,TZA,2018-11-01,27.75,1.36,11,27.517000000000003,5.379,10,10,0.232999999999997,-74.71649005391335,0.41241578360289954
Tanzania,TZA,2018-12-01,28.43,3.1,12,28.016,4.508,10,10,0.4139999999999979,-31.23336291038154,0.22516681455190735
Tanzania,TZA,2019-01-01,28.56,1.99,1,27.775,5.223000000000001,10,10,0.7850000000000001,-61.899291594868856,0.44032979130767763
Tanzania,TZA,2019-02-01,28.67,2.57,2,28.037,2.635,10,10,0.6330000000000027,-2.46679316888047,0.1178339658444028
Tanzania,TZA,2019-03-01,28.83,2.88,3,28.168,5.555,10,10,0.661999999999999,-48.15481548154816,0.351107410741074
Tanzania,TZA,2019-04-01,28.18,7.32,4,27.39,10.114,10,10,0.7900000000000027,-27.62507415463714,0.2697920374398528
Tanzania,TZA,2019-05-01,26.6,10.38,5,26.191000000000003,6.2490000000000006,10,10,0.4089999999999989,66.10657705232838,0.39869955192830836
Tanzania,TZA,2019-06-01,25.44,0.09,6,25.246,1.101,10,10,0.193999999999999,-91.82561307901906,0.4914613987284285
Tanzania,TZA,2019-07-01,25.42,0.16,7,24.9,0.575,10,10,0.5200000000000031,-72.17391304347825,0.44753623188405844
Tanzania,TZA,2019-08-01,25.67,0.37,8,25.218,0.428,10,10,0.4520000000000017,-13.55140186915889,0.14309034267912807
Tanzania,TZA,2019-09-01,26.12,1.58,9,25.861,0.6479999999999999,10,10,0.2590000000000003,143.8271604938272,0.5431666666666667
Tanzania,TZA,2019-10-01,26.57,9.77,10,26.816000000000003,2.822,10,10,-0.2460000000000022,246.20836286321756,0.5410000000000004
Tanzania,TZA,2019-11-01,27.16,7.47,11,27.517000000000003,5.379,10,10,-0.3570000000000028,38.87339654210821,0.25386698271054153
Tanzania,TZA,2019-12-01,27.65,9.91,12,28.016,4.508,10,10,-0.3660000000000032,119.83141082519964,0.5610000000000005
Tanzania,TZA,2020-01-01,27.66,6.81,1,27.775,5.223000000000001,10,10,-0.1149999999999984,30.384836300976424,0.17109084817154852
Tanzania,TZA,2020-02-01,28.09,2.87,2,28.037,2.635,10,10,0.0530000000000008,8.918406072106256,0.05342536369386475
Tanzania,TZA,2020-03-01,28.0,8.82,3,28.168,5.555,10,10,-0.1679999999999992,58.77587758775879,0.32187938793879384
Tanzania,TZA,2020-04-01,27.52,13.77,4,27.39,10.114,10,10,0.1300000000000025,36.14791378287521,0.20240623558104312
Tanzania,TZA,2020-05-01,25.84,8.5,5,26.191000000000003,6.2490000000000006,10,10,-0.3510000000000026,36.021763482157134,0.2386088174107861
Tanzania,TZA,2020-06-01,24.86,0.89,6,25.246,1.101,10,10,-0.3860000000000028,-19.16439600363306,0.16015531335149907
Tanzania,TZA,2020-07-01,24.27,1.01,7,24.9,0.575,10,10,-0.629999999999999,75.6521739130435,0.4832608695652173
Tanzania,TZA,2020-08-01,24.79,0.37,8,25.218,0.428,10,10,-0.4280000000000008,-13.55140186915889,0.1390903426791279
Tanzania,TZA,2020-09-01,25.66,0.32,9,25.861,0.6479999999999999,10,10,-0.2010000000000005,-50.61728395061728,0.28658641975308646
Tanzania,TZA,2020-10-01,26.84,4.65,10,26.816000000000003,2.822,10,10,0.0239999999999973,64.77675407512403,0.3278837703756197
Tanzania,TZA,2020-11-01,27.14,6.14,11,27.517000000000003,5.379,10,10,-0.3770000000000024,14.14761108012642,0.13357138873396585
Tanzania,TZA,2020-12-01,27.89,2.24,12,28.016,4.508,10,10,-0.1260000000000012,-50.31055900621118,0.27255279503105606
Tanzania,TZA,2021-01-01,27.79,4.17,1,27.775,5.223000000000001,10,10,0.0150000000000005,-20.16082711085584,0.1033041355542793
Tanzania,TZA,2021-02-01,27.74,4.5,2,28.037,2.635,10,10,-0.2970000000000006,70.77798861480075,0.40338994307400383
Tanzania,TZA,2021-03-01,27.73,6.21,3,28.168,5.555,10,10,-0.4379999999999988,11.791179117911796,0.13195589558955878
Tanzania,TZA,2021-04-01,26.71,6.16,4,27.39,10.114,10,10,-0.6799999999999962,-39.09432469843781,0.3088049568255217
Tanzania,TZA,2021-05-01,25.47,5.44,5,26.191000000000003,6.2490000000000006,10,10,-0.7210000000000036,-12.946071371419428,0.18489702352376441
Tanzania,TZA,2021-06-01,24.64,1.73,6,25.246,1.101,10,10,-0.6060000000000016,57.129881925522255,0.3866494096276115
Tanzania,TZA,2021-07-01,24.6,0.52,7,24.9,0.575,10,10,-0.2999999999999971,-9.56521739130434,0.09782608695652123
Tanzania,TZA,2021-08-01,25.04,0.21,8,25.218,0.428,10,10,-0.1780000000000008,-50.934579439252346,0.2843395638629285
Tanzania,TZA,2021-09-01,25.88,0.3,9,25.861,0.6479999999999999,10,10,0.0189999999999983,-53.703703703703695,0.27168518518518486
Tanzania,TZA,2021-10-01,26.8,0.37,10,26.816000000000003,2.822,10,10,-0.0160000000000017,-86.88873139617293,0.43711032364753155
Tanzania,TZA,2021-11-01,28.1,2.13,11,27.517000000000003,5.379,10,10,0.5829999999999984,-60.40156162855549,0.39917447480944385
Tanzania,TZA,2021-12-01,27.67,5.45,12,28.016,4.508,10,10,-0.3460000000000001,20.896184560780835,0.16214758947057084
Tanzania,TZA,2022-01-01,27.68,4.9,1,27.775,5.223000000000001,10,10,-0.0949999999999988,-6.184185334099183,0.046754260003829054
Tanzania,TZA,2022-02-01,27.31,4.24,2,28.037,2.635,10,10,-0.7270000000000003,60.910815939278926,0.42572074636306134
Tanzania,TZA,2022-03-01,27.96,5.1,3,28.168,5.555,10,10,-0.2079999999999984,-8.190819081908192,0.07562076207620735
Tanzania,TZA,2022-04-01,27.43,6.62,4,27.39,10.114,10,10,0.0400000000000027,-34.54617362072375,0.17939753477028586
Tanzania,TZA,2022-05-01,26.36,2.62,5,26.191000000000003,6.2490000000000006,10,10,0.1689999999999969,-58.07329172667627,0.3185331253000475
Tanzania,TZA,2022-06-01,25.54,0.63,6,25.246,1.101,10,10,0.2939999999999969,-42.77929155313351,0.26289645776566706
Tanzania,TZA,2022-07-01,24.52,1.85,7,24.9,0.575,10,10,-0.379999999999999,221.73913043478265,0.5633333333333331
Tanzania,TZA,2022-08-01,24.53,0.26,8,25.218,0.428,10,10,-0.6879999999999988,-39.252336448598136,0.31092834890965715
Tanzania,TZA,2022-09-01,25.29,0.71,9,25.861,0.6479999999999999,10,10,-0.5710000000000015,9.56790123456791,0.14300617283950645
Tanzania,TZA,2022-10-01,25.95,0.16,10,26.816000000000003,2.822,10,10,-0.8660000000000032,-94.33026222537208,0.6159846444601943
Tanzania,TZA,2022-11-01,27.38,2.52,11,27.517000000000003,5.379,10,10,-0.137000000000004,-53.15114333519241,0.288589050009296
Tanzania,TZA,2022-12-01,28.04,2.93,12,28.016,4.508,10,10,0.0239999999999973,-35.004436557231585,0.17902218278615747
Tanzania,TZA,2023-01-01,27.53,3.83,1,27.775,5.223000000000001,10,10,-0.2449999999999974,-26.670495883591816,0.17418581275129197
Tanzania,TZA,2023-02-01,27.93,2.76,2,28.037,2.635,10,10,-0.1069999999999993,4.743833017077781,0.04155249841872213
Tanzania,TZA,2023-03-01,27.99,3.53,3,28.168,5.555,10,10,-0.1780000000000008,-36.45364536453645,0.21193489348934902
Tanzania,TZA,2023-04-01,27.32,8.0,4,27.39,10.114,10,10,-0.0699999999999967,-20.901720387581577,0.116175268604574
Tanzania,TZA,2023-05-01,26.56,3.64,5,26.191000000000003,6.2490000000000006,10,10,0.3689999999999962,-41.75068010881741,0.2702534005440864
Tanzania,TZA,2023-06-01,25.78,1.82,6,25.246,1.101,10,10,0.5339999999999989,65.30426884650319,0.41552134423251574
Tanzania,TZA,2023-07-01,25.45,0.53,7,24.9,0.575,10,10,0.5500000000000007,-7.826086956521728,0.13079710144927542
Tanzania,TZA,2023-08-01,25.75,0.57,8,25.218,0.428,10,10,0.532,33.17757009345792,0.25455451713395627
Tanzania,TZA,2023-09-01,26.47,0.74,9,25.861,0.6479999999999999,10,10,0.6089999999999982,14.197530864197546,0.17248765432098745
Tanzania,TZA,2023-10-01,27.57,2.52,10,26.816000000000003,2.822,10,10,0.7539999999999978,-10.701630049610207,0.17917481691471732
Tanzania,TZA,2023-11-01,27.16,13.67,11,27.517000000000003,5.379,10,10,-0.3570000000000028,154.13645659044434,0.5595000000000004
Tanzania,TZA,2023-12-01,28.0,5.48,12,28.016,4.508,10,10,-0.0160000000000017,21.56166814551909,0.1104750073942624
Tanzania,TZA,2024-01-01,27.78,13.82,1,27.775,5.223000000000001,10,10,0.0050000000000025,164.59888952709167,0.5008333333333338
Tanzania,TZA,2024-02-01,28.34,1.64,2,28.037,2.635,10,10,0.3030000000000008,-37.76091081593928,0.23930455407969656
Tanzania,TZA,2024-03-01,28.34,8.08,3,28.168,5.555,10,10,0.1720000000000006,45.45454545454547,0.25593939393939413
Tanzania,TZA,2024-04-01,27.23,11.74,4,27.39,10.114,10,10,-0.1599999999999966,16.07672533122404,0.1070502933227863
Tanzania,TZA,2024-05-01,26.39,2.49,5,26.191000000000003,6.2490000000000006,10,10,0.198999999999998,-60.15362457993278,0.33393478956633027
Tanzania,TZA,2024-06-01,25.26,2.23,6,25.246,1.101,10,10,0.0139999999999993,102.54314259763852,0.5023333333333332
Tanzania,TZA,2024-07-01,25.12,0.19,7,24.9,0.575,10,10,0.2200000000000024,-66.95652173913044,0.37144927536231925
Tanzania,TZA,2024-08-01,25.6,0.55,8,25.218,0.428,10,10,0.3820000000000014,28.504672897196254,0.20619003115264817
Tanzania,TZA,2024-09-01,26.24,0.23,9,25.861,0.6479999999999999,10,10,0.3789999999999978,-64.50617283950618,0.3856975308641972
Tanzania,TZA,2024-10-01,27.32,3.89,10,26.816000000000003,2.822,10,10,0.5039999999999978,37.84549964564139,0.2732274982282066
Tanzania,TZA,2024-11-01,28.06,5.76,11,27.517000000000003,5.379,10,10,0.5429999999999957,7.083100948131628,0.12591550474065744
Tanzania,TZA,2024-12-01,27.99,6.88,12,28.016,4.508,10,10,-0.0260000000000033,52.61756876663709,0.26742117716651936
Tanzania,TZA,2025-01-01,28.43,2.48,1,27.775,5.223000000000001,10,10,0.6550000000000011,-52.51771012827877,0.3717552173080607
Tanzania,TZA,2025-02-01,28.87,0.48,2,28.037,2.635,10,10,0.833000000000002,-81.78368121442125,0.54775173940544
Tanzania,TZA,2025-03-01,28.58,4.59,3,28.168,5.555,10,10,0.411999999999999,-17.37173717371737,0.15552535253525335
Tanzania,TZA,2025-04-01,27.67,8.16,4,27.39,10.114,10,10,0.2800000000000047,-19.319754795333203,0.14326544064333346
Tanzania,TZA,2025-05-01,26.55,6.79,5,26.191000000000003,6.2490000000000006,10,10,0.3589999999999982,8.657385181629051,0.1031202592414783
Tanzania,TZA,2025-06-01,25.48,2.4,6,25.246,1.101,10,10,0.2339999999999982,117.98365122615805,0.5389999999999997
Tanzania,TZA,2025-07-01,25.03,0.29,7,24.9,0.575,10,10,0.1300000000000025,-49.56521739130434,0.2694927536231888
Tanzania,TZA,2025-08-01,25.07,0.39,8,25.218,0.428,10,10,-0.1479999999999997,-8.878504672897202,0.06905919003115263
Tanzania,TZA,2025-09-01,25.9,0.29,9,25.861,0.6479999999999999,10,10,0.0389999999999979,-55.24691358024691,0.28273456790123425
Tanzania,TZA,2025-10-01,26.99,1.48,10,26.816000000000003,2.822,10,10,0.1739999999999959,-47.55492558469171,0.26677462792345785
Tanzania,TZA,2025-11-01,27.76,3.18,11,27.517000000000003,5.379,10,10,0.2429999999999985,-40.88120468488566,0.24490602342442805
Tanzania,TZA,2025-12-01,28.22,6.48,12,28.016,4.508,10,10,0.203999999999997,43.74445430346052,0.2527222715173021
Tanzania,TZA,2026-01-01,27.69,0.49,1,27.775,5.223000000000001,10,10,-0.0849999999999973,-90.61841853340992,0.46725875933371586
Tanzania,TZA,2026-02-01,28.12,4.62,2,28.037,2.635,10,10,0.0830000000000019,75.33206831119543,0.3904936748893108
Tanzania,TZA,2026-03-01,27.46,7.26,3,28.168,5.555,10,10,-0.7079999999999984,30.6930693069307,0.2714653465346532
Tanzania,TZA,2026-04-01,27.46,11.23,4,27.39,10.114,10,10,0.0700000000000038,11.034210005932367,0.06683771669632914
Tanzania,TZA,2026-05-01,26.71,3.24,5,26.191000000000003,6.2490000000000006,10,10,0.5189999999999984,-48.15170427268363,0.3272585213634179
Tanzania,TZA,2026-06-01,25.59,1.16,6,25.246,1.101,10,10,0.3439999999999976,5.358764759309713,0.0841271571298815
Tanzania,TZA,2026-07-01,25.04,2.17,7,24.9,0.575,10,10,0.1400000000000005,277.39130434782606,0.5233333333333334
Tanzania,TZA,2026-08-01,25.48,0.24,8,25.218,0.428,10,10,0.2620000000000004,-43.92523364485982,0.26329283489096583
Tanzania,TZA,2026-09-01,,,9,25.861,0.6479999999999999,10,10,,,
Tanzania,TZA,2026-10-01,,,10,26.816000000000003,2.822,10,10,,,
Uganda,UGA,2015-01-01,22.29,0.25,1,23.096,1.943,10,10,-0.8060000000000009,-87.13329902213073,0.5699998284439871
Uganda,UGA,2015-02-01,24.49,1.89,2,24.075,2.401,10,10,0.4149999999999991,-21.282798833819257,0.1755806608357628
Uganda,UGA,2015-03-01,24.63,4.86,3,23.484,5.283,10,10,1.1459999999999972,-8.006814310051093,0.231034071550255
Uganda,UGA,2015-04-01,21.48,6.51,4,22.081,6.639,10,10,-0.6009999999999991,-1.943063714414828,0.10988198523874065
Uganda,UGA,2015-05-01,21.37,9.6,5,21.613,4.91,10,10,-0.2429999999999985,95.51934826883908,0.5180967413441951
Uganda,UGA,2015-06-01,21.72,1.86,6,21.332,2.322,10,10,0.3879999999999981,-19.896640826873384,0.16414987080103327
Uganda,UGA,2015-07-01,21.92,1.03,7,21.428,1.291,10,10,0.4920000000000009,-20.21688613477924,0.18308443067389635
Uganda,UGA,2015-08-01,22.69,1.47,8,22.346,2.135,10,10,0.3440000000000012,-31.147540983606564,0.21307103825136636
Uganda,UGA,2015-09-01,23.2,2.14,9,22.51,4.434,10,10,0.6900000000000013,-51.73658096526837,0.37368290482634203
Uganda,UGA,2015-10-01,22.19,9.89,10,22.059,6.291,10,10,0.1310000000000002,57.20871085677952,0.307876887617231
Uganda,UGA,2015-11-01,21.28,13.91,11,21.746,7.362999999999999,10,10,-0.4660000000000011,88.91756077685727,0.5222544705509532
Uganda,UGA,2015-12-01,21.28,6.94,12,22.448,3.91,10,10,-1.1679999999999993,77.49360613810742,0.5821346973572037
Uganda,UGA,2016-01-01,22.27,2.03,1,23.096,1.943,10,10,-0.8260000000000005,4.477611940298494,0.1600547263681592
Uganda,UGA,2016-02-01,23.85,1.1,2,24.075,2.401,10,10,-0.2249999999999978,-54.18575593502707,0.308428779675135
Uganda,UGA,2016-03-01,24.16,3.7,3,23.484,5.283,10,10,0.6759999999999984,-29.96403558584137,0.26248684459587324
Uganda,UGA,2016-04-01,22.15,8.26,4,22.081,6.639,10,10,0.068999999999999,24.416327760204844,0.13358163880102406
Uganda,UGA,2016-05-01,21.55,5.98,5,21.613,4.91,10,10,-0.0629999999999988,21.792260692464364,0.11946130346232162
Uganda,UGA,2016-06-01,21.09,1.62,6,21.332,2.322,10,10,-0.2420000000000008,-30.23255813953488,0.19149612403100788
Uganda,UGA,2016-07-01,21.22,0.91,7,21.428,1.291,10,10,-0.2080000000000019,-29.512006196746704,0.1822266976504005
Uganda,UGA,2016-08-01,22.13,1.71,8,22.346,2.135,10,10,-0.216000000000001,-19.90632318501172,0.13553161592505875
Uganda,UGA,2016-09-01,22.46,3.33,9,22.51,4.434,10,10,-0.0499999999999971,-24.89851150202977,0.1328258908434817
Uganda,UGA,2016-10-01,22.03,4.87,10,22.059,6.291,10,10,-0.0289999999999999,-22.587823875377527,0.11777245271022095
Uganda,UGA,2016-11-01,21.92,3.75,11,21.746,7.362999999999999,10,10,0.1739999999999995,-49.06967268776314,0.27434836343881563
Uganda,UGA,2016-12-01,23.4,2.47,12,22.448,3.91,10,10,0.9519999999999982,-36.82864450127877,0.3428098891730602
Uganda,UGA,2017-01-01,24.88,1.53,1,23.096,1.943,10,10,1.783999999999999,-21.25579001544004,0.40361228341053335
Uganda,UGA,2017-02-01,24.09,4.54,2,24.075,2.401,10,10,0.0150000000000005,89.08788004997916,0.44793940024989587
Uganda,UGA,2017-03-01,22.93,3.72,3,23.484,5.283,10,10,-0.554000000000002,-29.585462805224296,0.24026064735945513
Uganda,UGA,2017-04-01,22.53,6.36,4,22.081,6.639,10,10,0.4490000000000016,-4.202440126525078,0.09584553396595899
Uganda,UGA,2017-05-01,21.5,7.03,5,21.613,4.91,10,10,-0.1129999999999995,43.17718940936864,0.23471928038017645
Uganda,UGA,2017-06-01,21.86,2.08,6,21.332,2.322,10,10,0.5279999999999987,-10.422049956933677,0.14011024978466818
Uganda,UGA,2017-07-01,21.77,1.43,7,21.428,1.291,10,10,0.3419999999999987,10.766847405112316,0.11083423702556136
Uganda,UGA,2017-08-01,22.27,2.23,8,22.346,2.135,10,10,-0.0760000000000005,4.449648711943781,0.034914910226385654
Uganda,UGA,2017-09-01,22.25,4.31,9,22.51,4.434,10,10,-0.259999999999998,-2.796571944068573,0.057316193053675864
Uganda,UGA,2017-10-01,22.56,4.23,10,22.059,6.291,10,10,0.5009999999999977,-32.761087267525035,0.2473054363376248
Uganda,UGA,2017-11-01,22.03,5.44,11,21.746,7.362999999999999,10,10,0.2839999999999989,-26.11707184571505,0.1779186925619084
Uganda,UGA,2017-12-01,24.22,0.78,12,22.448,3.91,10,10,1.7719999999999985,-80.05115089514065,0.6955890878090363
Uganda,UGA,2018-01-01,24.01,1.1,1,23.096,1.943,10,10,0.9140000000000016,-43.38651569737519,0.3692659118202095
Uganda,UGA,2018-02-01,25.39,1.88,2,24.075,2.401,10,10,1.3150000000000013,-21.699291961682647,0.3276631264750801
Uganda,UGA,2018-03-01,22.07,5.95,3,23.484,5.283,10,10,-1.4140000000000017,12.625402233579418,0.298793677834564
Uganda,UGA,2018-04-01,21.12,8.53,4,22.081,6.639,10,10,-0.9609999999999984,28.4832053020033,0.3025826931766829
Uganda,UGA,2018-05-01,21.0,3.72,5,21.613,4.91,10,10,-0.6129999999999995,-24.236252545824847,0.22334792939579082
Uganda,UGA,2018-06-01,20.86,1.56,6,21.332,2.322,10,10,-0.4720000000000013,-32.81653746770026,0.24274935400516817
Uganda,UGA,2018-07-01,21.09,0.84,7,21.428,1.291,10,10,-0.3380000000000009,-34.93415956622773,0.23100413116447213
Uganda,UGA,2018-08-01,21.96,2.44,8,22.346,2.135,10,10,-0.3859999999999992,14.28571428571427,0.13576190476190456
Uganda,UGA,2018-09-01,22.71,6.33,9,22.51,4.434,10,10,0.2000000000000028,42.760487144790254,0.24713576905728507
Uganda,UGA,2018-10-01,21.66,3.56,10,22.059,6.291,10,10,-0.3990000000000009,-43.41122238117946,0.28355611190589747
Uganda,UGA,2018-11-01,21.67,6.37,11,21.746,7.362999999999999,10,10,-0.0760000000000005,-13.486350672280317,0.08009842002806833
Uganda,UGA,2018-12-01,22.4,4.24,12,22.448,3.91,10,10,-0.0480000000000018,8.43989769820972,0.050199488491048896
Uganda,UGA,2019-01-01,23.63,2.09,1,23.096,1.943,10,10,0.5339999999999989,7.565620174987123,0.12682810087493543
Uganda,UGA,2019-02-01,24.93,2.56,2,24.075,2.401,10,10,0.8550000000000004,6.622240733027897,0.17561120366513955
Uganda,UGA,2019-03-01,25.0,2.19,3,23.484,5.283,10,10,1.5159999999999982,-58.54628052243044,0.5453980692788185
Uganda,UGA,2019-04-01,23.01,6.51,4,22.081,6.639,10,10,0.929000000000002,-1.943063714414828,0.16454865190540782
Uganda,UGA,2019-05-01,21.65,5.53,5,21.613,4.91,10,10,0.036999999999999,12.627291242362526,0.06930312287847913
Uganda,UGA,2019-06-01,21.34,3.37,6,21.332,2.322,10,10,0.0079999999999991,45.13350559862187,0.22700086132644257
Uganda,UGA,2019-07-01,21.52,2.56,7,21.428,1.291,10,10,0.0919999999999987,98.295894655306,0.5068128066098632
Uganda,UGA,2019-08-01,22.3,3.29,8,22.346,2.135,10,10,-0.0459999999999993,54.098360655737686,0.278158469945355
Uganda,UGA,2019-09-01,22.34,4.23,9,22.51,4.434,10,10,-0.1699999999999981,-4.600811907983756,0.0513373928732518
Uganda,UGA,2019-10-01,21.02,13.13,10,22.059,6.291,10,10,-1.0390000000000017,108.7108567795263,0.6731666666666669
Uganda,UGA,2019-11-01,21.23,5.23,11,21.746,7.362999999999999,10,10,-0.5160000000000018,-28.969170175200315,0.23084585087600187
Uganda,UGA,2019-12-01,21.32,5.78,12,22.448,3.91,10,10,-1.128,47.82608695652174,0.4271304347826087
Uganda,UGA,2020-01-01,22.27,2.92,1,23.096,1.943,10,10,-0.8260000000000005,50.28306742151312,0.3890820037742323
Uganda,UGA,2020-02-01,23.16,4.5,2,24.075,2.401,10,10,-0.9149999999999991,87.4219075385256,0.5896095376926278
Uganda,UGA,2020-03-01,22.42,9.14,3,23.484,5.283,10,10,-1.064,73.00776074200269,0.5423721370433467
Uganda,UGA,2020-04-01,22.01,5.65,4,22.081,6.639,10,10,-0.0709999999999979,-14.89682181051363,0.08631744238590114
Uganda,UGA,2020-05-01,21.16,5.33,5,21.613,4.91,10,10,-0.4529999999999994,8.553971486761709,0.11826985743380844
Uganda,UGA,2020-06-01,20.55,2.28,6,21.332,2.322,10,10,-0.782,-1.808785529715773,0.1393772609819122
Uganda,UGA,2020-07-01,20.06,1.19,7,21.428,1.291,10,10,-1.368000000000002,-7.823392718822617,0.2671169635941134
Uganda,UGA,2020-08-01,21.46,2.37,8,22.346,2.135,10,10,-0.8859999999999992,11.007025761124115,0.20270179547228712
Uganda,UGA,2020-09-01,21.96,3.71,9,22.51,4.434,10,10,-0.5499999999999972,-16.32837167343257,0.17330852503382904
Uganda,UGA,2020-10-01,21.38,4.49,10,22.059,6.291,10,10,-0.679000000000002,-28.62819901446511,0.25630766173899255
Uganda,UGA,2020-11-01,21.71,8.84,11,21.746,7.362999999999999,10,10,-0.0360000000000013,20.05975825071303,0.10629879125356537
Uganda,UGA,2020-12-01,22.15,4.44,12,22.448,3.91,10,10,-0.2980000000000018,13.55498721227622,0.11744160272804807
Uganda,UGA,2021-01-01,22.21,4.51,1,23.096,1.943,10,10,-0.8859999999999992,132.1152856407617,0.6476666666666665
Uganda,UGA,2021-02-01,22.72,1.65,2,24.075,2.401,10,10,-1.3550000000000004,-31.27863390254062,0.38222650284603654
Uganda,UGA,2021-03-01,23.17,2.65,3,23.484,5.283,10,10,-0.314,-49.83910656823774,0.301528866174522
Uganda,UGA,2021-04-01,21.58,6.53,4,22.081,6.639,10,10,-0.5010000000000012,-1.6418135261334534,0.09170906763066747
Uganda,UGA,2021-05-01,21.39,2.75,5,21.613,4.91,10,10,-0.2229999999999989,-43.9918533604888,0.25712593346911045
Uganda,UGA,2021-06-01,21.09,0.63,6,21.332,2.322,10,10,-0.2420000000000008,-72.86821705426357,0.40467441860465125
Uganda,UGA,2021-07-01,21.31,0.27,7,21.428,1.291,10,10,-0.1180000000000021,-79.08597986057319,0.4150965659695329
Uganda,UGA,2021-08-01,22.82,0.75,8,22.346,2.135,10,10,0.4740000000000002,-64.87119437939111,0.4033559718969556
Uganda,UGA,2021-09-01,22.22,2.98,9,22.51,4.434,10,10,-0.2899999999999991,-32.792061344158775,0.21229364005412704
Uganda,UGA,2021-10-01,23.02,3.41,10,22.059,6.291,10,10,0.9609999999999984,-45.79558098871404,0.38914457161023663
Uganda,UGA,2021-11-01,22.23,7.35,11,21.746,7.362999999999999,10,10,0.4839999999999982,-0.1765584680157531,0.08154945900674514
Uganda,UGA,2021-12-01,22.76,2.95,12,22.448,3.91,10,10,0.3120000000000011,-24.552429667519178,0.17476214833759607
Uganda,UGA,2022-01-01,23.41,1.51,1,23.096,1.943,10,10,0.314,-22.285126093669582,0.16375896380168126
Uganda,UGA,2022-02-01,23.31,1.61,2,24.075,2.401,10,10,-0.7650000000000006,-32.94460641399417,0.2922230320699709
Uganda,UGA,2022-03-01,24.01,7.45,3,23.484,5.283,10,10,0.5259999999999998,41.01836077985995,0.2927584705659664
Uganda,UGA,2022-04-01,22.73,4.51,4,22.081,6.639,10,10,0.6490000000000009,-32.06808254255159,0.2685070793794248
Uganda,UGA,2022-05-01,21.63,4.16,5,21.613,4.91,10,10,0.0169999999999994,-15.274949083503053,0.0792080787508485
Uganda,UGA,2022-06-01,21.26,2.07,6,21.332,2.322,10,10,-0.0719999999999991,-10.852713178294584,0.06626356589147278
Uganda,UGA,2022-07-01,21.53,1.28,7,21.428,1.291,10,10,0.1020000000000003,-0.85205267234701,0.0212602633617351
Uganda,UGA,2022-08-01,21.78,3.42,8,22.346,2.135,10,10,-0.565999999999999,60.18735362997656,0.39527010148321595
Uganda,UGA,2022-09-01,22.18,3.7,9,22.51,4.434,10,10,-0.3299999999999983,-16.553901668921966,0.13776950834460955
Uganda,UGA,2022-10-01,21.98,5.81,10,22.059,6.291,10,10,-0.0790000000000006,-7.645843268160876,0.051395883007471145
Uganda,UGA,2022-11-01,21.73,6.77,11,21.746,7.362999999999999,10,10,-0.0160000000000017,-8.053782425641723,0.04293557879487556
Uganda,UGA,2022-12-01,21.81,4.9,12,22.448,3.91,10,10,-0.6380000000000017,25.31969309462916,0.2329317988064794
Uganda,UGA,2023-01-01,23.25,0.87,1,23.096,1.943,10,10,0.1539999999999999,-55.22388059701492,0.30178606965174126
Uganda,UGA,2023-02-01,25.05,1.36,2,24.075,2.401,10,10,0.9750000000000014,-43.35693461057893,0.3792846730528949
Uganda,UGA,2023-03-01,22.58,8.38,3,23.484,5.283,10,10,-0.9040000000000036,58.62199507855388,0.4437766420594367
Uganda,UGA,2023-04-01,21.72,7.63,4,22.081,6.639,10,10,-0.3610000000000006,14.926946829341764,0.13480140081337558
Uganda,UGA,2023-05-01,22.15,2.69,5,21.613,4.91,10,10,0.536999999999999,-45.21384928716905,0.3155692464358451
Uganda,UGA,2023-06-01,21.8,5.51,6,21.332,2.322,10,10,0.4679999999999999,137.29543496985357,0.578
Uganda,UGA,2023-07-01,21.68,0.84,7,21.428,1.291,10,10,0.2519999999999989,-34.93415956622773,0.21667079783113846
Uganda,UGA,2023-08-01,23.17,1.63,8,22.346,2.135,10,10,0.8240000000000016,-23.65339578454334,0.2556003122560503
Uganda,UGA,2023-09-01,22.62,8.72,9,22.51,4.434,10,10,0.1100000000000029,96.66215606675688,0.5016441136671183
Uganda,UGA,2023-10-01,22.38,7.8,10,22.059,6.291,10,10,0.3209999999999979,23.9866475917978,0.17343323795898866
Uganda,UGA,2023-11-01,21.93,10.02,11,21.746,7.362999999999999,10,10,0.1839999999999975,36.0858345782969,0.21109583955815076
Uganda,UGA,2023-12-01,22.45,3.51,12,22.448,3.91,10,10,0.0019999999999988,-10.230179028133,0.051484228473998125
Uganda,UGA,2024-01-01,22.74,2.62,1,23.096,1.943,10,10,-0.3560000000000016,34.84302624807,0.23354846457368358
Uganda,UGA,2024-02-01,23.76,2.92,2,24.075,2.401,10,10,-0.3149999999999977,21.61599333610994,0.16057996668054933
Uganda,UGA,2024-03-01,23.87,4.79,3,23.484,5.283,10,10,0.3859999999999992,-9.331819042210856,0.11099242854438748
Uganda,UGA,2024-04-01,22.48,5.9,4,22.081,6.639,10,10,0.3990000000000009,-11.131194456996534,0.12215597228498282
Uganda,UGA,2024-05-01,22.73,2.31,5,21.613,4.91,10,10,1.1170000000000009,-52.95315682281058,0.4509324507807197
Uganda,UGA,2024-06-01,21.75,2.24,6,21.332,2.322,10,10,0.4179999999999992,-3.531438415159339,0.08732385874246322
Uganda,UGA,2024-07-01,22.18,2.56,7,21.428,1.291,10,10,0.7519999999999989,98.295894655306,0.6168128066098632
Uganda,UGA,2024-08-01,22.88,2.04,8,22.346,2.135,10,10,0.5339999999999989,-4.449648711943802,0.11124824355971882
Uganda,UGA,2024-09-01,23.16,4.89,9,22.51,4.434,10,10,0.6500000000000021,10.284167794316632,0.15975417230491684
Uganda,UGA,2024-10-01,22.37,5.72,10,22.059,6.291,10,10,0.3109999999999999,-9.076458432681616,0.0972156254967414
Uganda,UGA,2024-11-01,21.73,5.95,11,21.746,7.362999999999999,10,10,-0.0160000000000017,-19.19054733125084,0.09861940332292116
Uganda,UGA,2024-12-01,22.69,3.09,12,22.448,3.91,10,10,0.2420000000000008,-20.97186700767264,0.14519266837169667
Uganda,UGA,2025-01-01,23.62,1.97,1,23.096,1.943,10,10,0.5240000000000009,1.3896037056098771,0.09428135186138287
Uganda,UGA,2025-02-01,24.83,4.66,2,24.075,2.401,10,10,0.754999999999999,94.08579758433984,0.5962623212550324
Uganda,UGA,2025-03-01,23.84,6.59,3,23.484,5.283,10,10,0.3559999999999981,24.73973121332577,0.18303198939996185
Uganda,UGA,2025-04-01,22.59,3.85,4,22.081,6.639,10,10,0.5090000000000003,-42.00933875583672,0.294880027112517
Uganda,UGA,2025-05-01,21.59,5.33,5,21.613,4.91,10,10,-0.0229999999999996,8.553971486761709,0.04660319076714181
Uganda,UGA,2025-06-01,21.78,2.34,6,21.332,2.322,10,10,0.4480000000000004,0.7751937984496036,0.07854263565891474
Uganda,UGA,2025-07-01,22.06,1.73,7,21.428,1.291,10,10,0.6319999999999979,34.004647560031,0.275356571133488
Uganda,UGA,2025-08-01,22.13,2.61,8,22.346,2.135,10,10,-0.216000000000001,22.24824355971895,0.14724121779859492
Uganda,UGA,2025-09-01,23.76,2.05,9,22.51,4.434,10,10,1.2500000000000036,-53.76635092467299,0.4771650879566989
Uganda,UGA,2025-10-01,22.63,4.34,10,22.059,6.291,10,10,0.570999999999998,-31.012557621999687,0.25022945477666475
Uganda,UGA,2025-11-01,22.7,4.95,11,21.746,7.362999999999999,10,10,0.9539999999999972,-32.77196794784734,0.3228598397392362
Uganda,UGA,2025-12-01,23.51,2.03,12,22.448,3.91,10,10,1.0620000000000012,-48.08184143222507,0.4174092071611255
Uganda,UGA,2026-01-01,24.69,1.97,1,23.096,1.943,10,10,1.5940000000000012,1.3896037056098771,0.27261468519471627
Uganda,UGA,2026-02-01,23.39,4.82,2,24.075,2.401,10,10,-0.6849999999999987,100.74968763015409,0.6141666666666664
Uganda,UGA,2026-03-01,22.94,5.62,3,23.484,5.283,10,10,-0.5440000000000005,6.378951353397704,0.12256142343365525
Uganda,UGA,2026-04-01,23.04,5.24,4,22.081,6.639,10,10,0.9589999999999996,-21.07245067028167,0.26519558668474164
Uganda,UGA,2026-05-01,22.62,4.96,5,21.613,4.91,10,10,1.0070000000000014,1.0183299389002,0.17292498302783457
Uganda,UGA,2026-06-01,23.02,1.53,6,21.332,2.322,10,10,1.6879999999999988,-34.10852713178294,0.45187596899224786
Uganda,UGA,2026-07-01,23.43,2.2,7,21.428,1.291,10,10,2.001999999999999,70.41053446940359,0.6857193390136844
Uganda,UGA,2026-08-01,24.12,1.26,8,22.346,2.135,10,10,1.774000000000001,-40.98360655737706,0.5005846994535521
Uganda,UGA,2026-09-01,,,9,22.51,4.434,10,10,,,
Uganda,UGA,2026-10-01,,,10,22.059,6.291,10,10,,,
